//Maya ASCII 2023 scene
//Name: Computer.ma.01
//Last modified: Sun, Mar 16, 2025 06:49:41 PM
//Codeset: 1252
requires maya "2023";
currentUnit -l centimeter -a degree -t film;
fileInfo "application" "maya";
fileInfo "product" "Maya 2023";
fileInfo "version" "2023";
fileInfo "cutIdentifier" "202202161415-df43006fd3";
fileInfo "osv" "Windows 11 Home v2009 (Build: 26100)";
fileInfo "UUID" "069A08DF-4162-2B5F-3732-D4B49174EF2E";
createNode transform -s -n "persp";
	rename -uid "DE8F6C7F-4259-36E9-0561-BB9CBD6E6BE4";
	setAttr ".v" no;
	setAttr ".t" -type "double3" 0.3669720912502612 92.352112429444745 262.41540111223276 ;
	setAttr ".r" -type "double3" -21.338352729602256 -358.19999999995071 -4.9720701062416606e-17 ;
	setAttr ".rp" -type "double3" 9.0949470177292824e-13 -3.979039320256561e-13 0 ;
	setAttr ".rpt" -type "double3" -1.3133737829834818e-13 1.5259258583833992e-13 5.6551010161547974e-13 ;
createNode camera -s -n "perspShape" -p "persp";
	rename -uid "DFE17F45-4DAC-B4C4-665F-B9922FB00BA2";
	setAttr -k off ".v" no;
	setAttr ".fl" 34.999999999999993;
	setAttr ".coi" 252.25253741156797;
	setAttr ".imn" -type "string" "persp";
	setAttr ".den" -type "string" "persp_depth";
	setAttr ".man" -type "string" "persp_mask";
	setAttr ".tp" -type "double3" 18.75 4.4460152382712126 81.071744133076521 ;
	setAttr ".hc" -type "string" "viewSet -p %camera";
createNode transform -s -n "top";
	rename -uid "F363F0C8-4B79-896F-8C0B-BEA98E105F53";
	setAttr ".v" no;
	setAttr ".t" -type "double3" 0 1000.1 0 ;
	setAttr ".r" -type "double3" -90 0 0 ;
createNode camera -s -n "topShape" -p "top";
	rename -uid "A493618E-4ECA-495E-1B01-7F8F6FF04E39";
	setAttr -k off ".v" no;
	setAttr ".rnd" no;
	setAttr ".coi" 1000.1;
	setAttr ".ow" 30;
	setAttr ".imn" -type "string" "top";
	setAttr ".den" -type "string" "top_depth";
	setAttr ".man" -type "string" "top_mask";
	setAttr ".hc" -type "string" "viewSet -t %camera";
	setAttr ".o" yes;
createNode transform -s -n "front";
	rename -uid "A1906A19-47D5-362D-FE77-6BB60A798EAA";
	setAttr ".v" no;
	setAttr ".t" -type "double3" 0 0 1000.1 ;
createNode camera -s -n "frontShape" -p "front";
	rename -uid "AE5348F4-4A42-0E78-A7F9-8793092C95B0";
	setAttr -k off ".v" no;
	setAttr ".rnd" no;
	setAttr ".coi" 1000.1;
	setAttr ".ow" 32.047005307050789;
	setAttr ".imn" -type "string" "front";
	setAttr ".den" -type "string" "front_depth";
	setAttr ".man" -type "string" "front_mask";
	setAttr ".hc" -type "string" "viewSet -f %camera";
	setAttr ".o" yes;
createNode transform -s -n "side";
	rename -uid "AB3C7180-454B-A38F-7F5B-AF85B8DCFD24";
	setAttr ".v" no;
	setAttr ".t" -type "double3" 1000.1 0 0 ;
	setAttr ".r" -type "double3" 0 90 0 ;
createNode camera -s -n "sideShape" -p "side";
	rename -uid "4EDECFDF-43DB-ADC8-1B2D-1AB989D266E6";
	setAttr -k off ".v" no;
	setAttr ".rnd" no;
	setAttr ".coi" 1000.1;
	setAttr ".ow" 30;
	setAttr ".imn" -type "string" "side";
	setAttr ".den" -type "string" "side_depth";
	setAttr ".man" -type "string" "side_mask";
	setAttr ".hc" -type "string" "viewSet -s %camera";
	setAttr ".o" yes;
createNode transform -n "pCube1";
	rename -uid "E4A3EF89-4C6E-A613-1A20-E693F61280CE";
	setAttr ".t" -type "double3" 0 29.002912930368655 9.7895216134524148 ;
	setAttr ".s" -type "double3" 60 30 60 ;
	setAttr ".rp" -type "double3" 0 -23.809207916259748 0 ;
	setAttr ".sp" -type "double3" 0 -0.79364026387532538 0 ;
	setAttr ".spt" -type "double3" 0 -23.015567652384366 0 ;
createNode mesh -n "pCubeShape1" -p "pCube1";
	rename -uid "F76EDAA1-4FBE-69DE-D8B7-A4BDE25AA708";
	setAttr -k off ".v";
	setAttr ".vir" yes;
	setAttr ".vif" yes;
	setAttr ".pv" -type "double2" 0.49770118296146393 0.42283809930086136 ;
	setAttr ".uvst[0].uvsn" -type "string" "map1";
	setAttr ".cuvs" -type "string" "map1";
	setAttr ".dcc" -type "string" "Ambient+Diffuse";
	setAttr ".covm[0]"  0 1 1;
	setAttr ".cdvm[0]"  0 1 1;
	setAttr -s 4 ".pt[312:315]" -type "float3"  0 0 -0.0031654763 0 0 -0.0031654763 
		0 0 -0.0031654763 0 0 -0.0031654763;
	setAttr ".dr" 1;
createNode mesh -n "polySurfaceShape1" -p "pCube1";
	rename -uid "EC884E92-47C7-61C8-9625-1EBFC315358D";
	setAttr -k off ".v";
	setAttr ".io" yes;
	setAttr ".vir" yes;
	setAttr ".vif" yes;
	setAttr -s 6 ".gtag";
	setAttr ".gtag[0].gtagnm" -type "string" "back";
	setAttr ".gtag[0].gtagcmp" -type "componentList" 0;
	setAttr ".gtag[1].gtagnm" -type "string" "bottom";
	setAttr ".gtag[1].gtagcmp" -type "componentList" 12 "f[6:7]" "f[13]" "f[17]" "f[29:30]" "f[33:34]" "f[63:64]" "f[72:73]" "f[86]" "f[95:96]" "f[108:109]" "f[143:144]" "f[148:149]";
	setAttr ".gtag[2].gtagnm" -type "string" "front";
	setAttr ".gtag[2].gtagcmp" -type "componentList" 0;
	setAttr ".gtag[3].gtagnm" -type "string" "left";
	setAttr ".gtag[3].gtagcmp" -type "componentList" 25 "f[0:1]" "f[8:11]" "f[15:16]" "f[19:20]" "f[22]" "f[27:28]" "f[39:42]" "f[46:49]" "f[51:57]" "f[60:62]" "f[65:68]" "f[71]" "f[80:85]" "f[89:94]" "f[97]" "f[99]" "f[101:107]" "f[110]" "f[113]" "f[117]" "f[120]" "f[124:142]" "f[145:147]" "f[150:182]" "f[224:290]";
	setAttr ".gtag[4].gtagnm" -type "string" "right";
	setAttr ".gtag[4].gtagcmp" -type "componentList" 14 "f[4:5]" "f[14]" "f[18]" "f[23:24]" "f[31:32]" "f[37:38]" "f[69:70]" "f[74:75]" "f[78:79]" "f[87]" "f[111:112]" "f[114:115]" "f[119]" "f[121:123]";
	setAttr ".gtag[5].gtagnm" -type "string" "top";
	setAttr ".gtag[5].gtagcmp" -type "componentList" 14 "f[2:3]" "f[12]" "f[21]" "f[25:26]" "f[35:36]" "f[43:45]" "f[50]" "f[58:59]" "f[76:77]" "f[88]" "f[98]" "f[100]" "f[116]" "f[118]";
	setAttr ".pv" -type "double2" 0.49770118296146393 0.42283809930086136 ;
	setAttr ".uvst[0].uvsn" -type "string" "map1";
	setAttr -s 359 ".uvst[0].uvsp";
	setAttr ".uvst[0].uvsp[0:249]" -type "float2" 0.2854352 0.25 0.38985869 0.25
		 0.6101445 0.3395648 0.3898555 0.9104352 0.61057591 1 0.71682155 0.02308166 0.62500006
		 0.2237369 0.375 0.028592706 0.2854352 0.22736259 0.6101445 0.9104352 0.375 0.89906728
		 0.71137601 0.22695588 0.6101445 0.25 0.38942415 1 0.625 0.028592706 0.37499997 0.22373126
		 0.22624457 0 0.27985996 0.25 0.3898555 0.3395648 0.375 0.39875543 0.2854352 0.22860612
		 0.2854352 0.023633808 0.2854352 0 0.2854352 0.02139388 0.375 0.33899099 0.37591651
		 0.34368002 0.2854352 0 0.28149483 -0.00029873737 0.38339853 0.250597 0.375 0.25 0.37372094
		 0.23878154 0.61656922 0.2505812 0.625 0.25 0.62617135 0.23810314 0.61661476 0.33912855
		 0.7145648 0.25 0.625 0.3395648 0.7126407 0.23962623 0.375 0.33929467 0.2854352 0.23992908
		 0.375 0.3395648 0.2854352 0.25 0.38368252 0.33963346 0.61727989 0.99865252 0.625
		 0 0.625 1 0.62628782 0.013333931 0.71533805 0.010282173 0.625 0.9104352 0.7145648
		 0 0.6166389 0.91002488 0.38280258 0.99869627 0.375 0 0.375 1 0.37383202 0.013570712
		 0.2854352 0 0.38362405 0.9104352 0.2854352 0 0.375 0.9104352 0.28619084 0.010998631
		 0.625 0.85124457 0.77375543 0.25 0.2854352 0.25 0.2854352 0.25 0.2854352 0.23937117
		 0.2854352 0.010070898 0.2854352 0 0.2854352 0 0.125 0.013334381 0.125 0.23644093
		 0.12506935 0.022950392 0.61612707 0.75519651 0.61061883 0.85210496 0.625 0.7550419
		 0.61686182 0.85176289 0.87003976 0.012244752 0.77375543 0 0.87006938 0.025995981
		 0.773727 0.012227247 0.61702621 0.39844495 0.60932165 0.49455318 0.625 0.39875543
		 0.6161328 0.49466985 0.7735973 0.23711106 0.86983997 0.25 0.77375543 0.22351177 0.86993629
		 0.23772188 0.13001888 0.013740981 0.22624463 0.025973437 0.130042 0 0.22626933 0.012238882
		 0.13030331 -0.0013842671 0.22624457 0 0.13032275 0 0.22676413 -6.4841397e-06 0.12993048
		 0.025995972 0.22624457 0.22351177 0.13006723 0 0.22710495 0 0.60933477 0.75532275
		 0.375 0.85124457 0.77375537 0.025973389 0.86998647 0.22397859 0.61050361 0.39875543
		 0.375 0.49481386 0.22624457 0.25 0.13044679 0.25 0.12504014 0.23482516 0.12508574
		 0.2372261 0.125 0.012904778 0.12500854 0.22957315 0.22624457 0.25 0.13043807 0.25128382
		 0.22655916 0.24999706 0.13016002 0.25 0.22637324 0.23713963 0.1300137 0.22397859
		 0.22624457 0.25 0.13015543 0.23695306 0.86995798 0 0.625 0.49483991 0.12508577 0.017108962
		 0.12508716 0.014067201 0.1250391 0.012926552 0.12507381 0.23798908 0.1250021 0.23715943
		 0.375 0.75506723 0.13018616 0.25 0.375 0.75391477 0.1289148 0 0.12701687 0 0.375
		 0.7520169 0.12500598 0.010282734 0.13227747 0.01455496 0.125 0.0072774799 0.37926123
		 0.75 0.13352245 0.012783674 0.37812439 0.75369245 0.12875944 0.25 0.37915096 0.49490577
		 0.38356131 0.49571934 0.12642874 0.25 0.385932 0.49505588 0.125 0.24278837 0.36778837
		 0.48557675 0.12500641 0.23961699 0.12666507 0.24621332 0.12918353 0.24918401 0.60926414
		 0.75 0.59352809 0.70279217 0.60916865 0.75316149 0.60925448 0.5 0.84350884 0.26574558
		 0.60915613 0.496775 0.12747857 0.0050723897 0.1291903 0.0017482163 0.12867016 0.24874435
		 0.12561896 0.24660796 0.12669852 0.02375751 0.12831827 0.02473609 0.1258494 0.22690727
		 0.12668213 0.22409236 0.875 0.025997147 0.65099716 0.69800568 0.87253058 0.025839547
		 0.87248868 0.22415882 0.8490029 0.30199426 0.87500006 0.22400288 0.61564368 0.75322974
		 0.60717505 0.72326255 0.61608756 0.75 0.87220335 0 0.625 0.75279659 0.625 0.75 0.875
		 0 0.625 0.75 0.87241185 0.011504724 0.63724566 0.72550869 0.875 0.012245653 0.61608332
		 0.5 0.85716653 0.25891674 0.61558187 0.49674067 0.875 0.25 0.875 0.25 0.625 0.5 0.8721385
		 0.25 0.625 0.49713847 0.875 0.23775397 0.86275399 0.27449208 0.87234932 0.23832206
		 0.12860604 0.014293327 0.1269978 0.015665742 0.1289143 0.0044260635 0.1273427 0.0091789756
		 0.12925757 0.0017563823 0.12762594 0.0062836232 0.12672018 0.23554619 0.12840921
		 0.23666973 0.12657782 0.24251692 0.12722693 0.24895798 0.12661476 0.24536882 0.12875871
		 0.24905016 0.37599805 0.75334299 0.12610897 0 0.375 0.751109 0.375 0.75 0.125 0 0.125
		 0 0.12845987 0.24948795 0.125 0.25 0.375 0.5 0.12600315 0.24676074 0.2854352 0.010070898
		 0.2854352 0 0.2854352 0 0.2854352 0 0.28149483 -0.00029873737 0.2854352 0.023633808
		 0.2854352 0.22860612 0.27985996 0.25 0.2854352 0.25 0.2854352 0.25 0.2854352 0.25
		 0.2854352 0.23937117 0.2854352 0.22736259 0.2854352 0.02139388 0.37372094 0.23878154
		 0.37499997 0.22373126 0.375 0.028592706 0.37383202 0.013570712 0.375 1 0.38280258
		 0.99869627 0.38942415 1 0.61057591 1 0.61727989 0.99865252 0.625 0 0.62628782 0.013333931
		 0.625 0.028592706 0.62500006 0.2237369 0.62617135 0.23810314 0.625 0.25 0.61656922
		 0.2505812 0.6101445 0.25 0.38985869 0.25 0.38339853 0.250597 0.375 0.25 0.37372094
		 0.23878154 0.37499997 0.22373126 0.375 0.028592706 0.37383202 0.013570712;
	setAttr ".uvst[0].uvsp[250:358]" 0.375 1 0.38280258 0.99869627 0.38942415 1
		 0.61057591 1 0.61727989 0.99865252 0.625 0 0.62628782 0.013333931 0.625 0.028592706
		 0.62500006 0.2237369 0.62617135 0.23810314 0.625 0.25 0.61656922 0.2505812 0.6101445
		 0.25 0.38985869 0.25 0.38339853 0.250597 0.375 0.25 0.2854352 0.010070898 0.2854352
		 0 0.2854352 0 0.2854352 0 0.28149483 -0.00029873737 0.2854352 0.023633808 0.2854352
		 0.22860612 0.27985996 0.25 0.2854352 0.25 0.2854352 0.25 0.2854352 0.25 0.2854352
		 0.23937117 0.2854352 0.22736259 0.2854352 0.02139388 0.62866968 0.72349334 0.62237155
		 0.73582995 0.61481076 0.73838413 0.60545725 0.72522581 0.8437742 0.27984211 0.84399629
		 0.28540951 0.84076834 0.29588556 0.83321244 0.31171182 0.63679194 0.70627928 0.15004286
		 0.044343844 0.37295932 0.49027258 0.83767736 0.28113985 0.15004288 0.044343863 0.37295929
		 0.49027252 0.62089288 0.72581488 0.62131703 0.72640115 0.62165445 0.72629654 0.62195617
		 0.72573066 0.62241471 0.72481823 0.8392185 0.29288894 0.83996737 0.29126871 0.84025836
		 0.29030928 0.84024602 0.28978261 0.83966565 0.2898353 0.6228444 0.72344613 0.83916569
		 0.29172412 0.62514645 0.71296376 0.82797861 0.30362406 0.83345556 0.30361423 0.62741613
		 0.71429038 0.61529011 0.71669453 0.15575485 0.052598495 0.15660717 0.057475273 0.36703706
		 0.47842556 0.37922704 0.48759496 0.83422875 0.29321447 0.6216203 0.7258426 0.62805033
		 0.71302634 0.61590517 0.71758336 0.6216203 0.7258426 0.83988571 0.29079777 0.83362037
		 0.29347441 0.83408993 0.30234987 0.83988571 0.29079777 0.15004286 0.044343844 0.15636955
		 0.053486846 0.15595956 0.056179792 0.15004286 0.044343844 0.37295932 0.49027258 0.36638916
		 0.47712946 0.37861791 0.48785517 0.37295932 0.49027258 0.6225155 0.7172327 0.61944747
		 0.72139752 0.16207665 0.064537764 0.16058835 0.062842034 0.16179593 0.065631852 0.36938572
		 0.48082414 0.82951224 0.30422768 0.37194359 0.48570374 0.82833678 0.30761215 0.37513539
		 0.49126503 0.62810212 0.71292311 0.83340377 0.30371749 0.83355963 0.29350033 0.37928778
		 0.487569 0.61522871 0.71660584 0.1564309 0.053575501 0.15666009 0.057581142 0.36633623
		 0.47702357 0.6216203 0.7258426 0.83988571 0.29079777 0.15004286 0.044343844 0.37295932
		 0.49027258 0.37457362 0.23750426 0.37921175 0.60817194 0.62082875 0.40811586 0.62057704
		 0.24248424 0.38662863 0.2502985;
	setAttr ".cuvs" -type "string" "map1";
	setAttr ".dcc" -type "string" "Ambient+Diffuse";
	setAttr ".covm[0]"  0 1 1;
	setAttr ".cdvm[0]"  0 1 1;
	setAttr -s 5 ".pt";
	setAttr ".pt[308]" -type "float3" 0.00020585951 4.7732701e-06 1.963223e-07 ;
	setAttr ".pt[309]" -type "float3" -0.00020585951 0 -1.963223e-07 ;
	setAttr ".pt[310]" -type "float3" 0.0002084138 0 -1.963223e-07 ;
	setAttr ".pt[311]" -type "float3" -0.0002084138 -4.7732701e-06 1.963223e-07 ;
	setAttr -s 312 ".vt";
	setAttr ".vt[0:165]"  -0.63735175 -0.96030694 -0.18169035 -0.63735175 0.37302673 -0.19681324
		 -0.51399302 0.65991509 0.49999979 -0.54052877 0.64935935 0.49999979 -0.5630241 0.61929643 0.49999982
		 -0.57805526 0.57430518 0.49999982 -0.58333349 0.52123404 0.5 0.51400787 0.65991509 0.49999979
		 0.5405376 0.64936137 0.49999979 0.56302887 0.61930537 0.49999982 0.57805687 0.5743233 0.49999982
		 0.58333349 0.52126384 0.5 0.51400787 0.65991509 0.17989606 0.5405376 0.64936137 0.18086685
		 0.56302887 0.61930537 0.18363114 0.57805687 0.5743233 0.18776834 0.58333349 0.52126384 0.19264854
		 -0.58333349 0.65991509 0.17989606 -0.58333349 0.52126384 0.18194689 -0.57805687 0.5743233 0.18116201
		 -0.56302887 0.61930537 0.18049683 -0.5405376 0.64936137 0.18005216 -0.51400787 0.65991509 0.17989606
		 0.51602107 -0.65991491 0.5000003 0.54178029 -0.64842451 0.5000003 0.56361824 -0.61570263 0.5000003
		 0.57820964 -0.56673086 0.5000003 0.58333349 -0.50896478 0.5000003 0.58333349 -0.82165551 0.18728508
		 0.57805687 -0.87471515 0.19362801 0.56302887 -0.91969687 0.19900548 0.5405376 -0.94975275 0.2025985
		 0.51400787 -0.96030694 0.20386021 -0.51602107 -0.65991491 0.5000003 -0.54178029 -0.64842451 0.5000003
		 -0.56361824 -0.61570263 0.5000003 -0.57820964 -0.56673086 0.5000003 -0.58333349 -0.50896478 0.5000003
		 -0.58333349 -0.96030694 0.20386021 -0.51400787 -0.96030694 0.20386021 -0.5405376 -0.9486478 0.2036878
		 -0.56302887 -0.91544545 0.20319667 -0.57805687 -0.86575454 0.20246185 -0.58333349 -0.80714023 0.20159477
		 0.51400757 -0.96030694 -0.17608608 0.54054701 -0.94976729 -0.17835106 0.5630365 -0.91974932 -0.18050951
		 0.57805884 -0.87481248 -0.18223369 0.58333349 -0.82178217 -0.18326153 0.58333349 0.23175609 -0.19521107
		 0.57795668 0.28581798 -0.1958241 0.56264472 0.33164954 -0.19634403 0.53972888 0.3622731 -0.19669139
		 0.5126977 0.37302673 -0.19681324 -0.88957846 -0.82178211 -0.18326153 -0.88430458 -0.87481242 -0.18223369
		 -0.86928129 -0.91974926 -0.18050951 -0.84679192 -0.94976723 -0.17835106 -0.8202529 -0.96030688 -0.17608608
		 -0.84678322 0.64874744 0.18006124 -0.86927366 0.61694455 0.18053164 -0.88430166 0.56934834 0.18123567
		 -0.88957846 0.51320541 0.1820661 -0.8202529 0.65991509 0.17989606 -0.88957846 0.23175609 -0.19521107
		 -0.88420165 0.28581798 -0.1958241 -0.86889029 0.33164954 -0.19634403 -0.8459745 0.3622731 -0.19669139
		 -0.81894267 0.37302673 -0.19681324 -0.88430166 -0.87471509 0.20259441 -0.86927366 -0.91969681 0.2032596
		 -0.84678322 -0.94975269 0.20370424 -0.8202529 -0.96030688 0.20386021 -0.88957846 -0.82165545 0.20180954
		 -0.65269077 -0.95546353 -0.81783628 -0.66228729 -0.92884821 -0.83029127 -0.66249257 -0.88919836 -0.84116805
		 -0.64559036 -0.88879615 -0.84116805 -0.62868744 -0.88839388 -0.84116805 -0.61178464 -0.88799179 -0.84116805
		 -0.61208421 -0.92806315 -0.83046013 -0.62180972 -0.9551059 -0.8180272 -0.63735187 -0.96030694 -0.80816221
		 -0.62200308 0.3680644 -0.8180263 -0.61243051 0.3414619 -0.83046776 -0.61221117 0.30191875 -0.84116805
		 -0.62911385 0.30151641 -0.84116805 -0.6460166 0.30111384 -0.84116805 -0.66291952 0.30071175 -0.84116805
		 -0.6626327 0.34089029 -0.83028275 -0.65288329 0.36794555 -0.81783539 -0.63735187 0.37302673 -0.80816221
		 0.40237021 -0.89038777 -0.84116805 0.40482688 -0.92543089 -0.83654076 0.40813041 -0.95097482 -0.82387412
		 0.411412 -0.96030694 -0.80649734 0.40238312 0.30421543 -0.84116805 0.40482688 0.3387059 -0.83654171
		 0.40815046 0.36384296 -0.82387787 0.41148117 0.37302673 -0.80650294 -0.70866829 -0.89147508 -0.84116805
		 -0.71109825 -0.92597365 -0.83654076 -0.71438271 -0.95111972 -0.82387406 -0.71765679 -0.96030688 -0.80649734
		 -0.71772629 0.37302673 -0.80650294 -0.71439606 0.36384296 -0.82387787 -0.71107173 0.3387059 -0.83654171
		 -0.70862824 0.30421543 -0.84116805 -0.74981552 -0.81518364 -0.84116805 -0.76708466 -0.81849527 -0.83703184
		 -0.7806173 -0.82082301 -0.82552099 -0.78747892 -0.82166165 -0.80912924 -0.74975067 0.22851932 -0.84116805
		 -0.76706946 0.23149955 -0.83704066 -0.78065372 0.23355746 -0.82555252 -0.7875669 0.23424602 -0.80917984
		 0.44347262 -0.81579745 -0.84116805 0.46079186 -0.81879514 -0.83703184 0.47436023 -0.82090235 -0.82552099
		 0.48123387 -0.82166171 -0.80912834 0.48132205 0.23424602 -0.80918074 0.47441459 0.23347628 -0.82555175
		 0.46084675 0.23119521 -0.83704066 0.44355178 0.22789645 -0.84116805 0.4381583 -0.94975352 -0.80732208
		 0.43367082 -0.94141084 -0.82440048 0.42697126 -0.91845369 -0.83669907 0.41972092 -0.88657403 -0.84116805
		 0.46079376 -0.91969949 -0.80826813 0.45500067 -0.913486 -0.82499266 0.4445689 -0.8962853 -0.83687556
		 0.4319123 -0.87208015 -0.84116805 0.47592095 -0.87471992 -0.80889463 0.4692677 -0.8714819 -0.82538277
		 0.45634869 -0.86248338 -0.83699089 0.44001365 -0.84971064 -0.84116805 0.41971049 0.29933846 -0.84116805
		 0.42696843 0.33119917 -0.83670294 0.43370178 0.35413313 -0.82441282 0.43824318 0.36246228 -0.80734307
		 0.43193126 0.28483677 -0.84116805 0.44458798 0.30902421 -0.83688217 0.45504501 0.32619369 -0.82501465
		 0.46088722 0.33237779 -0.80830437 0.44014335 0.26183474 -0.84116805 0.45642641 0.27490377 -0.83699852
		 0.46933055 0.28408408 -0.82540947 0.47601581 0.28735423 -0.80894148 -0.78216606 -0.87471986 -0.80889565
		 -0.77547604 -0.87136155 -0.82538277 -0.7624526 -0.86202621 -0.83698988 -0.74597508 -0.84878051 -0.84116805
		 -0.76703888 -0.91969943 -0.80826813 -0.76117659 -0.91334623 -0.82499456 -0.75054985 -0.89575094 -0.83687544
		 -0.73762375 -0.87099904 -0.84116805 -0.74440336 -0.9497534 -0.80732208 -0.73986578 -0.94116592 -0.82440144
		 -0.73302704 -0.91752768 -0.83669907 -0.72558457 -0.88471043 -0.84116805 -0.74584252 0.26207864 -0.84116805
		 -0.76240492 0.27502334 -0.83699852 -0.77550572 0.28411663 -0.82541227 -0.78226072 0.28735423 -0.80894047
		 -0.73762947 0.28372931 -0.84116805 -0.7505632 0.30847681 -0.83688122;
	setAttr ".vt[166:311]" -0.76121956 0.32605052 -0.82501656 -0.76713234 0.33237779 -0.80830437
		 -0.72556657 0.29743671 -0.84116805 -0.73302031 0.33025432 -0.83670288 -0.7398954 0.35388327 -0.82441473
		 -0.7444883 0.36246228 -0.80734307 -0.63726896 -0.95220083 -0.82269531 -0.64846665 -0.9239502 -0.83220917
		 -0.63040406 -0.92399412 -0.83213186 -0.63755774 0.36490905 -0.82269621 -0.6307025 0.33677566 -0.83211851
		 -0.64879954 0.33619964 -0.83219397 -0.83321893 -0.84764701 0.20219406 -0.8372007 -0.83572835 0.20201769
		 -0.82726723 -0.85560036 0.20231165 -0.81532627 -0.86035061 0.20238179 -0.63333374 -0.86035061 0.20238194
		 -0.63333374 -0.80714023 0.20159492 -0.63333374 0.52126384 0.1819469 -0.63333374 0.55995882 0.18137449
		 -0.81504589 0.55995882 0.18137448 -0.82635641 0.55519783 0.181445 -0.83229309 0.54680347 0.18156905
		 -0.83692497 0.53213394 0.18178619 -0.83957899 0.50389612 0.1822039 -0.83957899 -0.81181538 0.20166411
		 -0.53333348 0.5113858 0.5 -0.53095627 0.53528714 0.49999982 -0.53333348 -0.50016344 0.5000003
		 -0.53057605 -0.5312531 0.5000003 -0.52572703 -0.54752678 0.5000003 -0.52040416 -0.55550277 0.5000003
		 -0.51051307 -0.55991489 0.5000003 0.51051307 -0.55991489 0.5000003 0.52040416 -0.55550277 0.5000003
		 0.52572703 -0.54752678 0.5000003 0.53057605 -0.5312531 0.5000003 0.53333348 -0.50016344 0.5000003
		 0.53333348 0.51141632 0.5 0.53095758 0.53530598 0.49999982 0.52698088 0.54720938 0.5
		 0.52102888 0.55516326 0.49999982 0.50908351 0.55991507 0.49999982 -0.50906885 0.55991507 0.49999982
		 -0.5210197 0.55516124 0.49999982 -0.52697593 0.54720175 0.5 -0.51666683 0.50810206 0.48333335
		 -0.51525664 0.52228117 0.48333335 -0.51666683 -0.49722981 0.48333383 -0.51469797 -0.51942718 0.48333383
		 -0.51309669 -0.52480149 0.48333383 -0.51327872 -0.52452886 0.48333383 -0.50867683 -0.52658153 0.48333383
		 0.50867683 -0.52658153 0.48333383 0.51327872 -0.52452886 0.48333383 0.51309669 -0.52480149 0.48333383
		 0.51469797 -0.51942718 0.48333383 0.51666683 -0.49722981 0.48333383 0.51666683 0.50813353 0.48333335
		 0.51525784 0.52230036 0.48333335 0.51496488 0.5231775 0.48333335 0.51452613 0.52376449 0.48333335
		 0.50744224 0.52658176 0.48333335 -0.50742751 0.52658176 0.48333335 -0.51451665 0.52376246 0.48333335
		 -0.51496005 0.52316964 0.48333335 -0.82120055 -0.82461596 0.18517937 -0.8215003 -0.82371843 0.18516618
		 -0.82076216 -0.82520181 0.18518814 -0.81368411 -0.82801747 0.18522966 -0.65000033 -0.82801747 0.18522966
		 -0.65000033 -0.80812585 0.18493545 -0.65000033 0.52027833 0.1652876 -0.65000033 0.52565455 0.165208
		 -0.81331027 0.52565455 0.16520798 -0.81954783 0.52302897 0.16524684 -0.8199659 0.52243745 0.16525547
		 -0.82113224 0.51874399 0.16531026 -0.82291198 0.49980819 0.16559041 -0.82291198 -0.80952096 0.18495621
		 0.37452996 -0.56721795 -0.84116805 0.37782708 -0.5533098 -0.84116805 0.38126457 -0.58569384 -0.84116805
		 0.38078997 -0.58616304 -0.84116805 0.38028505 -0.58657187 -0.84116805 0.37969279 -0.58694363 -0.84116805
		 0.37893176 -0.58726358 -0.84116805 0.36656967 -0.57297885 -0.84116805 0.37452996 0.16197777 -0.84116805
		 0.36656964 0.16773835 -0.84116805 0.38027424 0.1813395 -0.84116805 0.38170791 0.17993256 -0.84116805
		 0.38273215 0.1783547 -0.84116805 0.38359517 0.17644826 -0.84116805 0.38439891 0.17375386 -0.84116805
		 0.37782699 0.14806968 -0.84116805 -0.54777896 -0.56722158 -0.84116805 -0.53981966 -0.57297885 -0.84116805
		 -0.55367047 -0.58646625 -0.84116805 -0.5510807 -0.5533185 -0.84116805 -0.54813355 0.16197345 -0.84116805
		 -0.55142581 0.1480601 -0.84116805 -0.55628765 0.17845109 -0.84116805 -0.54017389 0.16773835 -0.84116805
		 0.37782708 -0.57297885 -0.84116805 0.37782705 0.16773838 -0.84116805 0.32153824 -0.51113337 -0.91971624
		 0.32774943 -0.51410818 -0.9181388 0.33236772 -0.51707387 -0.91378349 0.33236781 0.11183399 -0.91378331
		 0.32776672 0.10876942 -0.91813916 0.32160258 0.10552126 -0.91971624 0.31629047 0.11354589 -0.91971624
		 0.31832799 0.12536573 -0.91773736 0.32185766 0.13209867 -0.91258955 -0.49546161 0.1320985 -0.91259009
		 -0.49187434 0.12540197 -0.91774201 -0.48969373 0.11365044 -0.91971624 0.3218576 -0.53733861 -0.91258961
		 0.31827042 -0.53064179 -0.91774189 0.31609035 -0.51888978 -0.91971624 -0.48957992 -0.51878488 -0.91971624
		 -0.49161622 -0.53060555 -0.91773713 -0.49514353 -0.53733909 -0.91258866 -0.50565815 -0.51708353 -0.91378164
		 -0.50105888 -0.5140152 -0.91813886 -0.49489594 -0.51075828 -0.91971624 -0.49513558 0.10589612 -0.91971624
		 -0.50134784 0.10886204 -0.91813874 -0.5059666 0.11182445 -0.91378331 0.31968606 -0.51554167 -0.91971624
		 0.32487276 -0.52550477 -0.91806358 0.32922053 -0.53110158 -0.91354388 0.3203333 0.11110902 -0.91971624
		 0.32504538 0.1204775 -0.91806167 0.32921958 0.12586075 -0.91354525 -0.49362385 -0.51634872 -0.91971624
		 -0.49833357 -0.52572024 -0.9180612 -0.5025056 -0.5311054 -0.91354376 -0.49328637 0.11030251 -0.91971624
		 -0.49847561 0.12026221 -0.91806364 -0.50282413 0.12585753 -0.91354412 -0.4387438 0.40823886 0.45374089
		 -0.43833208 -0.40646282 0.45374128 0.43833208 -0.40646282 0.45374128 0.43874893 0.40824839 0.45374089;
	setAttr -s 621 ".ed";
	setAttr ".ed[0:165]"  0 38 1 17 63 0 18 43 0 17 1 1 22 17 0 38 72 0 39 38 0
		 43 38 1 62 73 0 6 5 0 5 19 1 19 18 0 18 6 1 5 4 0 4 20 1 20 19 0 4 3 0 3 21 1 21 20 0
		 3 2 0 2 22 1 22 21 0 8 7 0 9 8 0 10 9 0 11 10 0 13 12 0 12 7 1 14 13 0 15 14 0 11 16 1
		 16 15 0 53 12 1 16 49 1 27 26 0 26 29 1 29 28 0 28 27 1 26 25 0 25 30 1 30 29 0 25 24 0
		 24 31 1 31 30 0 24 23 0 23 32 1 32 31 0 48 28 1 32 44 1 34 33 0 35 34 0 36 35 0 37 36 0
		 40 39 0 39 33 1 41 40 0 42 41 0 37 43 1 43 42 0 45 44 1 46 45 1 47 46 1 48 47 1 53 52 1
		 52 51 1 51 50 1 50 49 1 55 54 1 56 55 1 57 56 1 58 57 1 69 73 0 73 54 1 70 69 0 71 70 0
		 58 72 1 72 71 0 62 61 0 61 65 1 65 64 1 64 62 1 61 60 0 60 66 1 66 65 1 60 59 0 59 67 1
		 67 66 1 59 63 0 63 68 1 68 67 1 2 7 0 12 22 0 39 32 0 23 33 0 28 16 0 11 27 0 37 6 0
		 64 54 1 0 44 1 48 49 1 58 0 1 1 53 1 68 1 1 18 17 1 10 15 1 9 14 1 8 13 1 36 42 1
		 35 41 1 34 40 1 29 47 1 30 46 1 31 45 1 13 52 1 14 51 1 15 50 1 57 71 1 56 70 1 55 69 1
		 19 17 1 17 21 1 20 17 0 40 38 1 38 42 1 41 38 0 76 75 1 75 101 1 101 100 1 100 76 1
		 75 74 1 74 102 0 102 101 1 74 82 1 82 103 1 103 102 1 79 78 1 78 86 1 86 85 1 85 79 1
		 78 77 1 77 87 1 87 86 1 77 76 1 76 88 1 88 87 1 82 81 1 95 82 1 81 80 1 80 79 1 79 92 0
		 85 84 1 84 97 1 97 96 1 96 85 0 84 83 1 83 98 0 98 97 1 83 91 1 91 99 1 99 98 1 91 90 1
		 90 105 0 105 104 1 104 91 1 90 89 1 89 106 1;
	setAttr ".ed[166:331]" 106 105 1 89 88 1 88 107 1 107 106 1 95 94 1 94 125 1
		 125 124 1 124 95 1 94 93 1 93 126 1 126 125 1 93 92 1 92 127 0 127 126 1 137 136 1
		 136 96 0 138 137 1 99 139 1 139 138 1 159 100 1 103 156 1 171 104 1 107 168 1 113 112 1
		 112 108 1 114 113 1 111 115 1 115 114 1 111 110 1 110 149 1 149 148 1 148 111 1 110 109 1
		 109 150 1 150 149 1 109 108 1 108 151 1 151 150 1 161 160 1 160 112 1 162 161 1 115 163 1
		 163 162 1 135 116 0 119 132 1 119 118 1 118 121 1 121 120 1 120 119 1 118 117 1 117 122 1
		 122 121 1 117 116 1 116 123 0 123 122 1 147 120 1 123 144 0 129 128 1 128 124 1 130 129 1
		 127 131 0 131 130 1 133 132 1 132 128 1 134 133 1 131 135 0 135 134 1 141 140 1 140 136 0
		 142 141 1 139 143 1 143 142 1 145 144 1 144 140 0 146 145 1 143 147 1 147 146 1 153 152 1
		 152 148 1 154 153 1 151 155 1 155 154 1 157 156 1 156 152 1 158 157 1 155 159 1 159 158 1
		 165 164 1 164 160 1 166 165 1 163 167 1 167 166 1 169 168 1 168 164 1 170 169 1 167 171 1
		 171 170 1 124 45 1 44 95 1 128 46 1 132 47 1 119 48 1 52 139 1 99 53 1 51 143 1 50 147 1
		 49 120 1 148 55 1 54 111 1 152 56 1 156 57 1 103 58 1 64 115 1 82 0 1 91 1 1 104 68 1
		 171 67 1 167 66 1 65 163 1 81 94 0 80 93 1 98 138 1 97 137 1 110 114 1 109 113 1
		 114 162 1 113 161 1 126 130 1 125 129 1 130 134 1 129 133 1 117 134 1 118 133 1 138 142 1
		 137 141 1 142 146 1 141 145 1 121 146 1 122 145 1 150 154 1 149 153 1 154 158 1 153 157 1
		 101 158 1 102 157 1 162 166 1 161 165 1 166 170 1 165 169 1 105 170 1 106 169 1 74 172 0
		 172 81 0 75 173 1 173 172 1 77 173 1 78 174 1 174 173 1 80 174 1 172 174 1 83 175 0
		 175 90 0 84 176 1 176 175 1 86 176 1 87 177 1;
	setAttr ".ed[332:497]" 177 176 1 89 177 1 175 177 1 140 258 1 136 257 1 144 259 1
		 123 260 1 116 248 1 135 249 1 131 250 1 127 251 1 92 252 1 79 264 1 85 268 1 96 256 1
		 70 178 1 69 179 1 178 179 0 71 180 1 180 178 0 72 181 1 181 180 0 38 182 1 182 181 0
		 43 183 1 183 182 0 18 184 1 184 183 0 17 185 1 184 185 0 63 186 1 185 186 0 59 187 1
		 187 186 0 60 188 1 188 187 0 61 189 1 189 188 0 62 190 1 190 189 0 73 191 1 190 191 0
		 179 191 0 6 192 1 5 193 1 192 193 0 37 194 1 194 192 0 36 195 1 194 195 0 35 196 1
		 195 196 0 34 197 1 196 197 0 33 198 1 197 198 0 23 199 1 199 198 0 24 200 1 200 199 0
		 25 201 1 201 200 0 26 202 1 202 201 0 27 203 1 203 202 0 11 204 1 204 203 0 10 205 1
		 204 205 0 9 206 1 205 206 0 8 207 1 206 207 0 7 208 1 207 208 0 2 209 1 209 208 0
		 3 210 1 210 209 0 4 211 1 211 210 0 193 211 0 192 212 1 193 213 1 212 213 0 194 214 1
		 214 212 0 195 215 1 214 215 0 196 216 1 215 216 0 197 217 1 216 217 0 198 218 1 217 218 0
		 199 219 1 219 218 0 200 220 1 220 219 0 201 221 1 221 220 0 202 222 1 222 221 0 203 223 1
		 223 222 0 204 224 1 224 223 0 205 225 1 224 225 0 206 226 1 225 226 0 207 227 1 226 227 0
		 208 228 1 227 228 0 209 229 1 229 228 0 210 230 1 230 229 0 211 231 1 231 230 0 213 231 0
		 178 232 1 179 233 1 232 233 0 180 234 1 234 232 0 181 235 1 235 234 0 182 236 0 236 235 0
		 183 237 1 237 236 0 184 238 1 238 237 0 185 239 0 238 239 0 186 240 1 239 240 0 187 241 1
		 241 240 0 188 242 1 242 241 0 189 243 1 243 242 0 190 244 1 244 243 0 191 245 1 244 245 0
		 233 245 0 247 261 0 248 247 1 249 248 1 250 249 1 251 250 1 252 251 1 253 252 1 255 269 0
		 256 255 1 257 256 1 258 257 1 259 258 1 260 259 1 261 260 1 263 253 0;
	setAttr ".ed[498:620]" 264 263 1 265 264 1 267 265 0 268 267 1 269 268 1 247 246 0
		 246 253 0 255 254 0 254 261 0 263 262 0 262 265 0 267 266 0 266 269 0 262 264 1 266 268 1
		 246 270 1 270 252 1 270 251 1 270 250 1 270 249 1 270 248 1 254 271 1 271 260 1 271 259 1
		 271 258 1 271 257 1 271 256 1 297 296 1 296 272 1 274 298 1 298 297 0 274 273 1 273 276 1
		 276 275 1 275 274 1 273 272 1 272 277 1 277 276 1 301 275 1 277 299 1 300 299 1 299 278 1
		 280 301 1 301 300 0 280 279 1 279 282 0 282 281 1 281 280 1 279 278 1 278 283 1 283 282 1
		 307 281 1 283 305 1 298 284 1 286 296 1 286 285 1 285 288 0 288 287 1 287 286 1 285 284 1
		 284 289 1 289 288 1 303 302 1 302 287 1 289 304 1 304 303 0 304 290 1 292 302 1 292 291 1
		 291 294 1 294 293 1 293 292 1 291 290 1 290 295 1 295 294 1 306 305 1 305 293 1 295 307 1
		 307 306 0 275 261 1 247 274 1 284 253 1 263 289 1 290 265 1 267 295 1 281 269 1 255 280 1
		 246 298 0 254 301 0 262 304 0 266 307 0 273 297 1 279 300 0 288 303 0 294 306 1 285 297 0
		 276 300 1 291 303 1 282 306 0 212 308 0 213 308 0 214 309 0 309 308 0 215 309 0 216 309 0
		 217 309 0 218 309 0 219 310 0 310 309 0 220 310 0 221 310 0 222 310 0 223 310 0 224 311 0
		 311 310 0 225 311 0 226 311 0 227 311 0 228 311 0 229 308 0 308 311 0 230 308 0 231 308 0;
	setAttr -s 311 -ch 1242 ".fc[0:310]" -type "polyFaces" 
		f 4 9 10 11 12
		mu 0 4 15 30 39 20
		f 4 13 14 15 -11
		mu 0 4 30 29 41 39
		f 4 16 17 18 -15
		mu 0 4 29 28 42 40
		f 4 19 20 21 -18
		mu 0 4 28 1 18 42
		f 4 34 35 36 37
		mu 0 4 14 46 47 5
		f 4 38 39 40 -36
		mu 0 4 46 44 49 47
		f 4 41 42 43 -40
		mu 0 4 45 43 50 48
		f 4 44 45 46 -43
		mu 0 4 43 4 9 50
		f 4 77 78 79 80
		mu 0 4 8 64 115 96
		f 4 81 82 83 -79
		mu 0 4 64 63 117 115
		f 4 84 85 86 -83
		mu 0 4 63 62 113 117
		f 4 87 88 89 -86
		mu 0 4 62 0 111 113
		f 4 90 -28 91 -21
		mu 0 4 1 12 2 18
		f 4 -55 92 -46 93
		mu 0 4 13 3 9 4
		f 4 -38 94 -31 95
		mu 0 4 14 5 11 6
		f 4 -58 96 -13 2
		mu 0 4 21 7 15 20
		f 4 -73 -9 -81 97
		mu 0 4 88 23 8 96
		f 5 98 -49 -93 6 -1
		mu 0 5 100 72 9 3 10
		f 4 -95 -48 99 -34
		mu 0 4 11 5 101 85
		f 4 0 5 -76 100
		mu 0 4 16 27 22 98
		f 4 3 -103 -89 -2
		mu 0 4 17 105 111 0
		f 5 -5 -92 -33 -102 -4
		mu 0 5 25 18 2 103 19
		f 14 -458 -460 -462 -464 -466 -468 469 471 -474 -476 -478 -480 481 -483
		mu 0 14 266 267 268 269 270 271 272 273 274 275 276 277 278 279
		f 4 -26 30 31 -105
		mu 0 4 33 6 11 37
		f 4 -25 104 29 -106
		mu 0 4 32 33 37 35
		f 4 -23 106 26 27
		mu 0 4 12 31 34 2
		f 4 -24 105 28 -107
		mu 0 4 31 32 36 34
		f 4 -53 57 58 -108
		mu 0 4 54 7 21 59
		f 4 -52 107 56 -109
		mu 0 4 52 54 59 57
		f 4 -50 109 53 54
		mu 0 4 13 51 56 3
		f 4 -51 108 55 -110
		mu 0 4 51 53 58 56
		f 4 -37 110 -63 47
		mu 0 4 5 47 78 101
		f 4 -41 111 -62 -111
		mu 0 4 47 49 76 78
		f 4 -44 112 -61 -112
		mu 0 4 48 50 74 60
		f 4 -47 48 -60 -113
		mu 0 4 50 9 72 74
		f 4 -27 113 -64 32
		mu 0 4 2 34 79 103
		f 4 -29 114 -65 -114
		mu 0 4 34 36 81 79
		f 4 -30 115 -66 -115
		mu 0 4 35 37 83 61
		f 4 -32 33 -67 -116
		mu 0 4 37 11 85 83
		f 4 -71 75 76 -117
		mu 0 4 94 98 22 67
		f 4 -70 116 74 -118
		mu 0 4 92 94 67 66
		f 4 -68 118 71 72
		mu 0 4 88 90 65 23
		f 4 -69 117 73 -119
		mu 0 4 90 92 66 65
		f 3 -12 119 -104
		mu 0 3 24 38 25
		f 3 120 -22 4
		mu 0 3 25 42 18
		f 3 -16 121 -120
		mu 0 3 38 40 25
		f 3 -54 122 -7
		mu 0 3 26 55 27
		f 3 123 -59 7
		mu 0 3 27 59 21
		f 3 -56 124 -123
		mu 0 3 55 57 27
		f 3 -125 -57 -124
		mu 0 3 27 57 59
		f 3 -121 -122 -19
		mu 0 3 42 25 40
		f 4 125 126 127 128
		mu 0 4 68 130 154 109
		f 4 129 130 131 -127
		mu 0 4 130 129 155 154
		f 4 132 133 134 -131
		mu 0 4 129 97 93 155
		f 4 135 136 137 138
		mu 0 4 289 133 144 290
		f 4 139 140 141 -137
		mu 0 4 134 132 145 143
		f 4 142 143 144 -141
		mu 0 4 132 68 69 145
		f 4 150 151 152 153
		mu 0 4 290 140 152 291
		f 4 154 155 156 -152
		mu 0 4 142 139 153 151
		f 4 157 158 159 -156
		mu 0 4 139 104 80 153
		f 4 160 161 162 163
		mu 0 4 127 147 156 106
		f 4 164 165 166 -162
		mu 0 4 147 146 157 156
		f 4 167 168 169 -166
		mu 0 4 146 69 125 157
		f 4 170 171 172 173
		mu 0 4 99 150 168 71
		f 4 174 175 176 -172
		mu 0 4 150 148 170 168
		f 4 177 178 179 -176
		mu 0 4 149 283 282 169
		f 4 194 195 196 197
		mu 0 4 95 159 190 87
		f 4 198 199 200 -196
		mu 0 4 159 158 191 190
		f 4 201 202 203 -200
		mu 0 4 158 70 121 191
		f 4 211 212 213 214
		mu 0 4 77 164 165 102
		f 4 215 216 217 -213
		mu 0 4 164 162 167 165
		f 4 218 219 220 -217
		mu 0 4 163 288 287 166
		f 4 -174 263 59 264
		mu 0 4 99 71 74 72
		f 4 -225 265 60 -264
		mu 0 4 71 73 60 74
		f 4 -230 266 61 -266
		mu 0 4 119 75 78 76
		f 4 -211 267 62 -267
		mu 0 4 75 77 101 78
		f 4 63 268 -184 269
		mu 0 4 103 79 82 80
		f 4 64 270 -237 -269
		mu 0 4 79 81 120 82
		f 4 65 271 -242 -271
		mu 0 4 61 83 86 84
		f 4 66 272 -222 -272
		mu 0 4 83 85 102 86
		f 4 -198 273 67 274
		mu 0 4 95 87 90 88
		f 4 -245 275 68 -274
		mu 0 4 87 89 92 90
		f 4 -250 276 69 -276
		mu 0 4 89 91 94 92
		f 4 -187 277 70 -277
		mu 0 4 91 93 98 94
		f 4 -275 -98 278 -193
		mu 0 4 95 88 96 116
		f 4 279 -101 -278 -134
		mu 0 4 97 16 98 93
		f 4 -147 -265 -99 -280
		mu 0 4 126 99 72 100
		f 4 -100 -268 -215 -273
		mu 0 4 85 101 77 102
		f 4 101 -270 -159 280
		mu 0 4 19 103 80 104
		f 4 102 -281 -164 281
		mu 0 4 111 105 127 106
		f 12 -255 -260 -189 -169 -144 -129 -186 -252 -247 -203 -191 -206
		mu 0 12 107 108 124 125 69 68 109 123 122 121 70 110
		f 4 -90 -282 -188 282
		mu 0 4 113 111 106 112
		f 4 -87 -283 -262 283
		mu 0 4 117 113 112 114
		f 4 -80 284 -208 -279
		mu 0 4 96 115 118 116
		f 4 -84 -284 -257 -285
		mu 0 4 115 117 114 118
		f 4 145 285 -171 146
		mu 0 4 126 137 150 99
		f 4 147 286 -175 -286
		mu 0 4 137 135 148 150
		f 4 148 149 -178 -287
		mu 0 4 136 289 283 149
		f 4 -160 183 184 -288
		mu 0 4 153 80 82 181
		f 4 -153 288 180 181
		mu 0 4 291 152 180 284
		f 4 -157 287 182 -289
		mu 0 4 151 153 181 179
		f 4 -195 192 193 -290
		mu 0 4 159 95 116 161
		f 4 -202 290 189 190
		mu 0 4 70 158 160 110
		f 4 -199 289 191 -291
		mu 0 4 158 159 161 160
		f 4 -194 207 208 -292
		mu 0 4 161 116 118 197
		f 4 -190 292 204 205
		mu 0 4 110 160 196 107
		f 4 -192 291 206 -293
		mu 0 4 160 161 197 196
		f 4 -180 226 227 -294
		mu 0 4 169 282 281 173
		f 4 -173 294 223 224
		mu 0 4 71 168 172 73
		f 4 -177 293 225 -295
		mu 0 4 168 170 175 172
		f 4 -228 231 232 -296
		mu 0 4 173 281 280 177
		f 4 -224 296 228 229
		mu 0 4 119 171 176 75
		f 4 -226 295 230 -297
		mu 0 4 171 174 178 176
		f 4 -219 297 -233 209
		mu 0 4 288 163 177 280
		f 4 -216 298 -231 -298
		mu 0 4 162 164 176 178
		f 4 -212 210 -229 -299
		mu 0 4 164 77 75 176
		f 4 -185 236 237 -300
		mu 0 4 181 82 120 186
		f 4 -181 300 233 234
		mu 0 4 284 180 183 285
		f 4 -183 299 235 -301
		mu 0 4 179 181 186 184
		f 4 -238 241 242 -302
		mu 0 4 185 84 86 189
		f 4 -234 302 238 239
		mu 0 4 285 183 188 286
		f 4 -236 301 240 -303
		mu 0 4 182 185 189 187
		f 4 -214 303 -243 221
		mu 0 4 102 165 189 86
		f 4 -218 304 -241 -304
		mu 0 4 165 167 187 189
		f 4 -221 222 -239 -305
		mu 0 4 166 287 286 188
		f 4 -204 246 247 -306
		mu 0 4 191 121 122 193
		f 4 -197 306 243 244
		mu 0 4 87 190 192 89
		f 4 -201 305 245 -307
		mu 0 4 190 191 193 192
		f 4 -248 251 252 -308
		mu 0 4 193 122 123 195
		f 4 -244 308 248 249
		mu 0 4 89 192 194 91
		f 4 -246 307 250 -309
		mu 0 4 192 193 195 194
		f 4 -128 309 -253 185
		mu 0 4 109 154 195 123
		f 4 -132 310 -251 -310
		mu 0 4 154 155 194 195
		f 4 -135 186 -249 -311
		mu 0 4 155 93 91 194
		f 4 -209 256 257 -312
		mu 0 4 197 118 114 199
		f 4 -205 312 253 254
		mu 0 4 107 196 198 108
		f 4 -207 311 255 -313
		mu 0 4 196 197 199 198
		f 4 -258 261 262 -314
		mu 0 4 199 114 112 201
		f 4 -254 314 258 259
		mu 0 4 108 198 200 124
		f 4 -256 313 260 -315
		mu 0 4 198 199 201 200
		f 4 -163 315 -263 187
		mu 0 4 106 156 201 112
		f 4 -167 316 -261 -316
		mu 0 4 156 157 200 201
		f 4 -170 188 -259 -317
		mu 0 4 157 125 124 200
		f 4 -146 -133 317 318
		mu 0 4 137 126 128 202
		f 4 -318 -130 319 320
		mu 0 4 202 128 131 204
		f 4 -126 -143 321 -320
		mu 0 4 130 68 132 203
		f 4 -322 -140 322 323
		mu 0 4 203 132 134 206
		f 4 -136 -149 324 -323
		mu 0 4 133 289 136 207
		f 4 -325 -148 -319 325
		mu 0 4 205 135 137 202
		f 3 -321 -324 -326
		mu 0 3 202 204 205
		f 4 -161 -158 326 327
		mu 0 4 147 127 138 208
		f 4 -327 -155 328 329
		mu 0 4 208 138 141 209
		f 4 -151 -138 330 -329
		mu 0 4 140 290 144 210
		f 4 -331 -142 331 332
		mu 0 4 209 143 145 211
		f 4 -145 -168 333 -332
		mu 0 4 145 69 146 211
		f 4 -334 -165 -328 334
		mu 0 4 211 146 147 208
		f 3 -330 -333 -335
		mu 0 3 208 209 211
		f 4 -235 335 493 -337
		mu 0 4 284 285 301 302
		f 4 -240 337 494 -336
		mu 0 4 285 286 300 301
		f 4 -223 338 495 -338
		mu 0 4 286 287 299 300
		f 6 -220 339 484 483 496 -339
		mu 0 6 287 288 298 309 322 299
		f 4 -210 340 485 -340
		mu 0 4 288 280 297 298
		f 4 -232 341 486 -341
		mu 0 4 280 281 296 297
		f 4 -227 342 487 -342
		mu 0 4 281 282 295 296
		f 4 -179 343 488 -343
		mu 0 4 282 283 294 295
		f 6 -150 344 498 497 489 -344
		mu 0 6 283 289 292 311 318 294
		f 6 -139 345 501 500 499 -345
		mu 0 6 289 290 293 313 326 292
		f 6 -154 346 491 490 502 -346
		mu 0 6 290 291 303 315 330 293
		f 4 -182 336 492 -347
		mu 0 4 291 284 302 303
		f 4 -74 347 349 -349
		mu 0 4 65 66 213 212
		f 4 -75 350 351 -348
		mu 0 4 66 67 214 213
		f 4 -77 352 353 -351
		mu 0 4 67 22 215 214
		f 4 -6 354 355 -353
		mu 0 4 22 27 216 215
		f 4 -8 356 357 -355
		mu 0 4 27 21 217 216
		f 4 -3 358 359 -357
		mu 0 4 21 20 218 217
		f 4 103 360 -362 -359
		mu 0 4 20 17 219 218
		f 4 1 362 -364 -361
		mu 0 4 17 0 220 219
		f 4 -88 364 365 -363
		mu 0 4 0 62 221 220
		f 4 -85 366 367 -365
		mu 0 4 62 63 222 221
		f 4 -82 368 369 -367
		mu 0 4 63 64 223 222
		f 4 -78 370 371 -369
		mu 0 4 64 8 224 223
		f 4 8 372 -374 -371
		mu 0 4 8 23 225 224
		f 4 -72 348 374 -373
		mu 0 4 23 65 212 225
		f 4 -601 -607 -613 -619
		mu 0 4 354 355 356 357
		f 4 -10 375 377 -377
		mu 0 4 30 15 227 226
		f 4 -97 378 379 -376
		mu 0 4 15 7 228 227
		f 4 52 380 -382 -379
		mu 0 4 7 54 229 228
		f 4 51 382 -384 -381
		mu 0 4 54 53 230 229
		f 4 50 384 -386 -383
		mu 0 4 53 51 231 230
		f 4 49 386 -388 -385
		mu 0 4 51 13 232 231
		f 4 -94 388 389 -387
		mu 0 4 13 4 233 232
		f 4 -45 390 391 -389
		mu 0 4 4 43 234 233
		f 4 -42 392 393 -391
		mu 0 4 43 44 235 234
		f 4 -39 394 395 -393
		mu 0 4 44 46 236 235
		f 4 -35 396 397 -395
		mu 0 4 46 14 237 236
		f 4 -96 398 399 -397
		mu 0 4 14 6 238 237
		f 4 25 400 -402 -399
		mu 0 4 6 33 239 238
		f 4 24 402 -404 -401
		mu 0 4 33 32 240 239
		f 4 23 404 -406 -403
		mu 0 4 32 31 241 240
		f 4 22 406 -408 -405
		mu 0 4 31 12 242 241
		f 4 -91 408 409 -407
		mu 0 4 12 1 243 242
		f 4 -20 410 411 -409
		mu 0 4 1 28 244 243
		f 4 -17 412 413 -411
		mu 0 4 28 29 245 244
		f 4 -14 376 414 -413
		mu 0 4 29 30 226 245
		f 4 -378 415 417 -417
		mu 0 4 226 227 247 246
		f 4 -380 418 419 -416
		mu 0 4 227 228 248 247
		f 4 381 420 -422 -419
		mu 0 4 228 229 249 248
		f 4 383 422 -424 -421
		mu 0 4 229 230 250 249
		f 4 385 424 -426 -423
		mu 0 4 230 231 251 250
		f 4 387 426 -428 -425
		mu 0 4 231 232 252 251
		f 4 -390 428 429 -427
		mu 0 4 232 233 253 252
		f 4 -392 430 431 -429
		mu 0 4 233 234 254 253
		f 4 -394 432 433 -431
		mu 0 4 234 235 255 254
		f 4 -396 434 435 -433
		mu 0 4 235 236 256 255
		f 4 -398 436 437 -435
		mu 0 4 236 237 257 256
		f 4 -400 438 439 -437
		mu 0 4 237 238 258 257
		f 4 401 440 -442 -439
		mu 0 4 238 239 259 258
		f 4 403 442 -444 -441
		mu 0 4 239 240 260 259
		f 4 405 444 -446 -443
		mu 0 4 240 241 261 260
		f 4 407 446 -448 -445
		mu 0 4 241 242 262 261
		f 4 -410 448 449 -447
		mu 0 4 242 243 263 262
		f 4 -412 450 451 -449
		mu 0 4 243 244 264 263
		f 4 -414 452 453 -451
		mu 0 4 244 245 265 264
		f 4 -415 416 454 -453
		mu 0 4 245 226 246 265
		f 4 -350 455 457 -457
		mu 0 4 212 213 267 266
		f 4 -352 458 459 -456
		mu 0 4 213 214 268 267
		f 4 -354 460 461 -459
		mu 0 4 214 215 269 268
		f 4 -356 462 463 -461
		mu 0 4 215 216 270 269
		f 4 -358 464 465 -463
		mu 0 4 216 217 271 270
		f 4 -360 466 467 -465
		mu 0 4 217 218 272 271
		f 4 361 468 -470 -467
		mu 0 4 218 219 273 272
		f 4 363 470 -472 -469
		mu 0 4 219 220 274 273
		f 4 -366 472 473 -471
		mu 0 4 220 221 275 274
		f 4 -368 474 475 -473
		mu 0 4 221 222 276 275
		f 4 -370 476 477 -475
		mu 0 4 222 223 277 276
		f 4 -372 478 479 -477
		mu 0 4 223 224 278 277
		f 4 373 480 -482 -479
		mu 0 4 224 225 279 278
		f 4 -375 456 482 -481
		mu 0 4 225 212 266 279
		f 3 -500 -509 511
		mu 0 3 292 326 324
		f 3 -512 -508 -499
		mu 0 3 292 324 311
		f 3 -503 -511 512
		mu 0 3 293 330 328
		f 3 -513 -510 -502
		mu 0 3 293 328 313
		f 4 -505 513 514 -490
		mu 0 4 318 316 304 294
		f 3 -515 515 -489
		mu 0 3 294 304 295
		f 3 -516 516 -488
		mu 0 3 295 304 296
		f 3 -517 517 -487
		mu 0 3 296 304 297
		f 3 -518 518 -486
		mu 0 3 297 304 298
		f 4 -519 -514 -504 -485
		mu 0 4 298 304 316 309
		f 4 -507 519 520 -497
		mu 0 4 322 320 305 299
		f 3 -521 521 -496
		mu 0 3 299 305 300
		f 3 -522 522 -495
		mu 0 3 300 305 301
		f 3 -523 523 -494
		mu 0 3 301 305 302
		f 3 -524 524 -493
		mu 0 3 302 305 303
		f 4 -525 -520 -506 -492
		mu 0 4 303 305 320 315
		f 4 529 530 531 532
		mu 0 4 317 342 343 308
		f 4 533 534 535 -531
		mu 0 4 342 306 340 343
		f 4 542 543 544 545
		mu 0 4 321 344 345 314
		f 4 546 547 548 -544
		mu 0 4 344 307 341 345
		f 4 553 554 555 556
		mu 0 4 333 346 347 334
		f 4 557 558 559 -555
		mu 0 4 346 310 325 347
		f 4 566 567 568 569
		mu 0 4 336 348 349 337
		f 4 570 571 572 -568
		mu 0 4 348 312 329 349
		f 4 577 -484 578 -533
		mu 0 4 308 322 309 317
		f 4 579 -498 580 -559
		mu 0 4 310 318 311 325
		f 4 581 -501 582 -572
		mu 0 4 312 326 313 329
		f 4 583 -491 584 -546
		mu 0 4 314 330 315 321
		f 4 503 585 -528 -579
		mu 0 4 309 316 319 317
		f 4 504 -580 -552 -586
		mu 0 4 316 318 310 319
		f 4 505 586 -541 -585
		mu 0 4 315 320 323 321
		f 4 506 -578 -537 -587
		mu 0 4 320 322 308 323
		f 4 507 587 -563 -581
		mu 0 4 311 324 327 325
		f 4 508 -582 -565 -588
		mu 0 4 324 326 312 327
		f 4 509 588 -576 -583
		mu 0 4 313 328 331 329
		f 4 510 -584 -550 -589
		mu 0 4 328 330 314 331
		f 12 -548 -540 -538 -535 -527 -553 -557 -562 -566 -570 -575 -551
		mu 0 12 341 307 338 340 306 332 333 334 335 336 337 339
		f 4 -534 589 525 526
		mu 0 4 306 342 350 332
		f 4 -530 527 528 -590
		mu 0 4 342 317 319 350
		f 4 -547 590 538 539
		mu 0 4 307 344 351 338
		f 4 -543 540 541 -591
		mu 0 4 344 321 323 351
		f 4 -556 591 560 561
		mu 0 4 334 347 352 335
		f 4 -560 562 563 -592
		mu 0 4 347 325 327 352
		f 4 -569 592 573 574
		mu 0 4 337 349 353 339
		f 4 -573 575 576 -593
		mu 0 4 349 329 331 353
		f 4 -558 593 -529 551
		mu 0 4 310 346 350 319
		f 4 -554 552 -526 -594
		mu 0 4 346 333 332 350
		f 4 -532 594 -542 536
		mu 0 4 308 343 351 323
		f 4 -536 537 -539 -595
		mu 0 4 343 340 338 351
		f 4 -571 595 -564 564
		mu 0 4 312 348 352 327
		f 4 -567 565 -561 -596
		mu 0 4 348 336 335 352
		f 4 -545 596 -577 549
		mu 0 4 314 345 353 331
		f 4 -549 550 -574 -597
		mu 0 4 345 341 339 353
		f 3 -418 597 -599
		mu 0 3 246 247 354
		f 4 -420 599 600 -598
		mu 0 4 247 248 355 354
		f 3 421 601 -600
		mu 0 3 248 249 355
		f 3 423 602 -602
		mu 0 3 249 250 355
		f 3 425 603 -603
		mu 0 3 250 251 355
		f 3 427 604 -604
		mu 0 3 251 252 355
		f 4 -430 605 606 -605
		mu 0 4 252 253 356 355
		f 3 -432 607 -606
		mu 0 3 253 254 356
		f 3 -434 608 -608
		mu 0 3 254 255 356
		f 3 -436 609 -609
		mu 0 3 255 256 356
		f 3 -438 610 -610
		mu 0 3 256 257 356
		f 4 -440 611 612 -611
		mu 0 4 257 258 357 356
		f 3 441 613 -612
		mu 0 3 258 259 357
		f 3 443 614 -614
		mu 0 3 259 260 357
		f 3 445 615 -615
		mu 0 3 260 261 357
		f 3 447 616 -616
		mu 0 3 261 262 357
		f 4 -450 617 618 -617
		mu 0 4 262 263 358 357
		f 3 -452 619 -618
		mu 0 3 263 264 358
		f 3 -454 620 -620
		mu 0 3 264 265 354
		f 3 -455 598 -621
		mu 0 3 265 246 354;
	setAttr ".cd" -type "dataPolyComponent" Index_Data Edge 0 ;
	setAttr ".cvd" -type "dataPolyComponent" Index_Data Vertex 0 ;
	setAttr ".pd[0]" -type "dataPolyComponent" Index_Data UV 0 ;
	setAttr ".hfd" -type "dataPolyComponent" Index_Data Face 0 ;
	setAttr ".dr" 1;
createNode transform -n "pCylinder1";
	rename -uid "B9F83D07-479E-EBE5-185E-A99FAB6F1513";
	setAttr ".t" -type "double3" 20.128971966022529 9.2054657257788293 36.479380371524414 ;
	setAttr ".r" -type "double3" 90 0 0 ;
	setAttr ".s" -type "double3" 7 7 7 ;
createNode mesh -n "pCylinderShape1" -p "pCylinder1";
	rename -uid "0A726D2C-4C34-BD34-4FB9-EB83BCB9FD40";
	setAttr -k off ".v";
	setAttr ".vir" yes;
	setAttr ".vif" yes;
	setAttr ".uvst[0].uvsn" -type "string" "map1";
	setAttr ".cuvs" -type "string" "map1";
	setAttr ".dcc" -type "string" "Ambient+Diffuse";
	setAttr ".covm[0]"  0 1 1;
	setAttr ".cdvm[0]"  0 1 1;
createNode transform -n "pCylinder2";
	rename -uid "99B38775-460C-7040-DA23-29A005ED784A";
	setAttr ".t" -type "double3" 7.4387711852785401 6.2369721794447148 32.982465860359646 ;
	setAttr ".r" -type "double3" 90 0 0 ;
	setAttr ".s" -type "double3" 4.0789318629534081 4.0789318629534081 4.0789318629534081 ;
createNode mesh -n "pCylinderShape2" -p "pCylinder2";
	rename -uid "B1544CBA-4C8F-D268-30DF-96BEA2E72078";
	setAttr -k off ".v";
	setAttr ".vir" yes;
	setAttr ".vif" yes;
	setAttr ".uvst[0].uvsn" -type "string" "map1";
	setAttr -s 132 ".uvst[0].uvsp[0:131]" -type "float2" 0.65324754 0.12576723
		 0.64435601 0.096455842 0.62991703 0.069442302 0.61048537 0.045764744 0.58680785 0.026333049
		 0.55979431 0.011893988 0.53048289 0.0030024648 0.50000006 1.4901161e-07 0.46951723
		 0.003002435 0.44020584 0.011893928 0.41319227 0.026332945 0.38951468 0.04576461 0.370083
		 0.069442168 0.35564393 0.096455693 0.34675241 0.12576711 0.34375012 0.15624994 0.34675238
		 0.1867328 0.35564387 0.21604422 0.37008291 0.24305776 0.3895146 0.26673535 0.41319215
		 0.28616706 0.44020569 0.3006061 0.46951711 0.30949765 0.49999997 0.31249994 0.53048283
		 0.30949765 0.55979425 0.30060616 0.58680785 0.28616711 0.61048543 0.26673543 0.62991709
		 0.24305785 0.64435613 0.21604428 0.65324771 0.18673286 0.65625 0.15625 0.375 0.3125
		 0.3828125 0.3125 0.390625 0.3125 0.3984375 0.3125 0.40625 0.3125 0.4140625 0.3125
		 0.421875 0.3125 0.4296875 0.3125 0.4375 0.3125 0.4453125 0.3125 0.453125 0.3125 0.4609375
		 0.3125 0.46875 0.3125 0.4765625 0.3125 0.484375 0.3125 0.4921875 0.3125 0.5 0.3125
		 0.5078125 0.3125 0.515625 0.3125 0.5234375 0.3125 0.53125 0.3125 0.5390625 0.3125
		 0.546875 0.3125 0.5546875 0.3125 0.5625 0.3125 0.5703125 0.3125 0.578125 0.3125 0.5859375
		 0.3125 0.59375 0.3125 0.6015625 0.3125 0.609375 0.3125 0.6171875 0.3125 0.625 0.3125
		 0.375 0.6875 0.3828125 0.6875 0.390625 0.6875 0.3984375 0.6875 0.40625 0.6875 0.4140625
		 0.6875 0.421875 0.6875 0.4296875 0.6875 0.4375 0.6875 0.4453125 0.6875 0.453125 0.6875
		 0.4609375 0.6875 0.46875 0.6875 0.4765625 0.6875 0.484375 0.6875 0.4921875 0.6875
		 0.5 0.6875 0.5078125 0.6875 0.515625 0.6875 0.5234375 0.6875 0.53125 0.6875 0.5390625
		 0.6875 0.546875 0.6875 0.5546875 0.6875 0.5625 0.6875 0.5703125 0.6875 0.578125 0.6875
		 0.5859375 0.6875 0.59375 0.6875 0.6015625 0.6875 0.609375 0.6875 0.6171875 0.6875
		 0.625 0.6875 0.65324754 0.81326723 0.64435601 0.78395581 0.62991703 0.75694227 0.61048537
		 0.73326474 0.58680785 0.71383303 0.55979431 0.69939399 0.53048289 0.69050246 0.50000006
		 0.68750012 0.46951723 0.69050241 0.44020584 0.69939393 0.41319227 0.71383297 0.38951468
		 0.73326463 0.370083 0.75694215 0.35564393 0.78395569 0.34675241 0.81326711 0.34375012
		 0.84374994 0.34675238 0.87423277 0.35564387 0.90354419 0.37008291 0.93055773 0.3895146
		 0.95423532 0.41319215 0.97366703 0.44020569 0.98810613 0.46951711 0.99699765 0.49999997
		 0.99999994 0.53048283 0.99699765 0.55979425 0.98810613 0.58680785 0.97366714 0.61048543
		 0.95423543 0.62991709 0.93055785 0.64435613 0.90354431 0.65324771 0.87423289 0.65625
		 0.84375 0.5 0.15625 0.5 0.84375;
	setAttr ".cuvs" -type "string" "map1";
	setAttr ".dcc" -type "string" "Ambient+Diffuse";
	setAttr ".covm[0]"  0 1 1;
	setAttr ".cdvm[0]"  0 1 1;
	setAttr -s 66 ".vt[0:65]"  0.98078418 -1 -0.19508962 0.92387861 -1 -0.38268256
		 0.83146894 -1 -0.55556923 0.70710635 -1 -0.7071057 0.55557007 -1 -0.83146846 0.38268349 -1 -0.92387843
		 0.19509058 -1 -0.98078424 4.4703484e-07 -1 -0.99999905 -0.1950897 -1 -0.98078442
		 -0.38268268 -1 -0.92387885 -0.55556941 -1 -0.83146912 -0.70710593 -1 -0.70710647
		 -0.83146876 -1 -0.55557013 -0.92387873 -1 -0.38268349 -0.98078454 -1 -0.19509052
		 -0.99999934 -1 -3.2782555e-07 -0.98078477 -1 0.19508991 -0.92387915 -1 0.38268295
		 -0.83146936 -1 0.55556971 -0.70710665 -1 0.70710623 -0.55557019 -1 0.83146912 -0.38268346 -1 0.92387909
		 -0.19509043 -1 0.98078489 -1.6391277e-07 -1 0.9999997 0.19509013 -1 0.98078507 0.38268322 -1 0.92387938
		 0.55557001 -1 0.83146954 0.70710659 -1 0.70710677 0.83146948 -1 0.55557024 0.92387944 -1 0.38268343
		 0.98078525 -1 0.19509032 1 -1 0 0.98078418 1 -0.19508962 0.92387861 1 -0.38268256
		 0.83146894 1 -0.55556923 0.70710635 1 -0.7071057 0.55557007 1 -0.83146846 0.38268349 1 -0.92387843
		 0.19509058 1 -0.98078424 4.4703484e-07 1 -0.99999905 -0.1950897 1 -0.98078442 -0.38268268 1 -0.92387885
		 -0.55556941 1 -0.83146912 -0.70710593 1 -0.70710647 -0.83146876 1 -0.55557013 -0.92387873 1 -0.38268349
		 -0.98078454 1 -0.19509052 -0.99999934 1 -3.2782555e-07 -0.98078477 1 0.19508991 -0.92387915 1 0.38268295
		 -0.83146936 1 0.55556971 -0.70710665 1 0.70710623 -0.55557019 1 0.83146912 -0.38268346 1 0.92387909
		 -0.19509043 1 0.98078489 -1.6391277e-07 1 0.9999997 0.19509013 1 0.98078507 0.38268322 1 0.92387938
		 0.55557001 1 0.83146954 0.70710659 1 0.70710677 0.83146948 1 0.55557024 0.92387944 1 0.38268343
		 0.98078525 1 0.19509032 1 1 0 0 -1 0 0 1 0;
	setAttr -s 160 ".ed[0:159]"  0 1 0 1 2 0 2 3 0 3 4 0 4 5 0 5 6 0 6 7 0
		 7 8 0 8 9 0 9 10 0 10 11 0 11 12 0 12 13 0 13 14 0 14 15 0 15 16 0 16 17 0 17 18 0
		 18 19 0 19 20 0 20 21 0 21 22 0 22 23 0 23 24 0 24 25 0 25 26 0 26 27 0 27 28 0 28 29 0
		 29 30 0 30 31 0 31 0 0 32 33 0 33 34 0 34 35 0 35 36 0 36 37 0 37 38 0 38 39 0 39 40 0
		 40 41 0 41 42 0 42 43 0 43 44 0 44 45 0 45 46 0 46 47 0 47 48 0 48 49 0 49 50 0 50 51 0
		 51 52 0 52 53 0 53 54 0 54 55 0 55 56 0 56 57 0 57 58 0 58 59 0 59 60 0 60 61 0 61 62 0
		 62 63 0 63 32 0 0 32 1 1 33 1 2 34 1 3 35 1 4 36 1 5 37 1 6 38 1 7 39 1 8 40 1 9 41 1
		 10 42 1 11 43 1 12 44 1 13 45 1 14 46 1 15 47 1 16 48 1 17 49 1 18 50 1 19 51 1 20 52 1
		 21 53 1 22 54 1 23 55 1 24 56 1 25 57 1 26 58 1 27 59 1 28 60 1 29 61 1 30 62 1 31 63 1
		 64 0 1 64 1 1 64 2 1 64 3 1 64 4 1 64 5 1 64 6 1 64 7 1 64 8 1 64 9 1 64 10 1 64 11 1
		 64 12 1 64 13 1 64 14 1 64 15 1 64 16 1 64 17 1 64 18 1 64 19 1 64 20 1 64 21 1 64 22 1
		 64 23 1 64 24 1 64 25 1 64 26 1 64 27 1 64 28 1 64 29 1 64 30 1 64 31 1 32 65 1 33 65 1
		 34 65 1 35 65 1 36 65 1 37 65 1 38 65 1 39 65 1 40 65 1 41 65 1 42 65 1 43 65 1 44 65 1
		 45 65 1 46 65 1 47 65 1 48 65 1 49 65 1 50 65 1 51 65 1 52 65 1 53 65 1 54 65 1 55 65 1
		 56 65 1 57 65 1 58 65 1 59 65 1 60 65 1 61 65 1 62 65 1 63 65 1;
	setAttr -s 96 -ch 320 ".fc[0:95]" -type "polyFaces" 
		f 4 0 65 -33 -65
		mu 0 4 32 33 66 65
		f 4 1 66 -34 -66
		mu 0 4 33 34 67 66
		f 4 2 67 -35 -67
		mu 0 4 34 35 68 67
		f 4 3 68 -36 -68
		mu 0 4 35 36 69 68
		f 4 4 69 -37 -69
		mu 0 4 36 37 70 69
		f 4 5 70 -38 -70
		mu 0 4 37 38 71 70
		f 4 6 71 -39 -71
		mu 0 4 38 39 72 71
		f 4 7 72 -40 -72
		mu 0 4 39 40 73 72
		f 4 8 73 -41 -73
		mu 0 4 40 41 74 73
		f 4 9 74 -42 -74
		mu 0 4 41 42 75 74
		f 4 10 75 -43 -75
		mu 0 4 42 43 76 75
		f 4 11 76 -44 -76
		mu 0 4 43 44 77 76
		f 4 12 77 -45 -77
		mu 0 4 44 45 78 77
		f 4 13 78 -46 -78
		mu 0 4 45 46 79 78
		f 4 14 79 -47 -79
		mu 0 4 46 47 80 79
		f 4 15 80 -48 -80
		mu 0 4 47 48 81 80
		f 4 16 81 -49 -81
		mu 0 4 48 49 82 81
		f 4 17 82 -50 -82
		mu 0 4 49 50 83 82
		f 4 18 83 -51 -83
		mu 0 4 50 51 84 83
		f 4 19 84 -52 -84
		mu 0 4 51 52 85 84
		f 4 20 85 -53 -85
		mu 0 4 52 53 86 85
		f 4 21 86 -54 -86
		mu 0 4 53 54 87 86
		f 4 22 87 -55 -87
		mu 0 4 54 55 88 87
		f 4 23 88 -56 -88
		mu 0 4 55 56 89 88
		f 4 24 89 -57 -89
		mu 0 4 56 57 90 89
		f 4 25 90 -58 -90
		mu 0 4 57 58 91 90
		f 4 26 91 -59 -91
		mu 0 4 58 59 92 91
		f 4 27 92 -60 -92
		mu 0 4 59 60 93 92
		f 4 28 93 -61 -93
		mu 0 4 60 61 94 93
		f 4 29 94 -62 -94
		mu 0 4 61 62 95 94
		f 4 30 95 -63 -95
		mu 0 4 62 63 96 95
		f 4 31 64 -64 -96
		mu 0 4 63 64 97 96
		f 3 -1 -97 97
		mu 0 3 1 0 130
		f 3 -2 -98 98
		mu 0 3 2 1 130
		f 3 -3 -99 99
		mu 0 3 3 2 130
		f 3 -4 -100 100
		mu 0 3 4 3 130
		f 3 -5 -101 101
		mu 0 3 5 4 130
		f 3 -6 -102 102
		mu 0 3 6 5 130
		f 3 -7 -103 103
		mu 0 3 7 6 130
		f 3 -8 -104 104
		mu 0 3 8 7 130
		f 3 -9 -105 105
		mu 0 3 9 8 130
		f 3 -10 -106 106
		mu 0 3 10 9 130
		f 3 -11 -107 107
		mu 0 3 11 10 130
		f 3 -12 -108 108
		mu 0 3 12 11 130
		f 3 -13 -109 109
		mu 0 3 13 12 130
		f 3 -14 -110 110
		mu 0 3 14 13 130
		f 3 -15 -111 111
		mu 0 3 15 14 130
		f 3 -16 -112 112
		mu 0 3 16 15 130
		f 3 -17 -113 113
		mu 0 3 17 16 130
		f 3 -18 -114 114
		mu 0 3 18 17 130
		f 3 -19 -115 115
		mu 0 3 19 18 130
		f 3 -20 -116 116
		mu 0 3 20 19 130
		f 3 -21 -117 117
		mu 0 3 21 20 130
		f 3 -22 -118 118
		mu 0 3 22 21 130
		f 3 -23 -119 119
		mu 0 3 23 22 130
		f 3 -24 -120 120
		mu 0 3 24 23 130
		f 3 -25 -121 121
		mu 0 3 25 24 130
		f 3 -26 -122 122
		mu 0 3 26 25 130
		f 3 -27 -123 123
		mu 0 3 27 26 130
		f 3 -28 -124 124
		mu 0 3 28 27 130
		f 3 -29 -125 125
		mu 0 3 29 28 130
		f 3 -30 -126 126
		mu 0 3 30 29 130
		f 3 -31 -127 127
		mu 0 3 31 30 130
		f 3 -32 -128 96
		mu 0 3 0 31 130
		f 3 32 129 -129
		mu 0 3 128 127 131
		f 3 33 130 -130
		mu 0 3 127 126 131
		f 3 34 131 -131
		mu 0 3 126 125 131
		f 3 35 132 -132
		mu 0 3 125 124 131
		f 3 36 133 -133
		mu 0 3 124 123 131
		f 3 37 134 -134
		mu 0 3 123 122 131
		f 3 38 135 -135
		mu 0 3 122 121 131
		f 3 39 136 -136
		mu 0 3 121 120 131
		f 3 40 137 -137
		mu 0 3 120 119 131
		f 3 41 138 -138
		mu 0 3 119 118 131
		f 3 42 139 -139
		mu 0 3 118 117 131
		f 3 43 140 -140
		mu 0 3 117 116 131
		f 3 44 141 -141
		mu 0 3 116 115 131
		f 3 45 142 -142
		mu 0 3 115 114 131
		f 3 46 143 -143
		mu 0 3 114 113 131
		f 3 47 144 -144
		mu 0 3 113 112 131
		f 3 48 145 -145
		mu 0 3 112 111 131
		f 3 49 146 -146
		mu 0 3 111 110 131
		f 3 50 147 -147
		mu 0 3 110 109 131
		f 3 51 148 -148
		mu 0 3 109 108 131
		f 3 52 149 -149
		mu 0 3 108 107 131
		f 3 53 150 -150
		mu 0 3 107 106 131
		f 3 54 151 -151
		mu 0 3 106 105 131
		f 3 55 152 -152
		mu 0 3 105 104 131
		f 3 56 153 -153
		mu 0 3 104 103 131
		f 3 57 154 -154
		mu 0 3 103 102 131
		f 3 58 155 -155
		mu 0 3 102 101 131
		f 3 59 156 -156
		mu 0 3 101 100 131
		f 3 60 157 -157
		mu 0 3 100 99 131
		f 3 61 158 -158
		mu 0 3 99 98 131
		f 3 62 159 -159
		mu 0 3 98 129 131
		f 3 63 128 -160
		mu 0 3 129 128 131;
	setAttr ".cd" -type "dataPolyComponent" Index_Data Edge 0 ;
	setAttr ".cvd" -type "dataPolyComponent" Index_Data Vertex 0 ;
	setAttr ".pd[0]" -type "dataPolyComponent" Index_Data UV 0 ;
	setAttr ".hfd" -type "dataPolyComponent" Index_Data Face 0 ;
createNode transform -n "pCylinder3";
	rename -uid "6B8E3347-490E-E563-5F6E-268336419AAE";
	setAttr ".t" -type "double3" -3.182558155939315 6.2369721794447148 32.982465860359646 ;
	setAttr ".r" -type "double3" 90 0 0 ;
	setAttr ".s" -type "double3" 4.0789318629534081 4.0789318629534081 4.0789318629534081 ;
createNode mesh -n "pCylinderShape3" -p "pCylinder3";
	rename -uid "B21C5A90-4573-F039-86F4-25BCCB8289BE";
	setAttr -k off ".v";
	setAttr ".vir" yes;
	setAttr ".vif" yes;
	setAttr ".uvst[0].uvsn" -type "string" "map1";
	setAttr -s 132 ".uvst[0].uvsp[0:131]" -type "float2" 0.65324754 0.12576723
		 0.64435601 0.096455842 0.62991703 0.069442302 0.61048537 0.045764744 0.58680785 0.026333049
		 0.55979431 0.011893988 0.53048289 0.0030024648 0.50000006 1.4901161e-07 0.46951723
		 0.003002435 0.44020584 0.011893928 0.41319227 0.026332945 0.38951468 0.04576461 0.370083
		 0.069442168 0.35564393 0.096455693 0.34675241 0.12576711 0.34375012 0.15624994 0.34675238
		 0.1867328 0.35564387 0.21604422 0.37008291 0.24305776 0.3895146 0.26673535 0.41319215
		 0.28616706 0.44020569 0.3006061 0.46951711 0.30949765 0.49999997 0.31249994 0.53048283
		 0.30949765 0.55979425 0.30060616 0.58680785 0.28616711 0.61048543 0.26673543 0.62991709
		 0.24305785 0.64435613 0.21604428 0.65324771 0.18673286 0.65625 0.15625 0.375 0.3125
		 0.3828125 0.3125 0.390625 0.3125 0.3984375 0.3125 0.40625 0.3125 0.4140625 0.3125
		 0.421875 0.3125 0.4296875 0.3125 0.4375 0.3125 0.4453125 0.3125 0.453125 0.3125 0.4609375
		 0.3125 0.46875 0.3125 0.4765625 0.3125 0.484375 0.3125 0.4921875 0.3125 0.5 0.3125
		 0.5078125 0.3125 0.515625 0.3125 0.5234375 0.3125 0.53125 0.3125 0.5390625 0.3125
		 0.546875 0.3125 0.5546875 0.3125 0.5625 0.3125 0.5703125 0.3125 0.578125 0.3125 0.5859375
		 0.3125 0.59375 0.3125 0.6015625 0.3125 0.609375 0.3125 0.6171875 0.3125 0.625 0.3125
		 0.375 0.6875 0.3828125 0.6875 0.390625 0.6875 0.3984375 0.6875 0.40625 0.6875 0.4140625
		 0.6875 0.421875 0.6875 0.4296875 0.6875 0.4375 0.6875 0.4453125 0.6875 0.453125 0.6875
		 0.4609375 0.6875 0.46875 0.6875 0.4765625 0.6875 0.484375 0.6875 0.4921875 0.6875
		 0.5 0.6875 0.5078125 0.6875 0.515625 0.6875 0.5234375 0.6875 0.53125 0.6875 0.5390625
		 0.6875 0.546875 0.6875 0.5546875 0.6875 0.5625 0.6875 0.5703125 0.6875 0.578125 0.6875
		 0.5859375 0.6875 0.59375 0.6875 0.6015625 0.6875 0.609375 0.6875 0.6171875 0.6875
		 0.625 0.6875 0.65324754 0.81326723 0.64435601 0.78395581 0.62991703 0.75694227 0.61048537
		 0.73326474 0.58680785 0.71383303 0.55979431 0.69939399 0.53048289 0.69050246 0.50000006
		 0.68750012 0.46951723 0.69050241 0.44020584 0.69939393 0.41319227 0.71383297 0.38951468
		 0.73326463 0.370083 0.75694215 0.35564393 0.78395569 0.34675241 0.81326711 0.34375012
		 0.84374994 0.34675238 0.87423277 0.35564387 0.90354419 0.37008291 0.93055773 0.3895146
		 0.95423532 0.41319215 0.97366703 0.44020569 0.98810613 0.46951711 0.99699765 0.49999997
		 0.99999994 0.53048283 0.99699765 0.55979425 0.98810613 0.58680785 0.97366714 0.61048543
		 0.95423543 0.62991709 0.93055785 0.64435613 0.90354431 0.65324771 0.87423289 0.65625
		 0.84375 0.5 0.15625 0.5 0.84375;
	setAttr ".cuvs" -type "string" "map1";
	setAttr ".dcc" -type "string" "Ambient+Diffuse";
	setAttr ".covm[0]"  0 1 1;
	setAttr ".cdvm[0]"  0 1 1;
	setAttr -s 66 ".vt[0:65]"  0.98078418 -1 -0.19508962 0.92387861 -1 -0.38268256
		 0.83146894 -1 -0.55556923 0.70710635 -1 -0.7071057 0.55557007 -1 -0.83146846 0.38268349 -1 -0.92387843
		 0.19509058 -1 -0.98078424 4.4703484e-07 -1 -0.99999905 -0.1950897 -1 -0.98078442
		 -0.38268268 -1 -0.92387885 -0.55556941 -1 -0.83146912 -0.70710593 -1 -0.70710647
		 -0.83146876 -1 -0.55557013 -0.92387873 -1 -0.38268349 -0.98078454 -1 -0.19509052
		 -0.99999934 -1 -3.2782555e-07 -0.98078477 -1 0.19508991 -0.92387915 -1 0.38268295
		 -0.83146936 -1 0.55556971 -0.70710665 -1 0.70710623 -0.55557019 -1 0.83146912 -0.38268346 -1 0.92387909
		 -0.19509043 -1 0.98078489 -1.6391277e-07 -1 0.9999997 0.19509013 -1 0.98078507 0.38268322 -1 0.92387938
		 0.55557001 -1 0.83146954 0.70710659 -1 0.70710677 0.83146948 -1 0.55557024 0.92387944 -1 0.38268343
		 0.98078525 -1 0.19509032 1 -1 0 0.98078418 1 -0.19508962 0.92387861 1 -0.38268256
		 0.83146894 1 -0.55556923 0.70710635 1 -0.7071057 0.55557007 1 -0.83146846 0.38268349 1 -0.92387843
		 0.19509058 1 -0.98078424 4.4703484e-07 1 -0.99999905 -0.1950897 1 -0.98078442 -0.38268268 1 -0.92387885
		 -0.55556941 1 -0.83146912 -0.70710593 1 -0.70710647 -0.83146876 1 -0.55557013 -0.92387873 1 -0.38268349
		 -0.98078454 1 -0.19509052 -0.99999934 1 -3.2782555e-07 -0.98078477 1 0.19508991 -0.92387915 1 0.38268295
		 -0.83146936 1 0.55556971 -0.70710665 1 0.70710623 -0.55557019 1 0.83146912 -0.38268346 1 0.92387909
		 -0.19509043 1 0.98078489 -1.6391277e-07 1 0.9999997 0.19509013 1 0.98078507 0.38268322 1 0.92387938
		 0.55557001 1 0.83146954 0.70710659 1 0.70710677 0.83146948 1 0.55557024 0.92387944 1 0.38268343
		 0.98078525 1 0.19509032 1 1 0 0 -1 0 0 1 0;
	setAttr -s 160 ".ed[0:159]"  0 1 0 1 2 0 2 3 0 3 4 0 4 5 0 5 6 0 6 7 0
		 7 8 0 8 9 0 9 10 0 10 11 0 11 12 0 12 13 0 13 14 0 14 15 0 15 16 0 16 17 0 17 18 0
		 18 19 0 19 20 0 20 21 0 21 22 0 22 23 0 23 24 0 24 25 0 25 26 0 26 27 0 27 28 0 28 29 0
		 29 30 0 30 31 0 31 0 0 32 33 0 33 34 0 34 35 0 35 36 0 36 37 0 37 38 0 38 39 0 39 40 0
		 40 41 0 41 42 0 42 43 0 43 44 0 44 45 0 45 46 0 46 47 0 47 48 0 48 49 0 49 50 0 50 51 0
		 51 52 0 52 53 0 53 54 0 54 55 0 55 56 0 56 57 0 57 58 0 58 59 0 59 60 0 60 61 0 61 62 0
		 62 63 0 63 32 0 0 32 1 1 33 1 2 34 1 3 35 1 4 36 1 5 37 1 6 38 1 7 39 1 8 40 1 9 41 1
		 10 42 1 11 43 1 12 44 1 13 45 1 14 46 1 15 47 1 16 48 1 17 49 1 18 50 1 19 51 1 20 52 1
		 21 53 1 22 54 1 23 55 1 24 56 1 25 57 1 26 58 1 27 59 1 28 60 1 29 61 1 30 62 1 31 63 1
		 64 0 1 64 1 1 64 2 1 64 3 1 64 4 1 64 5 1 64 6 1 64 7 1 64 8 1 64 9 1 64 10 1 64 11 1
		 64 12 1 64 13 1 64 14 1 64 15 1 64 16 1 64 17 1 64 18 1 64 19 1 64 20 1 64 21 1 64 22 1
		 64 23 1 64 24 1 64 25 1 64 26 1 64 27 1 64 28 1 64 29 1 64 30 1 64 31 1 32 65 1 33 65 1
		 34 65 1 35 65 1 36 65 1 37 65 1 38 65 1 39 65 1 40 65 1 41 65 1 42 65 1 43 65 1 44 65 1
		 45 65 1 46 65 1 47 65 1 48 65 1 49 65 1 50 65 1 51 65 1 52 65 1 53 65 1 54 65 1 55 65 1
		 56 65 1 57 65 1 58 65 1 59 65 1 60 65 1 61 65 1 62 65 1 63 65 1;
	setAttr -s 96 -ch 320 ".fc[0:95]" -type "polyFaces" 
		f 4 0 65 -33 -65
		mu 0 4 32 33 66 65
		f 4 1 66 -34 -66
		mu 0 4 33 34 67 66
		f 4 2 67 -35 -67
		mu 0 4 34 35 68 67
		f 4 3 68 -36 -68
		mu 0 4 35 36 69 68
		f 4 4 69 -37 -69
		mu 0 4 36 37 70 69
		f 4 5 70 -38 -70
		mu 0 4 37 38 71 70
		f 4 6 71 -39 -71
		mu 0 4 38 39 72 71
		f 4 7 72 -40 -72
		mu 0 4 39 40 73 72
		f 4 8 73 -41 -73
		mu 0 4 40 41 74 73
		f 4 9 74 -42 -74
		mu 0 4 41 42 75 74
		f 4 10 75 -43 -75
		mu 0 4 42 43 76 75
		f 4 11 76 -44 -76
		mu 0 4 43 44 77 76
		f 4 12 77 -45 -77
		mu 0 4 44 45 78 77
		f 4 13 78 -46 -78
		mu 0 4 45 46 79 78
		f 4 14 79 -47 -79
		mu 0 4 46 47 80 79
		f 4 15 80 -48 -80
		mu 0 4 47 48 81 80
		f 4 16 81 -49 -81
		mu 0 4 48 49 82 81
		f 4 17 82 -50 -82
		mu 0 4 49 50 83 82
		f 4 18 83 -51 -83
		mu 0 4 50 51 84 83
		f 4 19 84 -52 -84
		mu 0 4 51 52 85 84
		f 4 20 85 -53 -85
		mu 0 4 52 53 86 85
		f 4 21 86 -54 -86
		mu 0 4 53 54 87 86
		f 4 22 87 -55 -87
		mu 0 4 54 55 88 87
		f 4 23 88 -56 -88
		mu 0 4 55 56 89 88
		f 4 24 89 -57 -89
		mu 0 4 56 57 90 89
		f 4 25 90 -58 -90
		mu 0 4 57 58 91 90
		f 4 26 91 -59 -91
		mu 0 4 58 59 92 91
		f 4 27 92 -60 -92
		mu 0 4 59 60 93 92
		f 4 28 93 -61 -93
		mu 0 4 60 61 94 93
		f 4 29 94 -62 -94
		mu 0 4 61 62 95 94
		f 4 30 95 -63 -95
		mu 0 4 62 63 96 95
		f 4 31 64 -64 -96
		mu 0 4 63 64 97 96
		f 3 -1 -97 97
		mu 0 3 1 0 130
		f 3 -2 -98 98
		mu 0 3 2 1 130
		f 3 -3 -99 99
		mu 0 3 3 2 130
		f 3 -4 -100 100
		mu 0 3 4 3 130
		f 3 -5 -101 101
		mu 0 3 5 4 130
		f 3 -6 -102 102
		mu 0 3 6 5 130
		f 3 -7 -103 103
		mu 0 3 7 6 130
		f 3 -8 -104 104
		mu 0 3 8 7 130
		f 3 -9 -105 105
		mu 0 3 9 8 130
		f 3 -10 -106 106
		mu 0 3 10 9 130
		f 3 -11 -107 107
		mu 0 3 11 10 130
		f 3 -12 -108 108
		mu 0 3 12 11 130
		f 3 -13 -109 109
		mu 0 3 13 12 130
		f 3 -14 -110 110
		mu 0 3 14 13 130
		f 3 -15 -111 111
		mu 0 3 15 14 130
		f 3 -16 -112 112
		mu 0 3 16 15 130
		f 3 -17 -113 113
		mu 0 3 17 16 130
		f 3 -18 -114 114
		mu 0 3 18 17 130
		f 3 -19 -115 115
		mu 0 3 19 18 130
		f 3 -20 -116 116
		mu 0 3 20 19 130
		f 3 -21 -117 117
		mu 0 3 21 20 130
		f 3 -22 -118 118
		mu 0 3 22 21 130
		f 3 -23 -119 119
		mu 0 3 23 22 130
		f 3 -24 -120 120
		mu 0 3 24 23 130
		f 3 -25 -121 121
		mu 0 3 25 24 130
		f 3 -26 -122 122
		mu 0 3 26 25 130
		f 3 -27 -123 123
		mu 0 3 27 26 130
		f 3 -28 -124 124
		mu 0 3 28 27 130
		f 3 -29 -125 125
		mu 0 3 29 28 130
		f 3 -30 -126 126
		mu 0 3 30 29 130
		f 3 -31 -127 127
		mu 0 3 31 30 130
		f 3 -32 -128 96
		mu 0 3 0 31 130
		f 3 32 129 -129
		mu 0 3 128 127 131
		f 3 33 130 -130
		mu 0 3 127 126 131
		f 3 34 131 -131
		mu 0 3 126 125 131
		f 3 35 132 -132
		mu 0 3 125 124 131
		f 3 36 133 -133
		mu 0 3 124 123 131
		f 3 37 134 -134
		mu 0 3 123 122 131
		f 3 38 135 -135
		mu 0 3 122 121 131
		f 3 39 136 -136
		mu 0 3 121 120 131
		f 3 40 137 -137
		mu 0 3 120 119 131
		f 3 41 138 -138
		mu 0 3 119 118 131
		f 3 42 139 -139
		mu 0 3 118 117 131
		f 3 43 140 -140
		mu 0 3 117 116 131
		f 3 44 141 -141
		mu 0 3 116 115 131
		f 3 45 142 -142
		mu 0 3 115 114 131
		f 3 46 143 -143
		mu 0 3 114 113 131
		f 3 47 144 -144
		mu 0 3 113 112 131
		f 3 48 145 -145
		mu 0 3 112 111 131
		f 3 49 146 -146
		mu 0 3 111 110 131
		f 3 50 147 -147
		mu 0 3 110 109 131
		f 3 51 148 -148
		mu 0 3 109 108 131
		f 3 52 149 -149
		mu 0 3 108 107 131
		f 3 53 150 -150
		mu 0 3 107 106 131
		f 3 54 151 -151
		mu 0 3 106 105 131
		f 3 55 152 -152
		mu 0 3 105 104 131
		f 3 56 153 -153
		mu 0 3 104 103 131
		f 3 57 154 -154
		mu 0 3 103 102 131
		f 3 58 155 -155
		mu 0 3 102 101 131
		f 3 59 156 -156
		mu 0 3 101 100 131
		f 3 60 157 -157
		mu 0 3 100 99 131
		f 3 61 158 -158
		mu 0 3 99 98 131
		f 3 62 159 -159
		mu 0 3 98 129 131
		f 3 63 128 -160
		mu 0 3 129 128 131;
	setAttr ".cd" -type "dataPolyComponent" Index_Data Edge 0 ;
	setAttr ".cvd" -type "dataPolyComponent" Index_Data Vertex 0 ;
	setAttr ".pd[0]" -type "dataPolyComponent" Index_Data UV 0 ;
	setAttr ".hfd" -type "dataPolyComponent" Index_Data Face 0 ;
createNode transform -n "pCylinder4";
	rename -uid "8BD0A377-4940-46D1-A54C-5FBA6C2E8D9C";
	setAttr ".t" -type "double3" -13.729273855404394 6.2369721794447148 32.982465860359646 ;
	setAttr ".r" -type "double3" 90 0 0 ;
	setAttr ".s" -type "double3" 4.0789318629534081 4.0789318629534081 4.0789318629534081 ;
createNode mesh -n "pCylinderShape4" -p "pCylinder4";
	rename -uid "EF460BFD-4599-537B-FEA0-2BBDA858E51B";
	setAttr -k off ".v";
	setAttr ".vir" yes;
	setAttr ".vif" yes;
	setAttr ".uvst[0].uvsn" -type "string" "map1";
	setAttr -s 132 ".uvst[0].uvsp[0:131]" -type "float2" 0.65324754 0.12576723
		 0.64435601 0.096455842 0.62991703 0.069442302 0.61048537 0.045764744 0.58680785 0.026333049
		 0.55979431 0.011893988 0.53048289 0.0030024648 0.50000006 1.4901161e-07 0.46951723
		 0.003002435 0.44020584 0.011893928 0.41319227 0.026332945 0.38951468 0.04576461 0.370083
		 0.069442168 0.35564393 0.096455693 0.34675241 0.12576711 0.34375012 0.15624994 0.34675238
		 0.1867328 0.35564387 0.21604422 0.37008291 0.24305776 0.3895146 0.26673535 0.41319215
		 0.28616706 0.44020569 0.3006061 0.46951711 0.30949765 0.49999997 0.31249994 0.53048283
		 0.30949765 0.55979425 0.30060616 0.58680785 0.28616711 0.61048543 0.26673543 0.62991709
		 0.24305785 0.64435613 0.21604428 0.65324771 0.18673286 0.65625 0.15625 0.375 0.3125
		 0.3828125 0.3125 0.390625 0.3125 0.3984375 0.3125 0.40625 0.3125 0.4140625 0.3125
		 0.421875 0.3125 0.4296875 0.3125 0.4375 0.3125 0.4453125 0.3125 0.453125 0.3125 0.4609375
		 0.3125 0.46875 0.3125 0.4765625 0.3125 0.484375 0.3125 0.4921875 0.3125 0.5 0.3125
		 0.5078125 0.3125 0.515625 0.3125 0.5234375 0.3125 0.53125 0.3125 0.5390625 0.3125
		 0.546875 0.3125 0.5546875 0.3125 0.5625 0.3125 0.5703125 0.3125 0.578125 0.3125 0.5859375
		 0.3125 0.59375 0.3125 0.6015625 0.3125 0.609375 0.3125 0.6171875 0.3125 0.625 0.3125
		 0.375 0.6875 0.3828125 0.6875 0.390625 0.6875 0.3984375 0.6875 0.40625 0.6875 0.4140625
		 0.6875 0.421875 0.6875 0.4296875 0.6875 0.4375 0.6875 0.4453125 0.6875 0.453125 0.6875
		 0.4609375 0.6875 0.46875 0.6875 0.4765625 0.6875 0.484375 0.6875 0.4921875 0.6875
		 0.5 0.6875 0.5078125 0.6875 0.515625 0.6875 0.5234375 0.6875 0.53125 0.6875 0.5390625
		 0.6875 0.546875 0.6875 0.5546875 0.6875 0.5625 0.6875 0.5703125 0.6875 0.578125 0.6875
		 0.5859375 0.6875 0.59375 0.6875 0.6015625 0.6875 0.609375 0.6875 0.6171875 0.6875
		 0.625 0.6875 0.65324754 0.81326723 0.64435601 0.78395581 0.62991703 0.75694227 0.61048537
		 0.73326474 0.58680785 0.71383303 0.55979431 0.69939399 0.53048289 0.69050246 0.50000006
		 0.68750012 0.46951723 0.69050241 0.44020584 0.69939393 0.41319227 0.71383297 0.38951468
		 0.73326463 0.370083 0.75694215 0.35564393 0.78395569 0.34675241 0.81326711 0.34375012
		 0.84374994 0.34675238 0.87423277 0.35564387 0.90354419 0.37008291 0.93055773 0.3895146
		 0.95423532 0.41319215 0.97366703 0.44020569 0.98810613 0.46951711 0.99699765 0.49999997
		 0.99999994 0.53048283 0.99699765 0.55979425 0.98810613 0.58680785 0.97366714 0.61048543
		 0.95423543 0.62991709 0.93055785 0.64435613 0.90354431 0.65324771 0.87423289 0.65625
		 0.84375 0.5 0.15625 0.5 0.84375;
	setAttr ".cuvs" -type "string" "map1";
	setAttr ".dcc" -type "string" "Ambient+Diffuse";
	setAttr ".covm[0]"  0 1 1;
	setAttr ".cdvm[0]"  0 1 1;
	setAttr -s 66 ".vt[0:65]"  0.98078418 -1 -0.19508962 0.92387861 -1 -0.38268256
		 0.83146894 -1 -0.55556923 0.70710635 -1 -0.7071057 0.55557007 -1 -0.83146846 0.38268349 -1 -0.92387843
		 0.19509058 -1 -0.98078424 4.4703484e-07 -1 -0.99999905 -0.1950897 -1 -0.98078442
		 -0.38268268 -1 -0.92387885 -0.55556941 -1 -0.83146912 -0.70710593 -1 -0.70710647
		 -0.83146876 -1 -0.55557013 -0.92387873 -1 -0.38268349 -0.98078454 -1 -0.19509052
		 -0.99999934 -1 -3.2782555e-07 -0.98078477 -1 0.19508991 -0.92387915 -1 0.38268295
		 -0.83146936 -1 0.55556971 -0.70710665 -1 0.70710623 -0.55557019 -1 0.83146912 -0.38268346 -1 0.92387909
		 -0.19509043 -1 0.98078489 -1.6391277e-07 -1 0.9999997 0.19509013 -1 0.98078507 0.38268322 -1 0.92387938
		 0.55557001 -1 0.83146954 0.70710659 -1 0.70710677 0.83146948 -1 0.55557024 0.92387944 -1 0.38268343
		 0.98078525 -1 0.19509032 1 -1 0 0.98078418 1 -0.19508962 0.92387861 1 -0.38268256
		 0.83146894 1 -0.55556923 0.70710635 1 -0.7071057 0.55557007 1 -0.83146846 0.38268349 1 -0.92387843
		 0.19509058 1 -0.98078424 4.4703484e-07 1 -0.99999905 -0.1950897 1 -0.98078442 -0.38268268 1 -0.92387885
		 -0.55556941 1 -0.83146912 -0.70710593 1 -0.70710647 -0.83146876 1 -0.55557013 -0.92387873 1 -0.38268349
		 -0.98078454 1 -0.19509052 -0.99999934 1 -3.2782555e-07 -0.98078477 1 0.19508991 -0.92387915 1 0.38268295
		 -0.83146936 1 0.55556971 -0.70710665 1 0.70710623 -0.55557019 1 0.83146912 -0.38268346 1 0.92387909
		 -0.19509043 1 0.98078489 -1.6391277e-07 1 0.9999997 0.19509013 1 0.98078507 0.38268322 1 0.92387938
		 0.55557001 1 0.83146954 0.70710659 1 0.70710677 0.83146948 1 0.55557024 0.92387944 1 0.38268343
		 0.98078525 1 0.19509032 1 1 0 0 -1 0 0 1 0;
	setAttr -s 160 ".ed[0:159]"  0 1 0 1 2 0 2 3 0 3 4 0 4 5 0 5 6 0 6 7 0
		 7 8 0 8 9 0 9 10 0 10 11 0 11 12 0 12 13 0 13 14 0 14 15 0 15 16 0 16 17 0 17 18 0
		 18 19 0 19 20 0 20 21 0 21 22 0 22 23 0 23 24 0 24 25 0 25 26 0 26 27 0 27 28 0 28 29 0
		 29 30 0 30 31 0 31 0 0 32 33 0 33 34 0 34 35 0 35 36 0 36 37 0 37 38 0 38 39 0 39 40 0
		 40 41 0 41 42 0 42 43 0 43 44 0 44 45 0 45 46 0 46 47 0 47 48 0 48 49 0 49 50 0 50 51 0
		 51 52 0 52 53 0 53 54 0 54 55 0 55 56 0 56 57 0 57 58 0 58 59 0 59 60 0 60 61 0 61 62 0
		 62 63 0 63 32 0 0 32 1 1 33 1 2 34 1 3 35 1 4 36 1 5 37 1 6 38 1 7 39 1 8 40 1 9 41 1
		 10 42 1 11 43 1 12 44 1 13 45 1 14 46 1 15 47 1 16 48 1 17 49 1 18 50 1 19 51 1 20 52 1
		 21 53 1 22 54 1 23 55 1 24 56 1 25 57 1 26 58 1 27 59 1 28 60 1 29 61 1 30 62 1 31 63 1
		 64 0 1 64 1 1 64 2 1 64 3 1 64 4 1 64 5 1 64 6 1 64 7 1 64 8 1 64 9 1 64 10 1 64 11 1
		 64 12 1 64 13 1 64 14 1 64 15 1 64 16 1 64 17 1 64 18 1 64 19 1 64 20 1 64 21 1 64 22 1
		 64 23 1 64 24 1 64 25 1 64 26 1 64 27 1 64 28 1 64 29 1 64 30 1 64 31 1 32 65 1 33 65 1
		 34 65 1 35 65 1 36 65 1 37 65 1 38 65 1 39 65 1 40 65 1 41 65 1 42 65 1 43 65 1 44 65 1
		 45 65 1 46 65 1 47 65 1 48 65 1 49 65 1 50 65 1 51 65 1 52 65 1 53 65 1 54 65 1 55 65 1
		 56 65 1 57 65 1 58 65 1 59 65 1 60 65 1 61 65 1 62 65 1 63 65 1;
	setAttr -s 96 -ch 320 ".fc[0:95]" -type "polyFaces" 
		f 4 0 65 -33 -65
		mu 0 4 32 33 66 65
		f 4 1 66 -34 -66
		mu 0 4 33 34 67 66
		f 4 2 67 -35 -67
		mu 0 4 34 35 68 67
		f 4 3 68 -36 -68
		mu 0 4 35 36 69 68
		f 4 4 69 -37 -69
		mu 0 4 36 37 70 69
		f 4 5 70 -38 -70
		mu 0 4 37 38 71 70
		f 4 6 71 -39 -71
		mu 0 4 38 39 72 71
		f 4 7 72 -40 -72
		mu 0 4 39 40 73 72
		f 4 8 73 -41 -73
		mu 0 4 40 41 74 73
		f 4 9 74 -42 -74
		mu 0 4 41 42 75 74
		f 4 10 75 -43 -75
		mu 0 4 42 43 76 75
		f 4 11 76 -44 -76
		mu 0 4 43 44 77 76
		f 4 12 77 -45 -77
		mu 0 4 44 45 78 77
		f 4 13 78 -46 -78
		mu 0 4 45 46 79 78
		f 4 14 79 -47 -79
		mu 0 4 46 47 80 79
		f 4 15 80 -48 -80
		mu 0 4 47 48 81 80
		f 4 16 81 -49 -81
		mu 0 4 48 49 82 81
		f 4 17 82 -50 -82
		mu 0 4 49 50 83 82
		f 4 18 83 -51 -83
		mu 0 4 50 51 84 83
		f 4 19 84 -52 -84
		mu 0 4 51 52 85 84
		f 4 20 85 -53 -85
		mu 0 4 52 53 86 85
		f 4 21 86 -54 -86
		mu 0 4 53 54 87 86
		f 4 22 87 -55 -87
		mu 0 4 54 55 88 87
		f 4 23 88 -56 -88
		mu 0 4 55 56 89 88
		f 4 24 89 -57 -89
		mu 0 4 56 57 90 89
		f 4 25 90 -58 -90
		mu 0 4 57 58 91 90
		f 4 26 91 -59 -91
		mu 0 4 58 59 92 91
		f 4 27 92 -60 -92
		mu 0 4 59 60 93 92
		f 4 28 93 -61 -93
		mu 0 4 60 61 94 93
		f 4 29 94 -62 -94
		mu 0 4 61 62 95 94
		f 4 30 95 -63 -95
		mu 0 4 62 63 96 95
		f 4 31 64 -64 -96
		mu 0 4 63 64 97 96
		f 3 -1 -97 97
		mu 0 3 1 0 130
		f 3 -2 -98 98
		mu 0 3 2 1 130
		f 3 -3 -99 99
		mu 0 3 3 2 130
		f 3 -4 -100 100
		mu 0 3 4 3 130
		f 3 -5 -101 101
		mu 0 3 5 4 130
		f 3 -6 -102 102
		mu 0 3 6 5 130
		f 3 -7 -103 103
		mu 0 3 7 6 130
		f 3 -8 -104 104
		mu 0 3 8 7 130
		f 3 -9 -105 105
		mu 0 3 9 8 130
		f 3 -10 -106 106
		mu 0 3 10 9 130
		f 3 -11 -107 107
		mu 0 3 11 10 130
		f 3 -12 -108 108
		mu 0 3 12 11 130
		f 3 -13 -109 109
		mu 0 3 13 12 130
		f 3 -14 -110 110
		mu 0 3 14 13 130
		f 3 -15 -111 111
		mu 0 3 15 14 130
		f 3 -16 -112 112
		mu 0 3 16 15 130
		f 3 -17 -113 113
		mu 0 3 17 16 130
		f 3 -18 -114 114
		mu 0 3 18 17 130
		f 3 -19 -115 115
		mu 0 3 19 18 130
		f 3 -20 -116 116
		mu 0 3 20 19 130
		f 3 -21 -117 117
		mu 0 3 21 20 130
		f 3 -22 -118 118
		mu 0 3 22 21 130
		f 3 -23 -119 119
		mu 0 3 23 22 130
		f 3 -24 -120 120
		mu 0 3 24 23 130
		f 3 -25 -121 121
		mu 0 3 25 24 130
		f 3 -26 -122 122
		mu 0 3 26 25 130
		f 3 -27 -123 123
		mu 0 3 27 26 130
		f 3 -28 -124 124
		mu 0 3 28 27 130
		f 3 -29 -125 125
		mu 0 3 29 28 130
		f 3 -30 -126 126
		mu 0 3 30 29 130
		f 3 -31 -127 127
		mu 0 3 31 30 130
		f 3 -32 -128 96
		mu 0 3 0 31 130
		f 3 32 129 -129
		mu 0 3 128 127 131
		f 3 33 130 -130
		mu 0 3 127 126 131
		f 3 34 131 -131
		mu 0 3 126 125 131
		f 3 35 132 -132
		mu 0 3 125 124 131
		f 3 36 133 -133
		mu 0 3 124 123 131
		f 3 37 134 -134
		mu 0 3 123 122 131
		f 3 38 135 -135
		mu 0 3 122 121 131
		f 3 39 136 -136
		mu 0 3 121 120 131
		f 3 40 137 -137
		mu 0 3 120 119 131
		f 3 41 138 -138
		mu 0 3 119 118 131
		f 3 42 139 -139
		mu 0 3 118 117 131
		f 3 43 140 -140
		mu 0 3 117 116 131
		f 3 44 141 -141
		mu 0 3 116 115 131
		f 3 45 142 -142
		mu 0 3 115 114 131
		f 3 46 143 -143
		mu 0 3 114 113 131
		f 3 47 144 -144
		mu 0 3 113 112 131
		f 3 48 145 -145
		mu 0 3 112 111 131
		f 3 49 146 -146
		mu 0 3 111 110 131
		f 3 50 147 -147
		mu 0 3 110 109 131
		f 3 51 148 -148
		mu 0 3 109 108 131
		f 3 52 149 -149
		mu 0 3 108 107 131
		f 3 53 150 -150
		mu 0 3 107 106 131
		f 3 54 151 -151
		mu 0 3 106 105 131
		f 3 55 152 -152
		mu 0 3 105 104 131
		f 3 56 153 -153
		mu 0 3 104 103 131
		f 3 57 154 -154
		mu 0 3 103 102 131
		f 3 58 155 -155
		mu 0 3 102 101 131
		f 3 59 156 -156
		mu 0 3 101 100 131
		f 3 60 157 -157
		mu 0 3 100 99 131
		f 3 61 158 -158
		mu 0 3 99 98 131
		f 3 62 159 -159
		mu 0 3 98 129 131
		f 3 63 128 -160
		mu 0 3 129 128 131;
	setAttr ".cd" -type "dataPolyComponent" Index_Data Edge 0 ;
	setAttr ".cvd" -type "dataPolyComponent" Index_Data Vertex 0 ;
	setAttr ".pd[0]" -type "dataPolyComponent" Index_Data UV 0 ;
	setAttr ".hfd" -type "dataPolyComponent" Index_Data Face 0 ;
createNode transform -n "pCube2";
	rename -uid "C8809AEF-4C71-0F02-8518-4FBDB5586441";
	setAttr ".t" -type "double3" 0 10.316020965576172 81.433921207464962 ;
	setAttr ".s" -type "double3" 100 5.3200244500532401 40 ;
	setAttr ".rp" -type "double3" 0 -10.316020965576172 0 ;
	setAttr ".sp" -type "double3" 0 -0.5000000018611086 0 ;
	setAttr ".spt" -type "double3" 0 -9.8160209637150633 0 ;
createNode mesh -n "pCubeShape2" -p "pCube2";
	rename -uid "210996B7-441E-9838-2C12-B98750DA8664";
	setAttr -k off ".v";
	setAttr ".vir" yes;
	setAttr ".vif" yes;
	setAttr ".pv" -type "double2" 0.61411309242248535 0.53282463550567627 ;
	setAttr ".uvst[0].uvsn" -type "string" "map1";
	setAttr ".cuvs" -type "string" "map1";
	setAttr ".dcc" -type "string" "Ambient+Diffuse";
	setAttr ".covm[0]"  0 1 1;
	setAttr ".cdvm[0]"  0 1 1;
createNode transform -n "pCube3";
	rename -uid "E9FF5828-4A6E-1A00-F1AB-5EB927F37CCF";
	setAttr ".v" no;
	setAttr ".t" -type "double3" -18.749999748674092 8.1725115266841151 81.071744133076521 ;
	setAttr ".s" -type "double3" 25 2.0271516731969643 25 ;
	setAttr ".rp" -type "double3" 12.499999748674092 -4.3299325759677849 0 ;
	setAttr ".sp" -type "double3" 0.49999998994696349 -0.50000011834297453 0 ;
	setAttr ".spt" -type "double3" 11.999999758727176 -3.8299324576248295 0 ;
createNode mesh -n "pCubeShape3" -p "pCube3";
	rename -uid "70D2C440-492C-E833-FDEB-80BC3E45B0E8";
	setAttr -k off ".v";
	setAttr ".vir" yes;
	setAttr ".vif" yes;
	setAttr ".uvst[0].uvsn" -type "string" "map1";
	setAttr ".cuvs" -type "string" "map1";
	setAttr ".dcc" -type "string" "Ambient+Diffuse";
	setAttr ".covm[0]"  0 1 1;
	setAttr ".cdvm[0]"  0 1 1;
createNode transform -n "pCylinder5";
	rename -uid "EB45A976-4D52-0686-D1D1-E7B5F8E42878";
	setAttr ".t" -type "double3" -2.9812879957950305 4.6224713418656282 65.818073063334197 ;
	setAttr ".s" -type "double3" 2.1118119054334099 2.1118119054334099 2.1118119054334099 ;
createNode mesh -n "pCylinderShape5" -p "pCylinder5";
	rename -uid "ECEB6D26-41DF-9584-A0F5-EAA5B9A62D22";
	setAttr -k off ".v";
	setAttr ".vir" yes;
	setAttr ".vif" yes;
	setAttr ".uvst[0].uvsn" -type "string" "map1";
	setAttr ".cuvs" -type "string" "map1";
	setAttr ".dcc" -type "string" "Ambient+Diffuse";
	setAttr ".covm[0]"  0 1 1;
	setAttr ".cdvm[0]"  0 1 1;
createNode transform -n "pCylinder6";
	rename -uid "8ECDD5F6-4035-8EB8-77E7-DAB6D513B32D";
	setAttr ".t" -type "double3" 3.0919355804207589 4.6224713418656282 65.818073063334197 ;
	setAttr ".s" -type "double3" 2.1118119054334099 2.1118119054334099 2.1118119054334099 ;
createNode mesh -n "pCylinderShape6" -p "pCylinder6";
	rename -uid "182160F1-4D25-A310-FBC1-0A9E259F8275";
	setAttr -k off ".v";
	setAttr ".vir" yes;
	setAttr ".vif" yes;
	setAttr ".uvst[0].uvsn" -type "string" "map1";
	setAttr -s 100 ".uvst[0].uvsp[0:99]" -type "float2" 0.65092582 0.11580956
		 0.63531637 0.07812506 0.61048537 0.04576464 0.578125 0.020933613 0.54044044 0.0053241849
		 0.5 8.9406967e-08 0.45955956 0.0053241551 0.42187506 0.020933583 0.38951463 0.045764595
		 0.36468357 0.078125015 0.34907413 0.11580953 0.34375006 0.15625 0.34907413 0.19669044
		 0.36468357 0.23437497 0.3895146 0.2667354 0.421875 0.29156643 0.45955953 0.30717587
		 0.5 0.31249997 0.54044044 0.30717587 0.578125 0.29156646 0.61048543 0.26673543 0.63531649
		 0.234375 0.65092587 0.19669047 0.65625 0.15625 0.375 0.3125 0.38541666 0.3125 0.39583331
		 0.3125 0.40624997 0.3125 0.41666663 0.3125 0.42708328 0.3125 0.43749994 0.3125 0.4479166
		 0.3125 0.45833325 0.3125 0.46874991 0.3125 0.47916657 0.3125 0.48958322 0.3125 0.49999988
		 0.3125 0.51041657 0.3125 0.52083325 0.3125 0.53124994 0.3125 0.54166663 0.3125 0.55208331
		 0.3125 0.5625 0.3125 0.57291669 0.3125 0.58333337 0.3125 0.59375006 0.3125 0.60416675
		 0.3125 0.61458343 0.3125 0.62500012 0.3125 0.375 0.6875 0.38541666 0.6875 0.39583331
		 0.6875 0.40624997 0.6875 0.41666663 0.6875 0.42708328 0.6875 0.43749994 0.6875 0.4479166
		 0.6875 0.45833325 0.6875 0.46874991 0.6875 0.47916657 0.6875 0.48958322 0.6875 0.49999988
		 0.6875 0.51041657 0.6875 0.52083325 0.6875 0.53124994 0.6875 0.54166663 0.6875 0.55208331
		 0.6875 0.5625 0.6875 0.57291669 0.6875 0.58333337 0.6875 0.59375006 0.6875 0.60416675
		 0.6875 0.61458343 0.6875 0.62500012 0.6875 0.65092582 0.80330956 0.63531637 0.76562506
		 0.61048537 0.73326463 0.578125 0.70843363 0.54044044 0.69282418 0.5 0.68750012 0.45955956
		 0.69282413 0.42187506 0.70843357 0.38951463 0.73326457 0.36468357 0.765625 0.34907413
		 0.80330956 0.34375006 0.84375 0.34907413 0.88419044 0.36468357 0.921875 0.3895146
		 0.95423543 0.421875 0.97906643 0.45955953 0.99467587 0.5 1 0.54044044 0.99467587
		 0.578125 0.97906649 0.61048543 0.95423543 0.63531649 0.921875 0.65092587 0.88419044
		 0.65625 0.84375 0.5 0.15625 0.5 0.84375;
	setAttr ".cuvs" -type "string" "map1";
	setAttr ".dcc" -type "string" "Ambient+Diffuse";
	setAttr ".covm[0]"  0 1 1;
	setAttr ".cdvm[0]"  0 1 1;
	setAttr -s 50 ".vt[0:49]"  0.96592534 -1 -0.25881881 0.86602497 -1 -0.49999964
		 0.70710647 -1 -0.70710629 0.49999982 -1 -0.86602485 0.25881901 -1 -0.96592522 1.1920929e-07 -1 -0.99999946
		 -0.25881881 -1 -0.9659254 -0.4999997 -1 -0.86602509 -0.70710647 -1 -0.70710659 -0.86602509 -1 -0.49999988
		 -0.96592551 -1 -0.25881901 -0.9999997 -1 -5.9604645e-08 -0.96592557 -1 0.25881892
		 -0.86602521 -1 0.49999982 -0.70710665 -1 0.70710659 -0.49999994 -1 0.86602521 -0.25881901 -1 0.96592563
		 -2.9802322e-08 -1 0.99999982 0.25881898 -1 0.96592569 0.49999991 -1 0.86602533 0.70710671 -1 0.70710677
		 0.86602539 -1 0.5 0.96592581 -1 0.25881904 1 -1 0 0.96592534 1 -0.25881881 0.86602497 1 -0.49999964
		 0.70710647 1 -0.70710629 0.49999982 1 -0.86602485 0.25881901 1 -0.96592522 1.1920929e-07 1 -0.99999946
		 -0.25881881 1 -0.9659254 -0.4999997 1 -0.86602509 -0.70710647 1 -0.70710659 -0.86602509 1 -0.49999988
		 -0.96592551 1 -0.25881901 -0.9999997 1 -5.9604645e-08 -0.96592557 1 0.25881892 -0.86602521 1 0.49999982
		 -0.70710665 1 0.70710659 -0.49999994 1 0.86602521 -0.25881901 1 0.96592563 -2.9802322e-08 1 0.99999982
		 0.25881898 1 0.96592569 0.49999991 1 0.86602533 0.70710671 1 0.70710677 0.86602539 1 0.5
		 0.96592581 1 0.25881904 1 1 0 0 -1 0 0 1 0;
	setAttr -s 120 ".ed[0:119]"  0 1 0 1 2 0 2 3 0 3 4 0 4 5 0 5 6 0 6 7 0
		 7 8 0 8 9 0 9 10 0 10 11 0 11 12 0 12 13 0 13 14 0 14 15 0 15 16 0 16 17 0 17 18 0
		 18 19 0 19 20 0 20 21 0 21 22 0 22 23 0 23 0 0 24 25 0 25 26 0 26 27 0 27 28 0 28 29 0
		 29 30 0 30 31 0 31 32 0 32 33 0 33 34 0 34 35 0 35 36 0 36 37 0 37 38 0 38 39 0 39 40 0
		 40 41 0 41 42 0 42 43 0 43 44 0 44 45 0 45 46 0 46 47 0 47 24 0 0 24 1 1 25 1 2 26 1
		 3 27 1 4 28 1 5 29 1 6 30 1 7 31 1 8 32 1 9 33 1 10 34 1 11 35 1 12 36 1 13 37 1
		 14 38 1 15 39 1 16 40 1 17 41 1 18 42 1 19 43 1 20 44 1 21 45 1 22 46 1 23 47 1 48 0 1
		 48 1 1 48 2 1 48 3 1 48 4 1 48 5 1 48 6 1 48 7 1 48 8 1 48 9 1 48 10 1 48 11 1 48 12 1
		 48 13 1 48 14 1 48 15 1 48 16 1 48 17 1 48 18 1 48 19 1 48 20 1 48 21 1 48 22 1 48 23 1
		 24 49 1 25 49 1 26 49 1 27 49 1 28 49 1 29 49 1 30 49 1 31 49 1 32 49 1 33 49 1 34 49 1
		 35 49 1 36 49 1 37 49 1 38 49 1 39 49 1 40 49 1 41 49 1 42 49 1 43 49 1 44 49 1 45 49 1
		 46 49 1 47 49 1;
	setAttr -s 72 -ch 240 ".fc[0:71]" -type "polyFaces" 
		f 4 0 49 -25 -49
		mu 0 4 24 25 50 49
		f 4 1 50 -26 -50
		mu 0 4 25 26 51 50
		f 4 2 51 -27 -51
		mu 0 4 26 27 52 51
		f 4 3 52 -28 -52
		mu 0 4 27 28 53 52
		f 4 4 53 -29 -53
		mu 0 4 28 29 54 53
		f 4 5 54 -30 -54
		mu 0 4 29 30 55 54
		f 4 6 55 -31 -55
		mu 0 4 30 31 56 55
		f 4 7 56 -32 -56
		mu 0 4 31 32 57 56
		f 4 8 57 -33 -57
		mu 0 4 32 33 58 57
		f 4 9 58 -34 -58
		mu 0 4 33 34 59 58
		f 4 10 59 -35 -59
		mu 0 4 34 35 60 59
		f 4 11 60 -36 -60
		mu 0 4 35 36 61 60
		f 4 12 61 -37 -61
		mu 0 4 36 37 62 61
		f 4 13 62 -38 -62
		mu 0 4 37 38 63 62
		f 4 14 63 -39 -63
		mu 0 4 38 39 64 63
		f 4 15 64 -40 -64
		mu 0 4 39 40 65 64
		f 4 16 65 -41 -65
		mu 0 4 40 41 66 65
		f 4 17 66 -42 -66
		mu 0 4 41 42 67 66
		f 4 18 67 -43 -67
		mu 0 4 42 43 68 67
		f 4 19 68 -44 -68
		mu 0 4 43 44 69 68
		f 4 20 69 -45 -69
		mu 0 4 44 45 70 69
		f 4 21 70 -46 -70
		mu 0 4 45 46 71 70
		f 4 22 71 -47 -71
		mu 0 4 46 47 72 71
		f 4 23 48 -48 -72
		mu 0 4 47 48 73 72
		f 3 -1 -73 73
		mu 0 3 1 0 98
		f 3 -2 -74 74
		mu 0 3 2 1 98
		f 3 -3 -75 75
		mu 0 3 3 2 98
		f 3 -4 -76 76
		mu 0 3 4 3 98
		f 3 -5 -77 77
		mu 0 3 5 4 98
		f 3 -6 -78 78
		mu 0 3 6 5 98
		f 3 -7 -79 79
		mu 0 3 7 6 98
		f 3 -8 -80 80
		mu 0 3 8 7 98
		f 3 -9 -81 81
		mu 0 3 9 8 98
		f 3 -10 -82 82
		mu 0 3 10 9 98
		f 3 -11 -83 83
		mu 0 3 11 10 98
		f 3 -12 -84 84
		mu 0 3 12 11 98
		f 3 -13 -85 85
		mu 0 3 13 12 98
		f 3 -14 -86 86
		mu 0 3 14 13 98
		f 3 -15 -87 87
		mu 0 3 15 14 98
		f 3 -16 -88 88
		mu 0 3 16 15 98
		f 3 -17 -89 89
		mu 0 3 17 16 98
		f 3 -18 -90 90
		mu 0 3 18 17 98
		f 3 -19 -91 91
		mu 0 3 19 18 98
		f 3 -20 -92 92
		mu 0 3 20 19 98
		f 3 -21 -93 93
		mu 0 3 21 20 98
		f 3 -22 -94 94
		mu 0 3 22 21 98
		f 3 -23 -95 95
		mu 0 3 23 22 98
		f 3 -24 -96 72
		mu 0 3 0 23 98
		f 3 24 97 -97
		mu 0 3 96 95 99
		f 3 25 98 -98
		mu 0 3 95 94 99
		f 3 26 99 -99
		mu 0 3 94 93 99
		f 3 27 100 -100
		mu 0 3 93 92 99
		f 3 28 101 -101
		mu 0 3 92 91 99
		f 3 29 102 -102
		mu 0 3 91 90 99
		f 3 30 103 -103
		mu 0 3 90 89 99
		f 3 31 104 -104
		mu 0 3 89 88 99
		f 3 32 105 -105
		mu 0 3 88 87 99
		f 3 33 106 -106
		mu 0 3 87 86 99
		f 3 34 107 -107
		mu 0 3 86 85 99
		f 3 35 108 -108
		mu 0 3 85 84 99
		f 3 36 109 -109
		mu 0 3 84 83 99
		f 3 37 110 -110
		mu 0 3 83 82 99
		f 3 38 111 -111
		mu 0 3 82 81 99
		f 3 39 112 -112
		mu 0 3 81 80 99
		f 3 40 113 -113
		mu 0 3 80 79 99
		f 3 41 114 -114
		mu 0 3 79 78 99
		f 3 42 115 -115
		mu 0 3 78 77 99
		f 3 43 116 -116
		mu 0 3 77 76 99
		f 3 44 117 -117
		mu 0 3 76 75 99
		f 3 45 118 -118
		mu 0 3 75 74 99
		f 3 46 119 -119
		mu 0 3 74 97 99
		f 3 47 96 -120
		mu 0 3 97 96 99;
	setAttr ".cd" -type "dataPolyComponent" Index_Data Edge 0 ;
	setAttr ".cvd" -type "dataPolyComponent" Index_Data Vertex 0 ;
	setAttr ".pd[0]" -type "dataPolyComponent" Index_Data UV 0 ;
	setAttr ".hfd" -type "dataPolyComponent" Index_Data Face 0 ;
createNode transform -n "pCube6";
	rename -uid "6E939077-4500-3467-98E5-93A353325949";
	setAttr ".t" -type "double3" -21.543717932819749 7.3471765518188477 78.352898434621324 ;
	setAttr ".s" -type "double3" 5.0350663137843421 5.0350663137843421 7.4983719377031832 ;
	setAttr ".rp" -type "double3" -4.012375460231406e-15 -1.4774456024169911 5.2952932182346402 ;
	setAttr ".sp" -type "double3" -4.4408920985006262e-16 -0.29343121030446673 0.87044837052569335 ;
	setAttr ".spt" -type "double3" -3.5682862503813434e-15 -1.1840143921125243 4.4248448477089468 ;
createNode mesh -n "pCubeShape6" -p "pCube6";
	rename -uid "1489B6E7-467B-952C-6DB5-2EAD37E78433";
	setAttr -k off ".v";
	setAttr -s 4 ".iog";
	setAttr ".vir" yes;
	setAttr ".vif" yes;
	setAttr ".pv" -type "double2" 0.5 0.5 ;
	setAttr ".uvst[0].uvsn" -type "string" "map1";
	setAttr ".cuvs" -type "string" "map1";
	setAttr ".dcc" -type "string" "Ambient+Diffuse";
	setAttr ".covm[0]"  0 1 1;
	setAttr ".cdvm[0]"  0 1 1;
createNode transform -n "pCube7";
	rename -uid "07CFEE8C-481E-05D5-7C73-79B6C950A7EA";
	setAttr ".t" -type "double3" -21.543717932819749 7.3471765518188477 78.352898434621324 ;
	setAttr ".r" -type "double3" 0 90 0 ;
	setAttr ".s" -type "double3" 5.0350663137843421 5.0350663137843421 7.4983719377031832 ;
	setAttr ".rp" -type "double3" -4.012375460231406e-15 -1.4774456024169911 5.2952932182346402 ;
	setAttr ".sp" -type "double3" -4.4408920985006262e-16 -0.29343121030446673 0.87044837052569335 ;
	setAttr ".spt" -type "double3" -3.5682862503813434e-15 -1.1840143921125243 4.4248448477089468 ;
createNode transform -n "pCube8";
	rename -uid "C5A3D4AB-4357-BC15-0FF3-0A86791816E3";
	setAttr ".t" -type "double3" -21.543717932819749 7.3471765518188477 78.352898434621324 ;
	setAttr ".r" -type "double3" 0 180 0 ;
	setAttr ".s" -type "double3" 5.0350663137843421 5.0350663137843421 7.4983719377031832 ;
	setAttr ".rp" -type "double3" -4.012375460231406e-15 -1.4774456024169911 5.2952932182346402 ;
	setAttr ".sp" -type "double3" -4.4408920985006262e-16 -0.29343121030446673 0.87044837052569335 ;
	setAttr ".spt" -type "double3" -3.5682862503813434e-15 -1.1840143921125243 4.4248448477089468 ;
createNode transform -n "pCube9";
	rename -uid "0DC3BF64-4613-9250-96B2-C2A84C521BA9";
	setAttr ".t" -type "double3" -21.543717932819749 7.3471765518188477 78.352898434621324 ;
	setAttr ".r" -type "double3" 0 270 0 ;
	setAttr ".s" -type "double3" 5.0350663137843421 5.0350663137843421 7.4983719377031832 ;
	setAttr ".rp" -type "double3" -4.012375460231406e-15 -1.4774456024169911 5.2952932182346402 ;
	setAttr ".sp" -type "double3" -4.4408920985006262e-16 -0.29343121030446673 0.87044837052569335 ;
	setAttr ".spt" -type "double3" -3.5682862503813434e-15 -1.1840143921125243 4.4248448477089468 ;
createNode transform -n "pCylinder7";
	rename -uid "2425EE58-4B53-8001-43D1-51B5E6E070F0";
	setAttr ".t" -type "double3" 6.8648809247536491 7.8814460786783478 75.701364807417619 ;
	setAttr ".s" -type "double3" 3.4398587947757928 3.4398587947757928 3.4398587947757928 ;
	setAttr ".rp" -type "double3" -3.9067308923516536e-16 -1.1194049867594043 9.3935518840942325e-07 ;
	setAttr ".sp" -type "double3" -8.8817841970012523e-16 -0.45879908671611025 3.8500391497109376e-07 ;
	setAttr ".spt" -type "double3" 4.9750533046495987e-16 -0.660605900043294 5.5435127343832949e-07 ;
createNode mesh -n "pCylinderShape7" -p "pCylinder7";
	rename -uid "23354570-48B1-0F17-B105-4C906BCC1AE5";
	setAttr -k off ".v";
	setAttr ".vir" yes;
	setAttr ".vif" yes;
	setAttr ".pv" -type "double2" 0.50000002980232239 0.48437674343585968 ;
	setAttr ".uvst[0].uvsn" -type "string" "map1";
	setAttr ".cuvs" -type "string" "map1";
	setAttr ".dcc" -type "string" "Ambient+Diffuse";
	setAttr ".covm[0]"  0 1 1;
	setAttr ".cdvm[0]"  0 1 1;
	setAttr -s 170 ".pt";
	setAttr ".pt[0:165]" -type "float3"  -0.88633192 0.45879918 0.23749258 -0.79466289 
		0.45879918 0.45879787 -0.64883977 0.45879918 0.64883888 -0.45879903 0.45879918 0.79466254 
		-0.23749201 0.45879918 0.88633132 -1.0484024e-07 0.45879918 0.91759753 0.23749186 
		0.45879918 0.88633132 0.4587988 0.45879918 0.79466254 0.64883959 0.45879918 0.64883888 
		0.79466277 0.45879918 0.45879939 0.88633192 0.45879918 0.23749258 0.91759825 0.45879918 
		0 0.88633192 0.45879918 -0.23749258 0.79466277 0.45879918 -0.45879939 0.64883959 
		0.45879918 -0.64883888 0.45879912 0.45879918 -0.79466254 0.23749186 0.45879918 -0.88633132 
		-1.0484024e-07 0.45879918 -0.91759753 -0.23749201 0.45879918 -0.88633132 -0.45879903 
		0.45879918 -0.79466254 -0.64883977 0.45879918 -0.64883888 -0.79466337 0.45879918 
		-0.45879939 -0.88633227 0.45879918 -0.23749258 -0.91759825 0.45879918 0 -1.0484024e-07 
		0.45879918 0 -1.0484024e-07 -0.45879918 0 -0.72680658 -0.44060811 0.19474798 -0.70717698 
		-0.45407352 0.18948749 -0.68401992 -0.45879918 0.18328261 -0.75244665 -0.44060811 
		0 -0.73212439 -0.45407352 0 -0.70815033 -0.45879918 0 -0.868608 -0.29506013 0.23274368 
		-0.88172352 -0.27490982 0.236258 -0.88633192 -0.25114295 0.23749258 -0.89925033 -0.29506013 
		0 -0.91282797 -0.27490982 0 -0.91759825 -0.25114295 0 -0.77877408 -0.29506013 0.44962394 
		-0.79053199 -0.27490982 0.45641258 -0.79466289 -0.25114295 0.45879787 -0.65163708 
		-0.44060811 0.37622216 -0.63403785 -0.45407352 0.36606205 -0.61327565 -0.45879918 
		0.35407326 -0.63586605 -0.29506013 0.63586569 -0.64546651 -0.27490982 0.6454671 -0.64883977 
		-0.25114295 0.64883888 -0.53206009 -0.44060811 0.53206027 -0.51768988 -0.45407352 
		0.5176878 -0.50073767 -0.45879918 0.50073564 -0.4496251 -0.29506013 0.77877378 -0.45641372 
		-0.27490982 0.79053086 -0.45879903 -0.25114295 0.79466254 -0.376223 -0.44060805 0.65163666 
		-0.36606193 -0.45407343 0.63403875 -0.35407531 -0.45879918 0.61327708 -0.23274323 
		-0.29506013 0.86860937 -0.2362572 -0.27490982 0.88172317 -0.23749201 -0.25114295 
		0.88633132 -0.19474761 -0.44060811 0.72680622 -0.18948761 -0.45407352 0.70717704 
		-0.18328287 -0.45879918 0.68401974 -1.0484024e-07 -0.29506022 0.89924961 -1.0484024e-07 
		-0.27490982 0.91282642 -1.0484024e-07 -0.25114295 0.91759753 -1.0484024e-07 -0.44060805 
		0.75244606 -1.0484024e-07 -0.45407352 0.73212409 -1.0484024e-07 -0.45879918 0.70814979 
		0.23274294 -0.29506013 0.86860937 0.23625705 -0.27490982 0.88172317 0.23749186 -0.25114295 
		0.88633132 0.194747 -0.44060811 0.72680622 0.18948761 -0.45407352 0.70717704 0.18328252 
		-0.45879918 0.68401974 0.4496246 -0.29506013 0.77877378 0.45641324 -0.27490982 0.79053086 
		0.4587988 -0.25114295 0.79466254 0.37622285 -0.44060811 0.65163666 0.36606139 -0.45407352 
		0.63403875 0.35407439 -0.45879918 0.61327708 0.63586551 -0.29506013 0.63586569 0.64546651 
		-0.27490982 0.6454671 0.64883959 -0.25114295 0.64883888 0.53206009 -0.44060811 0.53206027 
		0.51768988 -0.45407352 0.5176878 0.50073791 -0.45879918 0.50073564 0.77877313 -0.29506013 
		0.44962543 0.79053175 -0.27490982 0.4564141 0.79466277 -0.25114295 0.45879939 0.65163672 
		-0.44060805 0.37622404 0.63403755 -0.45407352 0.36606354 0.61327553 -0.45879918 0.3540749 
		0.86860824 -0.29506013 0.23274368 0.88172352 -0.27490982 0.236258 0.88633192 -0.25114295 
		0.23749258 0.72680688 -0.44060811 0.19474798 0.7071771 -0.45407352 0.18948749 0.6840198 
		-0.45879918 0.18328595 0.89925033 -0.29506013 0 0.91282797 -0.27490982 0 0.91759825 
		-0.25114295 0 0.75244594 -0.44060811 0 0.73212385 -0.45407352 0 0.70815003 -0.45879918 
		0 0.86860824 -0.29506013 -0.23274368 0.88172352 -0.27490982 -0.236258 0.88633192 
		-0.25114295 -0.23749258 0.72680688 -0.44060811 -0.19474627 0.7071771 -0.45407352 
		-0.18948749 0.6840198 -0.45879918 -0.18328261 0.77877313 -0.29506022 -0.44962543 
		0.79053175 -0.27490982 -0.4564141 0.79466277 -0.25114295 -0.45879939 0.65163743 -0.44060805 
		-0.37622404 0.63403785 -0.45407352 -0.36606354 0.61327553 -0.45879918 -0.3540749 
		0.63586551 -0.29506013 -0.63586569 0.64546651 -0.27490982 -0.6454671 0.64883959 -0.25114295 
		-0.64883888 0.53206009 -0.44060811 -0.53205687 0.51768988 -0.45407352 -0.5176878 
		0.50073791 -0.45879918 -0.50073564 0.4496251 -0.29506013 -0.77877378 0.45641392 -0.27490982 
		-0.79053086 0.45879912 -0.25114295 -0.79466254 0.376223 -0.44060811 -0.65163666 0.36606193 
		-0.45407352 -0.63403875 0.35407478 -0.45879918 -0.61327708 0.23274294 -0.29506013 
		-0.86860937 0.23625705 -0.27490982 -0.88172317 0.23749186 -0.25114295 -0.88633132 
		0.194747 -0.44060811 -0.72680622 0.18948761 -0.45407352 -0.70717704 0.18328252 -0.45879918 
		-0.68401974 -1.0484024e-07 -0.29506022 -0.89924961 -1.0484024e-07 -0.27490982 -0.91282642 
		-1.0484024e-07 -0.25114295 -0.91759753 -1.0484024e-07 -0.44060805 -0.75244606 -1.0484024e-07 
		-0.45407352 -0.73212409 -1.0484024e-07 -0.45879918 -0.70814979 -0.23274323 -0.29506013 
		-0.86860937 -0.2362572 -0.27490982 -0.88172317 -0.23749201 -0.25114295 -0.88633132 
		-0.19474761 -0.44060811 -0.72680622 -0.18948761 -0.45407352 -0.70717704 -0.18328287 
		-0.45879918 -0.68401974 -0.4496251 -0.29506022 -0.77877378 -0.45641372 -0.27490982 
		-0.79053086 -0.45879903 -0.25114295 -0.79466254 -0.376223 -0.44060805 -0.65163666 
		-0.36606193 -0.45407343 -0.63403875 -0.35407531 -0.45879918 -0.61327708 -0.63586605 
		-0.29506013 -0.63586569 -0.64546651 -0.27490982 -0.6454671 -0.64883977 -0.25114295 
		-0.64883888 -0.53206009 -0.44060811 -0.53205687 -0.51769018 -0.45407352 -0.5176878 
		-0.50073832 -0.45879918 -0.50073564 -0.77877408 -0.29506022 -0.44962543 -0.79053217 
		-0.27490982 -0.4564141 -0.79466337 -0.25114295 -0.45879939 -0.65163827 -0.44060805 
		-0.37622404 -0.63403869 -0.45407352 -0.36606354 -0.61327636 -0.45879918 -0.3540749 
		-0.86860931 -0.29506013 -0.23274368 -0.88172424 -0.27490982 -0.236258;
	setAttr ".pt[166:169]" -0.88633227 -0.25114295 -0.23749258 -0.72680736 -0.44060811 
		-0.19474627 -0.70717716 -0.45407352 -0.18948749 -0.68402046 -0.45879918 -0.18328261;
createNode mesh -n "polySurfaceShape3" -p "pCylinder7";
	rename -uid "74A09B84-4D69-0D75-AA13-C3933BB29F09";
	setAttr -k off ".v";
	setAttr ".io" yes;
	setAttr -s 4 ".iog";
	setAttr ".vir" yes;
	setAttr ".vif" yes;
	setAttr ".pv" -type "double2" 0.50000002980232239 0.84375 ;
	setAttr ".uvst[0].uvsn" -type "string" "map1";
	setAttr -s 100 ".uvst[0].uvsp[0:99]" -type "float2" 0.65092582 0.11580956
		 0.63531637 0.07812506 0.61048537 0.04576464 0.578125 0.020933613 0.54044044 0.0053241849
		 0.5 8.9406967e-08 0.45955956 0.0053241551 0.42187506 0.020933583 0.38951463 0.045764595
		 0.36468357 0.078125015 0.34907413 0.11580953 0.34375006 0.15625 0.34907413 0.19669044
		 0.36468357 0.23437497 0.3895146 0.2667354 0.421875 0.29156643 0.45955953 0.30717587
		 0.5 0.31249997 0.54044044 0.30717587 0.578125 0.29156646 0.61048543 0.26673543 0.63531649
		 0.234375 0.65092587 0.19669047 0.65625 0.15625 0.375 0.3125 0.38541666 0.3125 0.39583331
		 0.3125 0.40624997 0.3125 0.41666663 0.3125 0.42708328 0.3125 0.43749994 0.3125 0.4479166
		 0.3125 0.45833325 0.3125 0.46874991 0.3125 0.47916657 0.3125 0.48958322 0.3125 0.49999988
		 0.3125 0.51041657 0.3125 0.52083325 0.3125 0.53124994 0.3125 0.54166663 0.3125 0.55208331
		 0.3125 0.5625 0.3125 0.57291669 0.3125 0.58333337 0.3125 0.59375006 0.3125 0.60416675
		 0.3125 0.61458343 0.3125 0.62500012 0.3125 0.375 0.6875 0.38541666 0.6875 0.39583331
		 0.6875 0.40624997 0.6875 0.41666663 0.6875 0.42708328 0.6875 0.43749994 0.6875 0.4479166
		 0.6875 0.45833325 0.6875 0.46874991 0.6875 0.47916657 0.6875 0.48958322 0.6875 0.49999988
		 0.6875 0.51041657 0.6875 0.52083325 0.6875 0.53124994 0.6875 0.54166663 0.6875 0.55208331
		 0.6875 0.5625 0.6875 0.57291669 0.6875 0.58333337 0.6875 0.59375006 0.6875 0.60416675
		 0.6875 0.61458343 0.6875 0.62500012 0.6875 0.65092582 0.80330956 0.63531637 0.76562506
		 0.61048537 0.73326463 0.578125 0.70843363 0.54044044 0.69282418 0.5 0.68750012 0.45955956
		 0.69282413 0.42187506 0.70843357 0.38951463 0.73326457 0.36468357 0.765625 0.34907413
		 0.80330956 0.34375006 0.84375 0.34907413 0.88419044 0.36468357 0.921875 0.3895146
		 0.95423543 0.421875 0.97906643 0.45955953 0.99467587 0.5 1 0.54044044 0.99467587
		 0.578125 0.97906649 0.61048543 0.95423543 0.63531649 0.921875 0.65092587 0.88419044
		 0.65625 0.84375 0.5 0.15625 0.5 0.84375;
	setAttr ".cuvs" -type "string" "map1";
	setAttr ".dcc" -type "string" "Ambient+Diffuse";
	setAttr ".covm[0]"  0 1 1;
	setAttr ".cdvm[0]"  0 1 1;
	setAttr -s 50 ".pt[0:49]" -type "float3"  1.049692 -1.0867225 -0.28126439 
		0.94112843 -1.0867225 -0.54336035 0.7684285 -1.0867225 -0.76842856 0.54336041 -1.0867225 
		-0.94112855 0.28126425 -1.0867225 -1.0496929 -3.2386854e-08 -1.0867225 -1.0867207 
		-0.28126436 -1.0867225 -1.0496929 -0.54336035 -1.0867225 -0.94112867 -0.76842862 
		-1.0867225 -0.76842868 -0.94112867 -1.0867225 -0.54336131 -1.049693 -1.0867225 -0.28126448 
		-1.0867225 -1.0867225 -2.5909483e-07 -1.049693 -1.0867225 0.28126419 -0.94112867 
		-1.0867225 0.54336047 -0.76842868 -1.0867225 0.76842856 -0.54336131 -1.0867225 0.94112855 
		-0.28126448 -1.0867225 1.0496929 -1.94321e-07 -1.0867225 1.0867207 0.28126425 -1.0867225 
		1.0496929 0.54336029 -1.0867225 0.94112855 0.76842856 -1.0867225 0.76842862 0.94112867 
		-1.0867225 0.54336035 1.0496929 -1.0867225 0.28126425 1.0867225 -1.0867225 -1.94321e-07 
		1.049692 -0.99999976 -0.28126439 0.94112843 -0.99999976 -0.54336035 0.7684285 -0.99999976 
		-0.76842856 0.54336041 -0.99999976 -0.94112855 0.28126425 -0.99999976 -1.0496929 
		-3.2386854e-08 -0.99999976 -1.0867207 -0.28126436 -0.99999976 -1.0496929 -0.54336035 
		-0.99999976 -0.94112867 -0.76842862 -0.99999976 -0.76842868 -0.94112867 -0.99999976 
		-0.54336131 -1.049693 -0.99999976 -0.28126448 -1.0867225 -0.99999976 -2.5909483e-07 
		-1.049693 -0.99999976 0.28126419 -0.94112867 -0.99999976 0.54336047 -0.76842868 -0.99999976 
		0.76842856 -0.54336131 -0.99999976 0.94112855 -0.28126448 -0.99999976 1.0496929 -1.94321e-07 
		-0.99999976 1.0867207 0.28126425 -0.99999976 1.0496929 0.54336029 -0.99999976 0.94112855 
		0.76842856 -0.99999976 0.76842862 0.94112867 -0.99999976 0.54336035 1.0496929 -0.99999976 
		0.28126425 1.0867225 -0.99999976 -1.94321e-07 -1.6193425e-07 -1.0867225 -1.94321e-07 
		-1.6193425e-07 -0.99999976 -1.94321e-07;
	setAttr -s 50 ".vt[0:49]"  0.96592534 -1 -0.25881881 0.86602497 -1 -0.49999964
		 0.70710647 -1 -0.70710629 0.49999982 -1 -0.86602485 0.25881901 -1 -0.96592522 1.1920929e-07 -1 -0.99999946
		 -0.25881881 -1 -0.9659254 -0.4999997 -1 -0.86602509 -0.70710647 -1 -0.70710659 -0.86602509 -1 -0.49999988
		 -0.96592551 -1 -0.25881901 -0.9999997 -1 -5.9604645e-08 -0.96592557 -1 0.25881892
		 -0.86602521 -1 0.49999982 -0.70710665 -1 0.70710659 -0.49999994 -1 0.86602521 -0.25881901 -1 0.96592563
		 -2.9802322e-08 -1 0.99999982 0.25881898 -1 0.96592569 0.49999991 -1 0.86602533 0.70710671 -1 0.70710677
		 0.86602539 -1 0.5 0.96592581 -1 0.25881904 1 -1 0 0.96592534 1 -0.25881881 0.86602497 1 -0.49999964
		 0.70710647 1 -0.70710629 0.49999982 1 -0.86602485 0.25881901 1 -0.96592522 1.1920929e-07 1 -0.99999946
		 -0.25881881 1 -0.9659254 -0.4999997 1 -0.86602509 -0.70710647 1 -0.70710659 -0.86602509 1 -0.49999988
		 -0.96592551 1 -0.25881901 -0.9999997 1 -5.9604645e-08 -0.96592557 1 0.25881892 -0.86602521 1 0.49999982
		 -0.70710665 1 0.70710659 -0.49999994 1 0.86602521 -0.25881901 1 0.96592563 -2.9802322e-08 1 0.99999982
		 0.25881898 1 0.96592569 0.49999991 1 0.86602533 0.70710671 1 0.70710677 0.86602539 1 0.5
		 0.96592581 1 0.25881904 1 1 0 0 -1 0 0 1 0;
	setAttr -s 120 ".ed[0:119]"  0 1 0 1 2 0 2 3 0 3 4 0 4 5 0 5 6 0 6 7 0
		 7 8 0 8 9 0 9 10 0 10 11 0 11 12 0 12 13 0 13 14 0 14 15 0 15 16 0 16 17 0 17 18 0
		 18 19 0 19 20 0 20 21 0 21 22 0 22 23 0 23 0 0 24 25 0 25 26 0 26 27 0 27 28 0 28 29 0
		 29 30 0 30 31 0 31 32 0 32 33 0 33 34 0 34 35 0 35 36 0 36 37 0 37 38 0 38 39 0 39 40 0
		 40 41 0 41 42 0 42 43 0 43 44 0 44 45 0 45 46 0 46 47 0 47 24 0 0 24 1 1 25 1 2 26 1
		 3 27 1 4 28 1 5 29 1 6 30 1 7 31 1 8 32 1 9 33 1 10 34 1 11 35 1 12 36 1 13 37 1
		 14 38 1 15 39 1 16 40 1 17 41 1 18 42 1 19 43 1 20 44 1 21 45 1 22 46 1 23 47 1 48 0 1
		 48 1 1 48 2 1 48 3 1 48 4 1 48 5 1 48 6 1 48 7 1 48 8 1 48 9 1 48 10 1 48 11 1 48 12 1
		 48 13 1 48 14 1 48 15 1 48 16 1 48 17 1 48 18 1 48 19 1 48 20 1 48 21 1 48 22 1 48 23 1
		 24 49 1 25 49 1 26 49 1 27 49 1 28 49 1 29 49 1 30 49 1 31 49 1 32 49 1 33 49 1 34 49 1
		 35 49 1 36 49 1 37 49 1 38 49 1 39 49 1 40 49 1 41 49 1 42 49 1 43 49 1 44 49 1 45 49 1
		 46 49 1 47 49 1;
	setAttr -s 72 -ch 240 ".fc[0:71]" -type "polyFaces" 
		f 4 0 49 -25 -49
		mu 0 4 24 25 50 49
		f 4 1 50 -26 -50
		mu 0 4 25 26 51 50
		f 4 2 51 -27 -51
		mu 0 4 26 27 52 51
		f 4 3 52 -28 -52
		mu 0 4 27 28 53 52
		f 4 4 53 -29 -53
		mu 0 4 28 29 54 53
		f 4 5 54 -30 -54
		mu 0 4 29 30 55 54
		f 4 6 55 -31 -55
		mu 0 4 30 31 56 55
		f 4 7 56 -32 -56
		mu 0 4 31 32 57 56
		f 4 8 57 -33 -57
		mu 0 4 32 33 58 57
		f 4 9 58 -34 -58
		mu 0 4 33 34 59 58
		f 4 10 59 -35 -59
		mu 0 4 34 35 60 59
		f 4 11 60 -36 -60
		mu 0 4 35 36 61 60
		f 4 12 61 -37 -61
		mu 0 4 36 37 62 61
		f 4 13 62 -38 -62
		mu 0 4 37 38 63 62
		f 4 14 63 -39 -63
		mu 0 4 38 39 64 63
		f 4 15 64 -40 -64
		mu 0 4 39 40 65 64
		f 4 16 65 -41 -65
		mu 0 4 40 41 66 65
		f 4 17 66 -42 -66
		mu 0 4 41 42 67 66
		f 4 18 67 -43 -67
		mu 0 4 42 43 68 67
		f 4 19 68 -44 -68
		mu 0 4 43 44 69 68
		f 4 20 69 -45 -69
		mu 0 4 44 45 70 69
		f 4 21 70 -46 -70
		mu 0 4 45 46 71 70
		f 4 22 71 -47 -71
		mu 0 4 46 47 72 71
		f 4 23 48 -48 -72
		mu 0 4 47 48 73 72
		f 3 -1 -73 73
		mu 0 3 1 0 98
		f 3 -2 -74 74
		mu 0 3 2 1 98
		f 3 -3 -75 75
		mu 0 3 3 2 98
		f 3 -4 -76 76
		mu 0 3 4 3 98
		f 3 -5 -77 77
		mu 0 3 5 4 98
		f 3 -6 -78 78
		mu 0 3 6 5 98
		f 3 -7 -79 79
		mu 0 3 7 6 98
		f 3 -8 -80 80
		mu 0 3 8 7 98
		f 3 -9 -81 81
		mu 0 3 9 8 98
		f 3 -10 -82 82
		mu 0 3 10 9 98
		f 3 -11 -83 83
		mu 0 3 11 10 98
		f 3 -12 -84 84
		mu 0 3 12 11 98
		f 3 -13 -85 85
		mu 0 3 13 12 98
		f 3 -14 -86 86
		mu 0 3 14 13 98
		f 3 -15 -87 87
		mu 0 3 15 14 98
		f 3 -16 -88 88
		mu 0 3 16 15 98
		f 3 -17 -89 89
		mu 0 3 17 16 98
		f 3 -18 -90 90
		mu 0 3 18 17 98
		f 3 -19 -91 91
		mu 0 3 19 18 98
		f 3 -20 -92 92
		mu 0 3 20 19 98
		f 3 -21 -93 93
		mu 0 3 21 20 98
		f 3 -22 -94 94
		mu 0 3 22 21 98
		f 3 -23 -95 95
		mu 0 3 23 22 98
		f 3 -24 -96 72
		mu 0 3 0 23 98
		f 3 24 97 -97
		mu 0 3 96 95 99
		f 3 25 98 -98
		mu 0 3 95 94 99
		f 3 26 99 -99
		mu 0 3 94 93 99
		f 3 27 100 -100
		mu 0 3 93 92 99
		f 3 28 101 -101
		mu 0 3 92 91 99
		f 3 29 102 -102
		mu 0 3 91 90 99
		f 3 30 103 -103
		mu 0 3 90 89 99
		f 3 31 104 -104
		mu 0 3 89 88 99
		f 3 32 105 -105
		mu 0 3 88 87 99
		f 3 33 106 -106
		mu 0 3 87 86 99
		f 3 34 107 -107
		mu 0 3 86 85 99
		f 3 35 108 -108
		mu 0 3 85 84 99
		f 3 36 109 -109
		mu 0 3 84 83 99
		f 3 37 110 -110
		mu 0 3 83 82 99
		f 3 38 111 -111
		mu 0 3 82 81 99
		f 3 39 112 -112
		mu 0 3 81 80 99
		f 3 40 113 -113
		mu 0 3 80 79 99
		f 3 41 114 -114
		mu 0 3 79 78 99
		f 3 42 115 -115
		mu 0 3 78 77 99
		f 3 43 116 -116
		mu 0 3 77 76 99
		f 3 44 117 -117
		mu 0 3 76 75 99
		f 3 45 118 -118
		mu 0 3 75 74 99
		f 3 46 119 -119
		mu 0 3 74 97 99
		f 3 47 96 -120
		mu 0 3 97 96 99;
	setAttr ".cd" -type "dataPolyComponent" Index_Data Edge 0 ;
	setAttr ".cvd" -type "dataPolyComponent" Index_Data Vertex 0 ;
	setAttr ".pd[0]" -type "dataPolyComponent" Index_Data UV 0 ;
	setAttr ".hfd" -type "dataPolyComponent" Index_Data Face 0 ;
createNode transform -n "pCylinder8";
	rename -uid "33C5219B-4363-B88E-FAEB-1F9291D3B533";
	setAttr ".t" -type "double3" 16.864880924753649 7.8814460786783478 75.701364807417619 ;
	setAttr ".s" -type "double3" 3.4398587947757928 3.4398587947757928 3.4398587947757928 ;
	setAttr ".rp" -type "double3" -3.9067308923516536e-16 -1.1194049867594043 9.3935518840942325e-07 ;
	setAttr ".sp" -type "double3" -8.8817841970012523e-16 -0.45879908671611025 3.8500391497109376e-07 ;
	setAttr ".spt" -type "double3" 4.9750533046495987e-16 -0.660605900043294 5.5435127343832949e-07 ;
createNode mesh -n "pCylinderShape8" -p "pCylinder8";
	rename -uid "E14C563E-4CF5-D636-EAFD-35985A17EBF5";
	setAttr -k off ".v";
	setAttr ".vir" yes;
	setAttr ".vif" yes;
	setAttr ".pv" -type "double2" 0.50000002980232239 0.48437674343585968 ;
	setAttr ".uvst[0].uvsn" -type "string" "map1";
	setAttr -s 293 ".uvst[0].uvsp";
	setAttr ".uvst[0].uvsp[0:249]" -type "float2" 0.65092582 0.11580956 0.63531637
		 0.07812506 0.61048537 0.04576464 0.578125 0.020933613 0.54044044 0.0053241849 0.5
		 8.9406967e-08 0.45955956 0.0053241551 0.42187506 0.020933583 0.38951463 0.045764595
		 0.36468357 0.078125015 0.34907413 0.11580953 0.34375006 0.15625 0.34907413 0.19669044
		 0.36468357 0.23437497 0.3895146 0.2667354 0.421875 0.29156643 0.45955953 0.30717587
		 0.5 0.31249997 0.54044044 0.30717587 0.578125 0.29156646 0.61048543 0.26673543 0.63531649
		 0.234375 0.65092587 0.19669047 0.65625 0.15625 0.5 0.15625 0.62489599 0.62058413
		 0.61552089 0.68006563 0.37593746 0.68006575 0.38531247 0.62058383 0.38635406 0.68006581
		 0.39572915 0.620583 0.39677072 0.68006545 0.40614581 0.62058371 0.40718737 0.68006593
		 0.4165625 0.62058377 0.41760406 0.68006587 0.42697912 0.62058389 0.42802069 0.68006575
		 0.43739581 0.62058377 0.43843737 0.68006587 0.44781247 0.62058371 0.44885403 0.68006587
		 0.45822909 0.62058377 0.45927069 0.68006557 0.46864572 0.62058383 0.46968728 0.68006575
		 0.47906238 0.62058383 0.48010394 0.68006575 0.48947906 0.62058389 0.49052063 0.68006575
		 0.49989578 0.62058401 0.50093734 0.68006593 0.51031244 0.62058407 0.51135403 0.68006575
		 0.52072906 0.62058383 0.52177066 0.68006587 0.53114581 0.62058342 0.5321874 0.68006593
		 0.5415625 0.62058377 0.54260409 0.68006587 0.55197918 0.62058389 0.55302072 0.68006575
		 0.56239581 0.62058377 0.56343746 0.68006587 0.5728125 0.62058371 0.57385409 0.68006587
		 0.58322924 0.62058377 0.58427083 0.68006587 0.59364593 0.62058377 0.59468746 0.68006575
		 0.60406256 0.62058383 0.60510421 0.68006581 0.6144793 0.62058389 0.37500003 0.3125
		 0.38541663 0.3125 0.37500003 0.60263586 0.39583328 0.3125 0.38541663 0.60263598 0.40624994
		 0.3125 0.39583331 0.60263515 0.4166666 0.3125 0.40624994 0.60263592 0.42708328 0.3125
		 0.41666663 0.60263598 0.43749994 0.3125 0.42708328 0.60263598 0.4479166 0.3125 0.43749994
		 0.60263598 0.45833325 0.3125 0.44791663 0.60263604 0.46874988 0.3125 0.45833328 0.60263598
		 0.47916654 0.3125 0.46874988 0.60263592 0.48958322 0.3125 0.47916654 0.60263592 0.49999988
		 0.3125 0.48958319 0.60263598 0.51041657 0.3125 0.49999994 0.60263604 0.52083319 0.3125
		 0.51041657 0.60263616 0.53124988 0.3125 0.52083319 0.60263598 0.54166663 0.3125 0.53124994
		 0.60263562 0.55208331 0.3125 0.54166663 0.60263598 0.5625 0.3125 0.55208331 0.60263598
		 0.57291669 0.3125 0.5625 0.60263598 0.58333337 0.3125 0.57291669 0.60263598 0.59375006
		 0.3125 0.58333337 0.60263598 0.60416675 0.3125 0.59375006 0.60263592 0.61458343 0.3125
		 0.60416675 0.60263586 0.62500012 0.3125 0.61458343 0.60263598 0.60442948 0.90404224
		 0.58526629 0.92901629 0.5602926 0.9481799 0.53120971 0.960226 0.49999997 0.96433491
		 0.46879035 0.96022582 0.43970749 0.94817978 0.41473368 0.92901599 0.39557043 0.9040423
		 0.38352403 0.87495983 0.37941527 0.84375 0.38352391 0.81254035 0.39557052 0.7834577
		 0.41473368 0.75848407 0.43970749 0.73932022 0.46879038 0.72727406 0.50000006 0.72316521
		 0.53120965 0.72727412 0.56029248 0.73932022 0.58526647 0.75848407 0.60442942 0.78345782
		 0.61647576 0.81254029 0.62058502 0.84375 0.61647606 0.87495959 0.50000006 0.84375
		 0.62406278 0.68006587 0.61364603 0.68006569 0.37510419 0.62058377 0.62500012 0.60263622
		 0.61468756 0.62058383 0.38552079 0.62058389 0.38447922 0.68006569 0.39593747 0.620583
		 0.39489588 0.68006533 0.4063541 0.62058365 0.40531254 0.68006593 0.41677079 0.62058377
		 0.41572922 0.68006587 0.42718741 0.62058389 0.42614588 0.68006575 0.4376041 0.62058383
		 0.43656251 0.68006587 0.44802076 0.62058401 0.44697922 0.68006575 0.45843744 0.62058407
		 0.45739585 0.68006557 0.46885401 0.62058383 0.46781245 0.68006581 0.47927067 0.62058389
		 0.47822911 0.68006569 0.48968735 0.62058389 0.48864579 0.68006575 0.50010407 0.62058395
		 0.49906239 0.68006581 0.5105207 0.62058407 0.50947922 0.68006581 0.52093738 0.62058377
		 0.51989579 0.68006575 0.53135413 0.62058336 0.53031254 0.68006587 0.54177076 0.62058377
		 0.54072922 0.68006593 0.55218744 0.62058389 0.55114591 0.68006575 0.56260413 0.62058383
		 0.56156254 0.68006581 0.57302082 0.62058389 0.57197922 0.68006581 0.5834375 0.62058389
		 0.58239603 0.68006581 0.59385419 0.62058383 0.59281266 0.68006575 0.60427088 0.62058383
		 0.60322934 0.68006557 0.37604159 0.6875 0.62074393 0.87610322 0.62395865 0.68750006
		 0.62500346 0.84375 0.6135419 0.6875 0.61562502 0.6875 0.62500012 0.61314988 0.37500003
		 0.61314952 0.61458343 0.61314964 0.38541663 0.61314964 0.38645819 0.6875 0.6082561
		 0.90625167 0.3843751 0.68749994 0.39583331 0.61314881 0.39687485 0.6875 0.58839077
		 0.93214077 0.39479172 0.68750006 0.40624994 0.61314958 0.40729153 0.6875 0.56250173
		 0.95200622 0.40520844 0.68750006 0.41666663 0.61314964 0.41770819 0.6875 0.53235328
		 0.96449393 0.4156251 0.6875 0.42708328 0.61314964 0.42812482 0.6875 0.5 0.9687534
		 0.42604175 0.6875 0.43749994 0.61314964 0.4385415 0.6875 0.46764672 0.96449387 0.43645838
		 0.6875 0.44791663 0.6131497 0.44895813 0.6875 0.43749827 0.95200628 0.44687507 0.6875
		 0.45833328 0.61314964 0.45937485 0.6875 0.41160932 0.93214059 0.45729172 0.6875 0.46874988
		 0.61314958 0.46979141 0.6875 0.39174387 0.90625173 0.46770832 0.68750006 0.47916651
		 0.61314958 0.4802081 0.6875 0.37925604 0.87610322 0.47812498 0.68749994 0.48958319
		 0.61314964 0.49062479 0.6875 0.37499681 0.84375 0.48854166 0.6875 0.49999994 0.6131497;
	setAttr ".uvst[0].uvsp[250:292]" 0.50104147 0.6875 0.37925601 0.81139678 0.49895832
		 0.6875 0.51041657 0.61314982 0.51145816 0.6875 0.39174393 0.78124833 0.5093751 0.68750006
		 0.52083319 0.61314964 0.52187479 0.6875 0.41160932 0.75535947 0.51979166 0.68749994
		 0.53124994 0.61314929 0.53229153 0.6875 0.43749833 0.73549384 0.53020841 0.6875 0.54166663
		 0.61314964 0.54270822 0.6875 0.46764681 0.72300613 0.5406251 0.68750006 0.55208331
		 0.61314964 0.55312485 0.6875 0.5 0.71874672 0.55104178 0.6875 0.5625 0.61314964 0.56354159
		 0.6875 0.53235322 0.72300619 0.56145841 0.6875 0.57291669 0.61314964 0.57395822 0.6875
		 0.56250167 0.73549384 0.5718751 0.6875 0.58333337 0.61314964 0.58437496 0.6875 0.58839077
		 0.75535947 0.5822919 0.6875 0.59375006 0.61314958 0.59479159 0.6875 0.6082561 0.78124833
		 0.59270853 0.6875 0.60416675 0.61314958 0.62074375 0.81139666 0.60312521 0.68750006
		 0.60520828 0.6875;
	setAttr ".cuvs" -type "string" "map1";
	setAttr ".dcc" -type "string" "Ambient+Diffuse";
	setAttr ".covm[0]"  0 1 1;
	setAttr ".cdvm[0]"  0 1 1;
	setAttr -s 170 ".pt";
	setAttr ".pt[0:165]" -type "float3"  -0.88633192 0.45879918 0.23749258 -0.79466289 
		0.45879918 0.45879787 -0.64883977 0.45879918 0.64883888 -0.45879903 0.45879918 0.79466254 
		-0.23749201 0.45879918 0.88633132 -1.0484024e-07 0.45879918 0.91759753 0.23749186 
		0.45879918 0.88633132 0.4587988 0.45879918 0.79466254 0.64883959 0.45879918 0.64883888 
		0.79466277 0.45879918 0.45879939 0.88633192 0.45879918 0.23749258 0.91759825 0.45879918 
		0 0.88633192 0.45879918 -0.23749258 0.79466277 0.45879918 -0.45879939 0.64883959 
		0.45879918 -0.64883888 0.45879912 0.45879918 -0.79466254 0.23749186 0.45879918 -0.88633132 
		-1.0484024e-07 0.45879918 -0.91759753 -0.23749201 0.45879918 -0.88633132 -0.45879903 
		0.45879918 -0.79466254 -0.64883977 0.45879918 -0.64883888 -0.79466337 0.45879918 
		-0.45879939 -0.88633227 0.45879918 -0.23749258 -0.91759825 0.45879918 0 -1.0484024e-07 
		0.45879918 0 -1.0484024e-07 -0.45879918 0 -0.72680658 -0.44060811 0.19474798 -0.70717698 
		-0.45407352 0.18948749 -0.68401992 -0.45879918 0.18328261 -0.75244665 -0.44060811 
		0 -0.73212439 -0.45407352 0 -0.70815033 -0.45879918 0 -0.868608 -0.29506013 0.23274368 
		-0.88172352 -0.27490982 0.236258 -0.88633192 -0.25114295 0.23749258 -0.89925033 -0.29506013 
		0 -0.91282797 -0.27490982 0 -0.91759825 -0.25114295 0 -0.77877408 -0.29506013 0.44962394 
		-0.79053199 -0.27490982 0.45641258 -0.79466289 -0.25114295 0.45879787 -0.65163708 
		-0.44060811 0.37622216 -0.63403785 -0.45407352 0.36606205 -0.61327565 -0.45879918 
		0.35407326 -0.63586605 -0.29506013 0.63586569 -0.64546651 -0.27490982 0.6454671 -0.64883977 
		-0.25114295 0.64883888 -0.53206009 -0.44060811 0.53206027 -0.51768988 -0.45407352 
		0.5176878 -0.50073767 -0.45879918 0.50073564 -0.4496251 -0.29506013 0.77877378 -0.45641372 
		-0.27490982 0.79053086 -0.45879903 -0.25114295 0.79466254 -0.376223 -0.44060805 0.65163666 
		-0.36606193 -0.45407343 0.63403875 -0.35407531 -0.45879918 0.61327708 -0.23274323 
		-0.29506013 0.86860937 -0.2362572 -0.27490982 0.88172317 -0.23749201 -0.25114295 
		0.88633132 -0.19474761 -0.44060811 0.72680622 -0.18948761 -0.45407352 0.70717704 
		-0.18328287 -0.45879918 0.68401974 -1.0484024e-07 -0.29506022 0.89924961 -1.0484024e-07 
		-0.27490982 0.91282642 -1.0484024e-07 -0.25114295 0.91759753 -1.0484024e-07 -0.44060805 
		0.75244606 -1.0484024e-07 -0.45407352 0.73212409 -1.0484024e-07 -0.45879918 0.70814979 
		0.23274294 -0.29506013 0.86860937 0.23625705 -0.27490982 0.88172317 0.23749186 -0.25114295 
		0.88633132 0.194747 -0.44060811 0.72680622 0.18948761 -0.45407352 0.70717704 0.18328252 
		-0.45879918 0.68401974 0.4496246 -0.29506013 0.77877378 0.45641324 -0.27490982 0.79053086 
		0.4587988 -0.25114295 0.79466254 0.37622285 -0.44060811 0.65163666 0.36606139 -0.45407352 
		0.63403875 0.35407439 -0.45879918 0.61327708 0.63586551 -0.29506013 0.63586569 0.64546651 
		-0.27490982 0.6454671 0.64883959 -0.25114295 0.64883888 0.53206009 -0.44060811 0.53206027 
		0.51768988 -0.45407352 0.5176878 0.50073791 -0.45879918 0.50073564 0.77877313 -0.29506013 
		0.44962543 0.79053175 -0.27490982 0.4564141 0.79466277 -0.25114295 0.45879939 0.65163672 
		-0.44060805 0.37622404 0.63403755 -0.45407352 0.36606354 0.61327553 -0.45879918 0.3540749 
		0.86860824 -0.29506013 0.23274368 0.88172352 -0.27490982 0.236258 0.88633192 -0.25114295 
		0.23749258 0.72680688 -0.44060811 0.19474798 0.7071771 -0.45407352 0.18948749 0.6840198 
		-0.45879918 0.18328595 0.89925033 -0.29506013 0 0.91282797 -0.27490982 0 0.91759825 
		-0.25114295 0 0.75244594 -0.44060811 0 0.73212385 -0.45407352 0 0.70815003 -0.45879918 
		0 0.86860824 -0.29506013 -0.23274368 0.88172352 -0.27490982 -0.236258 0.88633192 
		-0.25114295 -0.23749258 0.72680688 -0.44060811 -0.19474627 0.7071771 -0.45407352 
		-0.18948749 0.6840198 -0.45879918 -0.18328261 0.77877313 -0.29506022 -0.44962543 
		0.79053175 -0.27490982 -0.4564141 0.79466277 -0.25114295 -0.45879939 0.65163743 -0.44060805 
		-0.37622404 0.63403785 -0.45407352 -0.36606354 0.61327553 -0.45879918 -0.3540749 
		0.63586551 -0.29506013 -0.63586569 0.64546651 -0.27490982 -0.6454671 0.64883959 -0.25114295 
		-0.64883888 0.53206009 -0.44060811 -0.53205687 0.51768988 -0.45407352 -0.5176878 
		0.50073791 -0.45879918 -0.50073564 0.4496251 -0.29506013 -0.77877378 0.45641392 -0.27490982 
		-0.79053086 0.45879912 -0.25114295 -0.79466254 0.376223 -0.44060811 -0.65163666 0.36606193 
		-0.45407352 -0.63403875 0.35407478 -0.45879918 -0.61327708 0.23274294 -0.29506013 
		-0.86860937 0.23625705 -0.27490982 -0.88172317 0.23749186 -0.25114295 -0.88633132 
		0.194747 -0.44060811 -0.72680622 0.18948761 -0.45407352 -0.70717704 0.18328252 -0.45879918 
		-0.68401974 -1.0484024e-07 -0.29506022 -0.89924961 -1.0484024e-07 -0.27490982 -0.91282642 
		-1.0484024e-07 -0.25114295 -0.91759753 -1.0484024e-07 -0.44060805 -0.75244606 -1.0484024e-07 
		-0.45407352 -0.73212409 -1.0484024e-07 -0.45879918 -0.70814979 -0.23274323 -0.29506013 
		-0.86860937 -0.2362572 -0.27490982 -0.88172317 -0.23749201 -0.25114295 -0.88633132 
		-0.19474761 -0.44060811 -0.72680622 -0.18948761 -0.45407352 -0.70717704 -0.18328287 
		-0.45879918 -0.68401974 -0.4496251 -0.29506022 -0.77877378 -0.45641372 -0.27490982 
		-0.79053086 -0.45879903 -0.25114295 -0.79466254 -0.376223 -0.44060805 -0.65163666 
		-0.36606193 -0.45407343 -0.63403875 -0.35407531 -0.45879918 -0.61327708 -0.63586605 
		-0.29506013 -0.63586569 -0.64546651 -0.27490982 -0.6454671 -0.64883977 -0.25114295 
		-0.64883888 -0.53206009 -0.44060811 -0.53205687 -0.51769018 -0.45407352 -0.5176878 
		-0.50073832 -0.45879918 -0.50073564 -0.77877408 -0.29506022 -0.44962543 -0.79053217 
		-0.27490982 -0.4564141 -0.79466337 -0.25114295 -0.45879939 -0.65163827 -0.44060805 
		-0.37622404 -0.63403869 -0.45407352 -0.36606354 -0.61327636 -0.45879918 -0.3540749 
		-0.86860931 -0.29506013 -0.23274368 -0.88172424 -0.27490982 -0.236258;
	setAttr ".pt[166:169]" -0.88633227 -0.25114295 -0.23749258 -0.72680736 -0.44060811 
		-0.19474627 -0.70717716 -0.45407352 -0.18948749 -0.68402046 -0.45879918 -0.18328261;
	setAttr -s 170 ".vt";
	setAttr ".vt[0:165]"  2.015617847 -2.086722374 -0.54008484 1.80715322 -2.086722374 -1.043357849
		 1.47553492 -2.086722374 -1.47553253 1.043360233 -2.086722374 -1.80715179 0.54008341 -2.086722374 -2.015617371
		 0 -2.086722374 -2.086719513 -0.54008341 -2.086722374 -2.015617371 -1.043360233 -2.086722374 -1.80715179
		 -1.47553492 -2.086722374 -1.47553253 -1.80715322 -2.086722374 -1.043361664 -2.015618324 -2.086722374 -0.54008484
		 -2.086722374 -2.086722374 0 -2.015618324 -2.086722374 0.54008484 -1.80715322 -2.086722374 1.043361664
		 -1.47553492 -2.086722374 1.47553253 -1.043361187 -2.086722374 1.80715179 -0.54008341 -2.086722374 2.015617371
		 0 -2.086722374 2.086719513 0.54008341 -2.086722374 2.015617371 1.043360233 -2.086722374 1.80715179
		 1.47553492 -2.086722374 1.47553253 1.80715418 -2.086722374 1.043361664 2.015618801 -2.086722374 0.54008484
		 2.086721897 -2.086722374 0 0 -2.086722374 0 0 2.3841858e-07 0 1.65284014 -0.041368484 -0.44287872
		 1.6081996 -0.010746479 -0.43091583 1.55553865 2.3841858e-07 -0.41680527 1.71114874 -0.041368484 0
		 1.66493273 -0.010746479 0 1.61041307 2.3841858e-07 0 1.97531271 -0.37236118 -0.52928543
		 2.0051388741 -0.418185 -0.53727722 2.015617847 -0.47223377 -0.54008484 2.044996738 -0.37236118 0
		 2.075872898 -0.418185 0 2.086721897 -0.47223377 0 1.77101946 -0.37236118 -1.02249527
		 1.79775858 -0.418185 -1.03793335 1.80715322 -0.47223377 -1.043357849 1.48189592 -0.041368484 -0.85557175
		 1.44187307 -0.010746479 -0.83246613 1.39465761 2.3841858e-07 -0.80520248 1.44603109 -0.37236118 -1.44602966
		 1.46786356 -0.418185 -1.46786499 1.47553492 -0.47223377 -1.47553253 1.20996428 -0.041368484 -1.20996475
		 1.17728472 -0.010746479 -1.17728043 1.13873339 2.3841858e-07 -1.1387291 1.022497654 -0.37236118 -1.77101898
		 1.037935734 -0.418185 -1.7977562 1.043360233 -0.47223377 -1.80715179 0.85557318 -0.041368723 -1.48189545
		 0.83246565 -0.010746717 -1.44187546 0.80520678 2.3841858e-07 -1.39466095 0.529284 -0.37236118 -1.97531509
		 0.53727531 -0.418185 -2.0051383972 0.54008341 -0.47223377 -2.015617371 0.44287777 -0.041368484 -1.65283966
		 0.43091583 -0.010746479 -1.60820007 0.41680574 2.3841858e-07 -1.55553818 0 -0.37236094 -2.044994354
		 0 -0.418185 -2.075870514 0 -0.47223377 -2.086719513 0 -0.041368723 -1.71114731 0 -0.010746479 -1.66493225
		 0 2.3841858e-07 -1.6104126 -0.529284 -0.37236118 -1.97531509 -0.53727531 -0.418185 -2.0051383972
		 -0.54008341 -0.47223377 -2.015617371 -0.44287682 -0.041368484 -1.65283966 -0.43091631 -0.010746479 -1.60820007
		 -0.41680527 2.3841858e-07 -1.55553818 -1.022497177 -0.37236118 -1.77101898 -1.037935734 -0.418185 -1.7977562
		 -1.043360233 -0.47223377 -1.80715179 -0.85557318 -0.041368484 -1.48189545 -0.83246517 -0.010746479 -1.44187546
		 -0.80520535 2.3841858e-07 -1.39466095 -1.44602966 -0.37236118 -1.44602966 -1.46786404 -0.418185 -1.46786499
		 -1.47553492 -0.47223377 -1.47553253 -1.20996475 -0.041368484 -1.20996475 -1.17728519 -0.010746479 -1.17728043
		 -1.13873434 2.3841858e-07 -1.1387291 -1.77101803 -0.37236118 -1.022499084 -1.7977581 -0.418185 -1.037937164
		 -1.80715322 -0.47223377 -1.043361664 -1.48189592 -0.041368723 -0.85557556 -1.44187307 -0.010746479 -0.83246994
		 -1.39465761 2.3841858e-07 -0.8052063 -1.97531366 -0.37236118 -0.52928543 -2.0051393509 -0.418185 -0.53727722
		 -2.015618324 -0.47223377 -0.54008484 -1.65284109 -0.041368484 -0.44287872 -1.60820055 -0.010746479 -0.43091583
		 -1.55553865 2.3841858e-07 -0.4168129 -2.044996738 -0.37236118 0 -2.075873375 -0.418185 0
		 -2.086722374 -0.47223377 0 -1.71114683 -0.041368484 0 -1.66493225 -0.010746479 0
		 -1.61041307 2.3841858e-07 0 -1.97531366 -0.37236118 0.52928543 -2.0051393509 -0.418185 0.53727722
		 -2.015618324 -0.47223377 0.54008484 -1.65284109 -0.041368484 0.44287491 -1.60820055 -0.010746479 0.43091583
		 -1.55553865 2.3841858e-07 0.41680527 -1.77101803 -0.37236094 1.022499084 -1.7977581 -0.418185 1.037937164
		 -1.80715322 -0.47223377 1.043361664 -1.48189688 -0.041368723 0.85557556 -1.44187355 -0.010746479 0.83246994
		 -1.39465761 2.3841858e-07 0.8052063 -1.44602966 -0.37236118 1.44602966 -1.46786404 -0.418185 1.46786499
		 -1.47553492 -0.47223377 1.47553253 -1.20996475 -0.041368484 1.20995712 -1.17728519 -0.010746479 1.17728043
		 -1.13873434 2.3841858e-07 1.1387291 -1.022498131 -0.37236118 1.77101898 -1.037936687 -0.418185 1.7977562
		 -1.043361187 -0.47223377 1.80715179 -0.85557365 -0.041368484 1.48189545 -0.83246613 -0.010746479 1.44187546
		 -0.8052063 2.3841858e-07 1.39466095 -0.529284 -0.37236118 1.97531509 -0.53727531 -0.418185 2.0051383972
		 -0.54008341 -0.47223377 2.015617371 -0.44287682 -0.041368484 1.65283966 -0.43091631 -0.010746479 1.60820007
		 -0.41680527 2.3841858e-07 1.55553818 0 -0.37236094 2.044994354 0 -0.418185 2.075870514
		 0 -0.47223377 2.086719513 0 -0.041368723 1.71114731 0 -0.010746479 1.66493225 0 2.3841858e-07 1.6104126
		 0.529284 -0.37236118 1.97531509 0.53727531 -0.418185 2.0051383972 0.54008341 -0.47223377 2.015617371
		 0.44287777 -0.041368484 1.65283966 0.43091583 -0.010746479 1.60820007 0.41680574 2.3841858e-07 1.55553818
		 1.022497654 -0.37236094 1.77101898 1.037935734 -0.418185 1.7977562 1.043360233 -0.47223377 1.80715179
		 0.85557318 -0.041368723 1.48189545 0.83246565 -0.010746717 1.44187546 0.80520678 2.3841858e-07 1.39466095
		 1.44603109 -0.37236118 1.44602966 1.46786356 -0.418185 1.46786499 1.47553492 -0.47223377 1.47553253
		 1.20996428 -0.041368484 1.20995712 1.17728567 -0.010746479 1.17728043 1.13873529 2.3841858e-07 1.1387291
		 1.77101946 -0.37236094 1.022499084 1.79775953 -0.418185 1.037937164 1.80715418 -0.47223377 1.043361664
		 1.48189878 -0.041368723 0.85557556 1.44187498 -0.010746479 0.83246994 1.39465952 2.3841858e-07 0.8052063
		 1.97531462 -0.37236118 0.52928543 2.0051398277 -0.418185 0.53727722;
	setAttr ".vt[166:169]" 2.015618801 -0.47223377 0.54008484 1.65284109 -0.041368484 0.44287491
		 1.60820055 -0.010746479 0.43091583 1.55553961 2.3841858e-07 0.41680527;
	setAttr -s 360 ".ed";
	setAttr ".ed[0:165]"  0 1 0 1 2 0 2 3 0 3 4 0 4 5 0 5 6 0 6 7 0 7 8 0 8 9 0
		 9 10 0 10 11 0 11 12 0 12 13 0 13 14 0 14 15 0 15 16 0 16 17 0 17 18 0 18 19 0 19 20 0
		 20 21 0 21 22 0 22 23 0 23 0 0 24 0 1 24 1 1 24 2 1 24 3 1 24 4 1 24 5 1 24 6 1 24 7 1
		 24 8 1 24 9 1 24 10 1 24 11 1 24 12 1 24 13 1 24 14 1 24 15 1 24 16 1 24 17 1 24 18 1
		 24 19 1 24 20 1 24 21 1 24 22 1 24 23 1 30 29 1 29 26 1 28 31 1 31 30 1 28 27 1 43 28 1
		 27 26 1 26 41 1 168 167 1 167 29 1 31 169 1 169 168 1 39 38 1 38 32 1 34 40 1 40 39 1
		 34 33 1 37 34 1 33 32 1 32 35 1 37 36 1 166 37 1 36 35 1 35 164 1 45 44 1 44 38 1
		 40 46 1 46 45 1 43 42 1 49 43 1 42 41 1 41 47 1 51 50 1 50 44 1 46 52 1 52 51 1 49 48 1
		 55 49 1 48 47 1 47 53 1 57 56 1 56 50 1 52 58 1 58 57 1 55 54 1 61 55 1 54 53 1 53 59 1
		 63 62 1 62 56 1 58 64 1 64 63 1 61 60 1 67 61 1 60 59 1 59 65 1 69 68 1 68 62 1 64 70 1
		 70 69 1 67 66 1 73 67 1 66 65 1 65 71 1 75 74 1 74 68 1 70 76 1 76 75 1 73 72 1 79 73 1
		 72 71 1 71 77 1 81 80 1 80 74 1 76 82 1 82 81 1 79 78 1 85 79 1 78 77 1 77 83 1 87 86 1
		 86 80 1 82 88 1 88 87 1 85 84 1 91 85 1 84 83 1 83 89 1 93 92 1 92 86 1 88 94 1 94 93 1
		 91 90 1 97 91 1 90 89 1 89 95 1 99 98 1 98 92 1 94 100 1 100 99 1 97 96 1 103 97 1
		 96 95 1 95 101 1 105 104 1 104 98 1 100 106 1 106 105 1 103 102 1 109 103 1 102 101 1
		 101 107 1 111 110 1 110 104 1 106 112 1 112 111 1 109 108 1 115 109 1;
	setAttr ".ed[166:331]" 108 107 1 107 113 1 117 116 1 116 110 1 112 118 1 118 117 1
		 115 114 1 121 115 1 114 113 1 113 119 1 123 122 1 122 116 1 118 124 1 124 123 1 121 120 1
		 127 121 1 120 119 1 119 125 1 129 128 1 128 122 1 124 130 1 130 129 1 127 126 1 133 127 1
		 126 125 1 125 131 1 135 134 1 134 128 1 130 136 1 136 135 1 133 132 1 139 133 1 132 131 1
		 131 137 1 141 140 1 140 134 1 136 142 1 142 141 1 139 138 1 145 139 1 138 137 1 137 143 1
		 147 146 1 146 140 1 142 148 1 148 147 1 145 144 1 151 145 1 144 143 1 143 149 1 153 152 1
		 152 146 1 148 154 1 154 153 1 151 150 1 157 151 1 150 149 1 149 155 1 159 158 1 158 152 1
		 154 160 1 160 159 1 157 156 1 163 157 1 156 155 1 155 161 1 165 164 1 164 158 1 160 166 1
		 166 165 1 163 162 1 169 163 1 162 161 1 161 167 1 32 26 1 29 35 1 38 41 1 44 47 1
		 50 53 1 56 59 1 62 65 1 68 71 1 74 77 1 80 83 1 86 89 1 92 95 1 98 101 1 104 107 1
		 110 113 1 116 119 1 122 125 1 128 131 1 134 137 1 140 143 1 146 149 1 152 155 1 158 161 1
		 164 167 1 1 40 1 34 0 1 2 46 1 3 52 1 4 58 1 5 64 1 6 70 1 7 76 1 8 82 1 9 88 1 10 94 1
		 11 100 1 12 106 1 13 112 1 14 118 1 15 124 1 16 130 1 17 136 1 18 142 1 19 148 1
		 20 154 1 21 160 1 22 166 1 23 37 1 43 25 1 25 28 1 49 25 1 55 25 1 61 25 1 67 25 1
		 73 25 1 79 25 1 85 25 1 91 25 1 97 25 1 103 25 1 109 25 1 115 25 1 121 25 1 127 25 1
		 133 25 1 139 25 1 145 25 1 151 25 1 157 25 1 163 25 1 169 25 1 31 25 1 27 30 1 30 168 1
		 33 39 1 33 36 1 39 45 1 27 42 1 45 51 1 42 48 1 51 57 1 48 54 1 57 63 1 54 60 1 63 69 1
		 60 66 1 69 75 1 66 72 1 75 81 1 72 78 1 81 87 1 78 84 1;
	setAttr ".ed[332:359]" 87 93 1 84 90 1 93 99 1 90 96 1 99 105 1 96 102 1 105 111 1
		 102 108 1 111 117 1 108 114 1 117 123 1 114 120 1 123 129 1 120 126 1 129 135 1 126 132 1
		 135 141 1 132 138 1 141 147 1 138 144 1 147 153 1 144 150 1 153 159 1 150 156 1 159 165 1
		 156 162 1 36 165 1 162 168 1;
	setAttr -s 192 -ch 720 ".fc[0:191]" -type "polyFaces" 
		f 3 -1 -25 25
		mu 0 3 1 0 24
		f 3 -2 -26 26
		mu 0 3 2 1 24
		f 3 -3 -27 27
		mu 0 3 3 2 24
		f 3 -4 -28 28
		mu 0 3 4 3 24
		f 3 -5 -29 29
		mu 0 3 5 4 24
		f 3 -6 -30 30
		mu 0 3 6 5 24
		f 3 -7 -31 31
		mu 0 3 7 6 24
		f 3 -8 -32 32
		mu 0 3 8 7 24
		f 3 -9 -33 33
		mu 0 3 9 8 24
		f 3 -10 -34 34
		mu 0 3 10 9 24
		f 3 -11 -35 35
		mu 0 3 11 10 24
		f 3 -12 -36 36
		mu 0 3 12 11 24
		f 3 -13 -37 37
		mu 0 3 13 12 24
		f 3 -14 -38 38
		mu 0 3 14 13 24
		f 3 -15 -39 39
		mu 0 3 15 14 24
		f 3 -16 -40 40
		mu 0 3 16 15 24
		f 3 -17 -41 41
		mu 0 3 17 16 24
		f 3 -18 -42 42
		mu 0 3 18 17 24
		f 3 -19 -43 43
		mu 0 3 19 18 24
		f 3 -20 -44 44
		mu 0 3 20 19 24
		f 3 -21 -45 45
		mu 0 3 21 20 24
		f 3 -22 -46 46
		mu 0 3 22 21 24
		f 3 -23 -47 47
		mu 0 3 23 22 24
		f 3 -24 -48 24
		mu 0 3 0 23 24
		f 4 240 -50 241 -68
		mu 0 4 25 147 26 151
		f 4 -241 -62 242 -56
		mu 0 4 27 149 28 153
		f 4 -243 -74 243 -80
		mu 0 4 29 152 30 155
		f 4 -244 -82 244 -88
		mu 0 4 31 154 32 157
		f 4 -245 -90 245 -96
		mu 0 4 33 156 34 159
		f 4 -246 -98 246 -104
		mu 0 4 35 158 36 161
		f 4 -247 -106 247 -112
		mu 0 4 37 160 38 163
		f 4 -248 -114 248 -120
		mu 0 4 39 162 40 165
		f 4 -249 -122 249 -128
		mu 0 4 41 164 42 167
		f 4 -250 -130 250 -136
		mu 0 4 43 166 44 169
		f 4 -251 -138 251 -144
		mu 0 4 45 168 46 171
		f 4 -252 -146 252 -152
		mu 0 4 47 170 48 173
		f 4 -253 -154 253 -160
		mu 0 4 49 172 50 175
		f 4 -254 -162 254 -168
		mu 0 4 51 174 52 177
		f 4 -255 -170 255 -176
		mu 0 4 53 176 54 179
		f 4 -256 -178 256 -184
		mu 0 4 55 178 56 181
		f 4 -257 -186 257 -192
		mu 0 4 57 180 58 183
		f 4 -258 -194 258 -200
		mu 0 4 59 182 60 185
		f 4 -259 -202 259 -208
		mu 0 4 61 184 62 187
		f 4 -260 -210 260 -216
		mu 0 4 63 186 64 189
		f 4 -261 -218 261 -224
		mu 0 4 65 188 66 191
		f 4 -262 -226 262 -232
		mu 0 4 67 190 68 193
		f 4 -263 -234 263 -240
		mu 0 4 69 192 70 195
		f 4 -264 -72 -242 -58
		mu 0 4 71 194 72 148
		f 4 0 264 -63 265
		mu 0 4 73 74 77 75
		f 4 1 266 -75 -265
		mu 0 4 74 76 79 77
		f 4 2 267 -83 -267
		mu 0 4 76 78 81 79
		f 4 3 268 -91 -268
		mu 0 4 78 80 83 81
		f 4 4 269 -99 -269
		mu 0 4 80 82 85 83
		f 4 5 270 -107 -270
		mu 0 4 82 84 87 85
		f 4 6 271 -115 -271
		mu 0 4 84 86 89 87
		f 4 7 272 -123 -272
		mu 0 4 86 88 91 89
		f 4 8 273 -131 -273
		mu 0 4 88 90 93 91
		f 4 9 274 -139 -274
		mu 0 4 90 92 95 93
		f 4 10 275 -147 -275
		mu 0 4 92 94 97 95
		f 4 11 276 -155 -276
		mu 0 4 94 96 99 97
		f 4 12 277 -163 -277
		mu 0 4 96 98 101 99
		f 4 13 278 -171 -278
		mu 0 4 98 100 103 101
		f 4 14 279 -179 -279
		mu 0 4 100 102 105 103
		f 4 15 280 -187 -280
		mu 0 4 102 104 107 105
		f 4 16 281 -195 -281
		mu 0 4 104 106 109 107
		f 4 17 282 -203 -282
		mu 0 4 106 108 111 109
		f 4 18 283 -211 -283
		mu 0 4 108 110 113 111
		f 4 19 284 -219 -284
		mu 0 4 110 112 115 113
		f 4 20 285 -227 -285
		mu 0 4 112 114 117 115
		f 4 21 286 -235 -286
		mu 0 4 114 116 119 117
		f 4 22 287 -70 -287
		mu 0 4 116 118 121 119
		f 4 23 -266 -66 -288
		mu 0 4 118 120 150 121
		f 3 -54 288 289
		mu 0 3 145 122 146
		f 3 -78 290 -289
		mu 0 3 122 123 146
		f 3 -86 291 -291
		mu 0 3 123 124 146
		f 3 -94 292 -292
		mu 0 3 124 125 146
		f 3 -102 293 -293
		mu 0 3 125 126 146
		f 3 -110 294 -294
		mu 0 3 126 127 146
		f 3 -118 295 -295
		mu 0 3 127 128 146
		f 3 -126 296 -296
		mu 0 3 128 129 146
		f 3 -134 297 -297
		mu 0 3 129 130 146
		f 3 -142 298 -298
		mu 0 3 130 131 146
		f 3 -150 299 -299
		mu 0 3 131 132 146
		f 3 -158 300 -300
		mu 0 3 132 133 146
		f 3 -166 301 -301
		mu 0 3 133 134 146
		f 3 -174 302 -302
		mu 0 3 134 135 146
		f 3 -182 303 -303
		mu 0 3 135 136 146
		f 3 -190 304 -304
		mu 0 3 136 137 146
		f 3 -198 305 -305
		mu 0 3 137 138 146
		f 3 -206 306 -306
		mu 0 3 138 139 146
		f 3 -214 307 -307
		mu 0 3 139 140 146
		f 3 -222 308 -308
		mu 0 3 140 141 146
		f 3 -230 309 -309
		mu 0 3 141 142 146
		f 3 -238 310 -310
		mu 0 3 142 143 146
		f 3 -59 311 -311
		mu 0 3 143 144 146
		f 3 -51 -290 -312
		mu 0 3 144 145 146
		f 4 -55 312 48 49
		mu 0 4 147 198 201 26
		f 4 -53 50 51 -313
		mu 0 4 197 145 144 199
		f 4 -49 313 56 57
		mu 0 4 148 200 292 71
		f 4 -52 58 59 -314
		mu 0 4 199 144 143 290
		f 4 -67 314 60 61
		mu 0 4 149 203 205 28
		f 4 -65 62 63 -315
		mu 0 4 203 75 77 205
		f 4 64 315 -69 65
		mu 0 4 150 202 204 121
		f 4 66 67 -71 -316
		mu 0 4 202 25 151 204
		f 4 -61 316 72 73
		mu 0 4 152 205 209 30
		f 4 -64 74 75 -317
		mu 0 4 205 77 79 209
		f 4 52 317 -77 53
		mu 0 4 145 197 207 122
		f 4 54 55 -79 -318
		mu 0 4 196 27 153 208
		f 4 -73 318 80 81
		mu 0 4 154 209 213 32
		f 4 -76 82 83 -319
		mu 0 4 209 79 81 213
		f 4 76 319 -85 77
		mu 0 4 122 207 211 123
		f 4 78 79 -87 -320
		mu 0 4 206 29 155 212
		f 4 -81 320 88 89
		mu 0 4 156 213 217 34
		f 4 -84 90 91 -321
		mu 0 4 213 81 83 217
		f 4 84 321 -93 85
		mu 0 4 123 211 215 124
		f 4 86 87 -95 -322
		mu 0 4 210 31 157 216
		f 4 -89 322 96 97
		mu 0 4 158 217 221 36
		f 4 -92 98 99 -323
		mu 0 4 217 83 85 221
		f 4 92 323 -101 93
		mu 0 4 124 215 219 125
		f 4 94 95 -103 -324
		mu 0 4 214 33 159 220
		f 4 -97 324 104 105
		mu 0 4 160 221 225 38
		f 4 -100 106 107 -325
		mu 0 4 221 85 87 225
		f 4 100 325 -109 101
		mu 0 4 125 219 223 126
		f 4 102 103 -111 -326
		mu 0 4 218 35 161 224
		f 4 -105 326 112 113
		mu 0 4 162 225 229 40
		f 4 -108 114 115 -327
		mu 0 4 225 87 89 229
		f 4 108 327 -117 109
		mu 0 4 126 223 227 127
		f 4 110 111 -119 -328
		mu 0 4 222 37 163 228
		f 4 -113 328 120 121
		mu 0 4 164 229 233 42
		f 4 -116 122 123 -329
		mu 0 4 229 89 91 233
		f 4 116 329 -125 117
		mu 0 4 127 227 231 128
		f 4 118 119 -127 -330
		mu 0 4 226 39 165 232
		f 4 -121 330 128 129
		mu 0 4 166 233 237 44
		f 4 -124 130 131 -331
		mu 0 4 233 91 93 237
		f 4 124 331 -133 125
		mu 0 4 128 231 235 129
		f 4 126 127 -135 -332
		mu 0 4 230 41 167 236
		f 4 -129 332 136 137
		mu 0 4 168 237 241 46
		f 4 -132 138 139 -333
		mu 0 4 237 93 95 241
		f 4 132 333 -141 133
		mu 0 4 129 235 239 130
		f 4 134 135 -143 -334
		mu 0 4 234 43 169 240
		f 4 -137 334 144 145
		mu 0 4 170 241 245 48
		f 4 -140 146 147 -335
		mu 0 4 241 95 97 245
		f 4 140 335 -149 141
		mu 0 4 130 239 243 131
		f 4 142 143 -151 -336
		mu 0 4 238 45 171 244
		f 4 -145 336 152 153
		mu 0 4 172 245 249 50
		f 4 -148 154 155 -337
		mu 0 4 245 97 99 249
		f 4 148 337 -157 149
		mu 0 4 131 243 247 132
		f 4 150 151 -159 -338
		mu 0 4 242 47 173 248
		f 4 -153 338 160 161
		mu 0 4 174 249 253 52
		f 4 -156 162 163 -339
		mu 0 4 249 99 101 253
		f 4 156 339 -165 157
		mu 0 4 132 247 251 133
		f 4 158 159 -167 -340
		mu 0 4 246 49 175 252
		f 4 -161 340 168 169
		mu 0 4 176 253 257 54
		f 4 -164 170 171 -341
		mu 0 4 253 101 103 257
		f 4 164 341 -173 165
		mu 0 4 133 251 255 134
		f 4 166 167 -175 -342
		mu 0 4 250 51 177 256
		f 4 -169 342 176 177
		mu 0 4 178 257 261 56
		f 4 -172 178 179 -343
		mu 0 4 257 103 105 261
		f 4 172 343 -181 173
		mu 0 4 134 255 259 135
		f 4 174 175 -183 -344
		mu 0 4 254 53 179 260
		f 4 -177 344 184 185
		mu 0 4 180 261 265 58
		f 4 -180 186 187 -345
		mu 0 4 261 105 107 265
		f 4 180 345 -189 181
		mu 0 4 135 259 263 136
		f 4 182 183 -191 -346
		mu 0 4 258 55 181 264
		f 4 -185 346 192 193
		mu 0 4 182 265 269 60
		f 4 -188 194 195 -347
		mu 0 4 265 107 109 269
		f 4 188 347 -197 189
		mu 0 4 136 263 267 137
		f 4 190 191 -199 -348
		mu 0 4 262 57 183 268
		f 4 -193 348 200 201
		mu 0 4 184 269 273 62
		f 4 -196 202 203 -349
		mu 0 4 269 109 111 273
		f 4 196 349 -205 197
		mu 0 4 137 267 271 138
		f 4 198 199 -207 -350
		mu 0 4 266 59 185 272
		f 4 -201 350 208 209
		mu 0 4 186 273 277 64
		f 4 -204 210 211 -351
		mu 0 4 273 111 113 277
		f 4 204 351 -213 205
		mu 0 4 138 271 275 139
		f 4 206 207 -215 -352
		mu 0 4 270 61 187 276
		f 4 -209 352 216 217
		mu 0 4 188 277 281 66
		f 4 -212 218 219 -353
		mu 0 4 277 113 115 281
		f 4 212 353 -221 213
		mu 0 4 139 275 279 140
		f 4 214 215 -223 -354
		mu 0 4 274 63 189 280
		f 4 -217 354 224 225
		mu 0 4 190 281 285 68
		f 4 -220 226 227 -355
		mu 0 4 281 115 117 285
		f 4 220 355 -229 221
		mu 0 4 140 279 283 141
		f 4 222 223 -231 -356
		mu 0 4 278 65 191 284
		f 4 -225 356 232 233
		mu 0 4 192 285 289 70
		f 4 -228 234 235 -357
		mu 0 4 285 117 119 289
		f 4 228 357 -237 229
		mu 0 4 141 283 287 142
		f 4 230 231 -239 -358
		mu 0 4 282 67 193 288
		f 4 68 358 -236 69
		mu 0 4 121 204 289 119
		f 4 70 71 -233 -359
		mu 0 4 204 72 194 289
		f 4 236 359 -60 237
		mu 0 4 142 287 290 143
		f 4 238 239 -57 -360
		mu 0 4 286 69 195 291;
	setAttr ".cd" -type "dataPolyComponent" Index_Data Edge 0 ;
	setAttr ".cvd" -type "dataPolyComponent" Index_Data Vertex 0 ;
	setAttr ".pd[0]" -type "dataPolyComponent" Index_Data UV 0 ;
	setAttr ".hfd" -type "dataPolyComponent" Index_Data Face 0 ;
createNode mesh -n "polySurfaceShape3" -p "pCylinder8";
	rename -uid "80BC561A-4E3A-ADA4-DEF0-1DAE96127D83";
	setAttr -k off ".v";
	setAttr ".io" yes;
	setAttr -s 4 ".iog";
	setAttr ".vir" yes;
	setAttr ".vif" yes;
	setAttr ".pv" -type "double2" 0.50000002980232239 0.84375 ;
	setAttr ".uvst[0].uvsn" -type "string" "map1";
	setAttr -s 100 ".uvst[0].uvsp[0:99]" -type "float2" 0.65092582 0.11580956
		 0.63531637 0.07812506 0.61048537 0.04576464 0.578125 0.020933613 0.54044044 0.0053241849
		 0.5 8.9406967e-08 0.45955956 0.0053241551 0.42187506 0.020933583 0.38951463 0.045764595
		 0.36468357 0.078125015 0.34907413 0.11580953 0.34375006 0.15625 0.34907413 0.19669044
		 0.36468357 0.23437497 0.3895146 0.2667354 0.421875 0.29156643 0.45955953 0.30717587
		 0.5 0.31249997 0.54044044 0.30717587 0.578125 0.29156646 0.61048543 0.26673543 0.63531649
		 0.234375 0.65092587 0.19669047 0.65625 0.15625 0.375 0.3125 0.38541666 0.3125 0.39583331
		 0.3125 0.40624997 0.3125 0.41666663 0.3125 0.42708328 0.3125 0.43749994 0.3125 0.4479166
		 0.3125 0.45833325 0.3125 0.46874991 0.3125 0.47916657 0.3125 0.48958322 0.3125 0.49999988
		 0.3125 0.51041657 0.3125 0.52083325 0.3125 0.53124994 0.3125 0.54166663 0.3125 0.55208331
		 0.3125 0.5625 0.3125 0.57291669 0.3125 0.58333337 0.3125 0.59375006 0.3125 0.60416675
		 0.3125 0.61458343 0.3125 0.62500012 0.3125 0.375 0.6875 0.38541666 0.6875 0.39583331
		 0.6875 0.40624997 0.6875 0.41666663 0.6875 0.42708328 0.6875 0.43749994 0.6875 0.4479166
		 0.6875 0.45833325 0.6875 0.46874991 0.6875 0.47916657 0.6875 0.48958322 0.6875 0.49999988
		 0.6875 0.51041657 0.6875 0.52083325 0.6875 0.53124994 0.6875 0.54166663 0.6875 0.55208331
		 0.6875 0.5625 0.6875 0.57291669 0.6875 0.58333337 0.6875 0.59375006 0.6875 0.60416675
		 0.6875 0.61458343 0.6875 0.62500012 0.6875 0.65092582 0.80330956 0.63531637 0.76562506
		 0.61048537 0.73326463 0.578125 0.70843363 0.54044044 0.69282418 0.5 0.68750012 0.45955956
		 0.69282413 0.42187506 0.70843357 0.38951463 0.73326457 0.36468357 0.765625 0.34907413
		 0.80330956 0.34375006 0.84375 0.34907413 0.88419044 0.36468357 0.921875 0.3895146
		 0.95423543 0.421875 0.97906643 0.45955953 0.99467587 0.5 1 0.54044044 0.99467587
		 0.578125 0.97906649 0.61048543 0.95423543 0.63531649 0.921875 0.65092587 0.88419044
		 0.65625 0.84375 0.5 0.15625 0.5 0.84375;
	setAttr ".cuvs" -type "string" "map1";
	setAttr ".dcc" -type "string" "Ambient+Diffuse";
	setAttr ".covm[0]"  0 1 1;
	setAttr ".cdvm[0]"  0 1 1;
	setAttr -s 50 ".pt[0:49]" -type "float3"  1.049692 -1.0867225 -0.28126439 
		0.94112843 -1.0867225 -0.54336035 0.7684285 -1.0867225 -0.76842856 0.54336041 -1.0867225 
		-0.94112855 0.28126425 -1.0867225 -1.0496929 -3.2386854e-08 -1.0867225 -1.0867207 
		-0.28126436 -1.0867225 -1.0496929 -0.54336035 -1.0867225 -0.94112867 -0.76842862 
		-1.0867225 -0.76842868 -0.94112867 -1.0867225 -0.54336131 -1.049693 -1.0867225 -0.28126448 
		-1.0867225 -1.0867225 -2.5909483e-07 -1.049693 -1.0867225 0.28126419 -0.94112867 
		-1.0867225 0.54336047 -0.76842868 -1.0867225 0.76842856 -0.54336131 -1.0867225 0.94112855 
		-0.28126448 -1.0867225 1.0496929 -1.94321e-07 -1.0867225 1.0867207 0.28126425 -1.0867225 
		1.0496929 0.54336029 -1.0867225 0.94112855 0.76842856 -1.0867225 0.76842862 0.94112867 
		-1.0867225 0.54336035 1.0496929 -1.0867225 0.28126425 1.0867225 -1.0867225 -1.94321e-07 
		1.049692 -0.99999976 -0.28126439 0.94112843 -0.99999976 -0.54336035 0.7684285 -0.99999976 
		-0.76842856 0.54336041 -0.99999976 -0.94112855 0.28126425 -0.99999976 -1.0496929 
		-3.2386854e-08 -0.99999976 -1.0867207 -0.28126436 -0.99999976 -1.0496929 -0.54336035 
		-0.99999976 -0.94112867 -0.76842862 -0.99999976 -0.76842868 -0.94112867 -0.99999976 
		-0.54336131 -1.049693 -0.99999976 -0.28126448 -1.0867225 -0.99999976 -2.5909483e-07 
		-1.049693 -0.99999976 0.28126419 -0.94112867 -0.99999976 0.54336047 -0.76842868 -0.99999976 
		0.76842856 -0.54336131 -0.99999976 0.94112855 -0.28126448 -0.99999976 1.0496929 -1.94321e-07 
		-0.99999976 1.0867207 0.28126425 -0.99999976 1.0496929 0.54336029 -0.99999976 0.94112855 
		0.76842856 -0.99999976 0.76842862 0.94112867 -0.99999976 0.54336035 1.0496929 -0.99999976 
		0.28126425 1.0867225 -0.99999976 -1.94321e-07 -1.6193425e-07 -1.0867225 -1.94321e-07 
		-1.6193425e-07 -0.99999976 -1.94321e-07;
	setAttr -s 50 ".vt[0:49]"  0.96592534 -1 -0.25881881 0.86602497 -1 -0.49999964
		 0.70710647 -1 -0.70710629 0.49999982 -1 -0.86602485 0.25881901 -1 -0.96592522 1.1920929e-07 -1 -0.99999946
		 -0.25881881 -1 -0.9659254 -0.4999997 -1 -0.86602509 -0.70710647 -1 -0.70710659 -0.86602509 -1 -0.49999988
		 -0.96592551 -1 -0.25881901 -0.9999997 -1 -5.9604645e-08 -0.96592557 -1 0.25881892
		 -0.86602521 -1 0.49999982 -0.70710665 -1 0.70710659 -0.49999994 -1 0.86602521 -0.25881901 -1 0.96592563
		 -2.9802322e-08 -1 0.99999982 0.25881898 -1 0.96592569 0.49999991 -1 0.86602533 0.70710671 -1 0.70710677
		 0.86602539 -1 0.5 0.96592581 -1 0.25881904 1 -1 0 0.96592534 1 -0.25881881 0.86602497 1 -0.49999964
		 0.70710647 1 -0.70710629 0.49999982 1 -0.86602485 0.25881901 1 -0.96592522 1.1920929e-07 1 -0.99999946
		 -0.25881881 1 -0.9659254 -0.4999997 1 -0.86602509 -0.70710647 1 -0.70710659 -0.86602509 1 -0.49999988
		 -0.96592551 1 -0.25881901 -0.9999997 1 -5.9604645e-08 -0.96592557 1 0.25881892 -0.86602521 1 0.49999982
		 -0.70710665 1 0.70710659 -0.49999994 1 0.86602521 -0.25881901 1 0.96592563 -2.9802322e-08 1 0.99999982
		 0.25881898 1 0.96592569 0.49999991 1 0.86602533 0.70710671 1 0.70710677 0.86602539 1 0.5
		 0.96592581 1 0.25881904 1 1 0 0 -1 0 0 1 0;
	setAttr -s 120 ".ed[0:119]"  0 1 0 1 2 0 2 3 0 3 4 0 4 5 0 5 6 0 6 7 0
		 7 8 0 8 9 0 9 10 0 10 11 0 11 12 0 12 13 0 13 14 0 14 15 0 15 16 0 16 17 0 17 18 0
		 18 19 0 19 20 0 20 21 0 21 22 0 22 23 0 23 0 0 24 25 0 25 26 0 26 27 0 27 28 0 28 29 0
		 29 30 0 30 31 0 31 32 0 32 33 0 33 34 0 34 35 0 35 36 0 36 37 0 37 38 0 38 39 0 39 40 0
		 40 41 0 41 42 0 42 43 0 43 44 0 44 45 0 45 46 0 46 47 0 47 24 0 0 24 1 1 25 1 2 26 1
		 3 27 1 4 28 1 5 29 1 6 30 1 7 31 1 8 32 1 9 33 1 10 34 1 11 35 1 12 36 1 13 37 1
		 14 38 1 15 39 1 16 40 1 17 41 1 18 42 1 19 43 1 20 44 1 21 45 1 22 46 1 23 47 1 48 0 1
		 48 1 1 48 2 1 48 3 1 48 4 1 48 5 1 48 6 1 48 7 1 48 8 1 48 9 1 48 10 1 48 11 1 48 12 1
		 48 13 1 48 14 1 48 15 1 48 16 1 48 17 1 48 18 1 48 19 1 48 20 1 48 21 1 48 22 1 48 23 1
		 24 49 1 25 49 1 26 49 1 27 49 1 28 49 1 29 49 1 30 49 1 31 49 1 32 49 1 33 49 1 34 49 1
		 35 49 1 36 49 1 37 49 1 38 49 1 39 49 1 40 49 1 41 49 1 42 49 1 43 49 1 44 49 1 45 49 1
		 46 49 1 47 49 1;
	setAttr -s 72 -ch 240 ".fc[0:71]" -type "polyFaces" 
		f 4 0 49 -25 -49
		mu 0 4 24 25 50 49
		f 4 1 50 -26 -50
		mu 0 4 25 26 51 50
		f 4 2 51 -27 -51
		mu 0 4 26 27 52 51
		f 4 3 52 -28 -52
		mu 0 4 27 28 53 52
		f 4 4 53 -29 -53
		mu 0 4 28 29 54 53
		f 4 5 54 -30 -54
		mu 0 4 29 30 55 54
		f 4 6 55 -31 -55
		mu 0 4 30 31 56 55
		f 4 7 56 -32 -56
		mu 0 4 31 32 57 56
		f 4 8 57 -33 -57
		mu 0 4 32 33 58 57
		f 4 9 58 -34 -58
		mu 0 4 33 34 59 58
		f 4 10 59 -35 -59
		mu 0 4 34 35 60 59
		f 4 11 60 -36 -60
		mu 0 4 35 36 61 60
		f 4 12 61 -37 -61
		mu 0 4 36 37 62 61
		f 4 13 62 -38 -62
		mu 0 4 37 38 63 62
		f 4 14 63 -39 -63
		mu 0 4 38 39 64 63
		f 4 15 64 -40 -64
		mu 0 4 39 40 65 64
		f 4 16 65 -41 -65
		mu 0 4 40 41 66 65
		f 4 17 66 -42 -66
		mu 0 4 41 42 67 66
		f 4 18 67 -43 -67
		mu 0 4 42 43 68 67
		f 4 19 68 -44 -68
		mu 0 4 43 44 69 68
		f 4 20 69 -45 -69
		mu 0 4 44 45 70 69
		f 4 21 70 -46 -70
		mu 0 4 45 46 71 70
		f 4 22 71 -47 -71
		mu 0 4 46 47 72 71
		f 4 23 48 -48 -72
		mu 0 4 47 48 73 72
		f 3 -1 -73 73
		mu 0 3 1 0 98
		f 3 -2 -74 74
		mu 0 3 2 1 98
		f 3 -3 -75 75
		mu 0 3 3 2 98
		f 3 -4 -76 76
		mu 0 3 4 3 98
		f 3 -5 -77 77
		mu 0 3 5 4 98
		f 3 -6 -78 78
		mu 0 3 6 5 98
		f 3 -7 -79 79
		mu 0 3 7 6 98
		f 3 -8 -80 80
		mu 0 3 8 7 98
		f 3 -9 -81 81
		mu 0 3 9 8 98
		f 3 -10 -82 82
		mu 0 3 10 9 98
		f 3 -11 -83 83
		mu 0 3 11 10 98
		f 3 -12 -84 84
		mu 0 3 12 11 98
		f 3 -13 -85 85
		mu 0 3 13 12 98
		f 3 -14 -86 86
		mu 0 3 14 13 98
		f 3 -15 -87 87
		mu 0 3 15 14 98
		f 3 -16 -88 88
		mu 0 3 16 15 98
		f 3 -17 -89 89
		mu 0 3 17 16 98
		f 3 -18 -90 90
		mu 0 3 18 17 98
		f 3 -19 -91 91
		mu 0 3 19 18 98
		f 3 -20 -92 92
		mu 0 3 20 19 98
		f 3 -21 -93 93
		mu 0 3 21 20 98
		f 3 -22 -94 94
		mu 0 3 22 21 98
		f 3 -23 -95 95
		mu 0 3 23 22 98
		f 3 -24 -96 72
		mu 0 3 0 23 98
		f 3 24 97 -97
		mu 0 3 96 95 99
		f 3 25 98 -98
		mu 0 3 95 94 99
		f 3 26 99 -99
		mu 0 3 94 93 99
		f 3 27 100 -100
		mu 0 3 93 92 99
		f 3 28 101 -101
		mu 0 3 92 91 99
		f 3 29 102 -102
		mu 0 3 91 90 99
		f 3 30 103 -103
		mu 0 3 90 89 99
		f 3 31 104 -104
		mu 0 3 89 88 99
		f 3 32 105 -105
		mu 0 3 88 87 99
		f 3 33 106 -106
		mu 0 3 87 86 99
		f 3 34 107 -107
		mu 0 3 86 85 99
		f 3 35 108 -108
		mu 0 3 85 84 99
		f 3 36 109 -109
		mu 0 3 84 83 99
		f 3 37 110 -110
		mu 0 3 83 82 99
		f 3 38 111 -111
		mu 0 3 82 81 99
		f 3 39 112 -112
		mu 0 3 81 80 99
		f 3 40 113 -113
		mu 0 3 80 79 99
		f 3 41 114 -114
		mu 0 3 79 78 99
		f 3 42 115 -115
		mu 0 3 78 77 99
		f 3 43 116 -116
		mu 0 3 77 76 99
		f 3 44 117 -117
		mu 0 3 76 75 99
		f 3 45 118 -118
		mu 0 3 75 74 99
		f 3 46 119 -119
		mu 0 3 74 97 99
		f 3 47 96 -120
		mu 0 3 97 96 99;
	setAttr ".cd" -type "dataPolyComponent" Index_Data Edge 0 ;
	setAttr ".cvd" -type "dataPolyComponent" Index_Data Vertex 0 ;
	setAttr ".pd[0]" -type "dataPolyComponent" Index_Data UV 0 ;
	setAttr ".hfd" -type "dataPolyComponent" Index_Data Face 0 ;
createNode transform -n "pCylinder9";
	rename -uid "BDC35FAA-4DB5-E39B-D721-E3B77FFF8120";
	setAttr ".t" -type "double3" 26.864880924753649 7.8814460786783478 75.701364807417619 ;
	setAttr ".s" -type "double3" 3.4398587947757928 3.4398587947757928 3.4398587947757928 ;
	setAttr ".rp" -type "double3" -3.9067308923516536e-16 -1.1194049867594043 9.3935518840942325e-07 ;
	setAttr ".sp" -type "double3" -8.8817841970012523e-16 -0.45879908671611025 3.8500391497109376e-07 ;
	setAttr ".spt" -type "double3" 4.9750533046495987e-16 -0.660605900043294 5.5435127343832949e-07 ;
createNode mesh -n "pCylinderShape9" -p "pCylinder9";
	rename -uid "2AF588E5-4112-A791-B702-E6AAB2D1DFAA";
	setAttr -k off ".v";
	setAttr ".vir" yes;
	setAttr ".vif" yes;
	setAttr ".pv" -type "double2" 0.50000002980232239 0.48437674343585968 ;
	setAttr ".uvst[0].uvsn" -type "string" "map1";
	setAttr -s 293 ".uvst[0].uvsp";
	setAttr ".uvst[0].uvsp[0:249]" -type "float2" 0.65092582 0.11580956 0.63531637
		 0.07812506 0.61048537 0.04576464 0.578125 0.020933613 0.54044044 0.0053241849 0.5
		 8.9406967e-08 0.45955956 0.0053241551 0.42187506 0.020933583 0.38951463 0.045764595
		 0.36468357 0.078125015 0.34907413 0.11580953 0.34375006 0.15625 0.34907413 0.19669044
		 0.36468357 0.23437497 0.3895146 0.2667354 0.421875 0.29156643 0.45955953 0.30717587
		 0.5 0.31249997 0.54044044 0.30717587 0.578125 0.29156646 0.61048543 0.26673543 0.63531649
		 0.234375 0.65092587 0.19669047 0.65625 0.15625 0.5 0.15625 0.62489599 0.62058413
		 0.61552089 0.68006563 0.37593746 0.68006575 0.38531247 0.62058383 0.38635406 0.68006581
		 0.39572915 0.620583 0.39677072 0.68006545 0.40614581 0.62058371 0.40718737 0.68006593
		 0.4165625 0.62058377 0.41760406 0.68006587 0.42697912 0.62058389 0.42802069 0.68006575
		 0.43739581 0.62058377 0.43843737 0.68006587 0.44781247 0.62058371 0.44885403 0.68006587
		 0.45822909 0.62058377 0.45927069 0.68006557 0.46864572 0.62058383 0.46968728 0.68006575
		 0.47906238 0.62058383 0.48010394 0.68006575 0.48947906 0.62058389 0.49052063 0.68006575
		 0.49989578 0.62058401 0.50093734 0.68006593 0.51031244 0.62058407 0.51135403 0.68006575
		 0.52072906 0.62058383 0.52177066 0.68006587 0.53114581 0.62058342 0.5321874 0.68006593
		 0.5415625 0.62058377 0.54260409 0.68006587 0.55197918 0.62058389 0.55302072 0.68006575
		 0.56239581 0.62058377 0.56343746 0.68006587 0.5728125 0.62058371 0.57385409 0.68006587
		 0.58322924 0.62058377 0.58427083 0.68006587 0.59364593 0.62058377 0.59468746 0.68006575
		 0.60406256 0.62058383 0.60510421 0.68006581 0.6144793 0.62058389 0.37500003 0.3125
		 0.38541663 0.3125 0.37500003 0.60263586 0.39583328 0.3125 0.38541663 0.60263598 0.40624994
		 0.3125 0.39583331 0.60263515 0.4166666 0.3125 0.40624994 0.60263592 0.42708328 0.3125
		 0.41666663 0.60263598 0.43749994 0.3125 0.42708328 0.60263598 0.4479166 0.3125 0.43749994
		 0.60263598 0.45833325 0.3125 0.44791663 0.60263604 0.46874988 0.3125 0.45833328 0.60263598
		 0.47916654 0.3125 0.46874988 0.60263592 0.48958322 0.3125 0.47916654 0.60263592 0.49999988
		 0.3125 0.48958319 0.60263598 0.51041657 0.3125 0.49999994 0.60263604 0.52083319 0.3125
		 0.51041657 0.60263616 0.53124988 0.3125 0.52083319 0.60263598 0.54166663 0.3125 0.53124994
		 0.60263562 0.55208331 0.3125 0.54166663 0.60263598 0.5625 0.3125 0.55208331 0.60263598
		 0.57291669 0.3125 0.5625 0.60263598 0.58333337 0.3125 0.57291669 0.60263598 0.59375006
		 0.3125 0.58333337 0.60263598 0.60416675 0.3125 0.59375006 0.60263592 0.61458343 0.3125
		 0.60416675 0.60263586 0.62500012 0.3125 0.61458343 0.60263598 0.60442948 0.90404224
		 0.58526629 0.92901629 0.5602926 0.9481799 0.53120971 0.960226 0.49999997 0.96433491
		 0.46879035 0.96022582 0.43970749 0.94817978 0.41473368 0.92901599 0.39557043 0.9040423
		 0.38352403 0.87495983 0.37941527 0.84375 0.38352391 0.81254035 0.39557052 0.7834577
		 0.41473368 0.75848407 0.43970749 0.73932022 0.46879038 0.72727406 0.50000006 0.72316521
		 0.53120965 0.72727412 0.56029248 0.73932022 0.58526647 0.75848407 0.60442942 0.78345782
		 0.61647576 0.81254029 0.62058502 0.84375 0.61647606 0.87495959 0.50000006 0.84375
		 0.62406278 0.68006587 0.61364603 0.68006569 0.37510419 0.62058377 0.62500012 0.60263622
		 0.61468756 0.62058383 0.38552079 0.62058389 0.38447922 0.68006569 0.39593747 0.620583
		 0.39489588 0.68006533 0.4063541 0.62058365 0.40531254 0.68006593 0.41677079 0.62058377
		 0.41572922 0.68006587 0.42718741 0.62058389 0.42614588 0.68006575 0.4376041 0.62058383
		 0.43656251 0.68006587 0.44802076 0.62058401 0.44697922 0.68006575 0.45843744 0.62058407
		 0.45739585 0.68006557 0.46885401 0.62058383 0.46781245 0.68006581 0.47927067 0.62058389
		 0.47822911 0.68006569 0.48968735 0.62058389 0.48864579 0.68006575 0.50010407 0.62058395
		 0.49906239 0.68006581 0.5105207 0.62058407 0.50947922 0.68006581 0.52093738 0.62058377
		 0.51989579 0.68006575 0.53135413 0.62058336 0.53031254 0.68006587 0.54177076 0.62058377
		 0.54072922 0.68006593 0.55218744 0.62058389 0.55114591 0.68006575 0.56260413 0.62058383
		 0.56156254 0.68006581 0.57302082 0.62058389 0.57197922 0.68006581 0.5834375 0.62058389
		 0.58239603 0.68006581 0.59385419 0.62058383 0.59281266 0.68006575 0.60427088 0.62058383
		 0.60322934 0.68006557 0.37604159 0.6875 0.62074393 0.87610322 0.62395865 0.68750006
		 0.62500346 0.84375 0.6135419 0.6875 0.61562502 0.6875 0.62500012 0.61314988 0.37500003
		 0.61314952 0.61458343 0.61314964 0.38541663 0.61314964 0.38645819 0.6875 0.6082561
		 0.90625167 0.3843751 0.68749994 0.39583331 0.61314881 0.39687485 0.6875 0.58839077
		 0.93214077 0.39479172 0.68750006 0.40624994 0.61314958 0.40729153 0.6875 0.56250173
		 0.95200622 0.40520844 0.68750006 0.41666663 0.61314964 0.41770819 0.6875 0.53235328
		 0.96449393 0.4156251 0.6875 0.42708328 0.61314964 0.42812482 0.6875 0.5 0.9687534
		 0.42604175 0.6875 0.43749994 0.61314964 0.4385415 0.6875 0.46764672 0.96449387 0.43645838
		 0.6875 0.44791663 0.6131497 0.44895813 0.6875 0.43749827 0.95200628 0.44687507 0.6875
		 0.45833328 0.61314964 0.45937485 0.6875 0.41160932 0.93214059 0.45729172 0.6875 0.46874988
		 0.61314958 0.46979141 0.6875 0.39174387 0.90625173 0.46770832 0.68750006 0.47916651
		 0.61314958 0.4802081 0.6875 0.37925604 0.87610322 0.47812498 0.68749994 0.48958319
		 0.61314964 0.49062479 0.6875 0.37499681 0.84375 0.48854166 0.6875 0.49999994 0.6131497;
	setAttr ".uvst[0].uvsp[250:292]" 0.50104147 0.6875 0.37925601 0.81139678 0.49895832
		 0.6875 0.51041657 0.61314982 0.51145816 0.6875 0.39174393 0.78124833 0.5093751 0.68750006
		 0.52083319 0.61314964 0.52187479 0.6875 0.41160932 0.75535947 0.51979166 0.68749994
		 0.53124994 0.61314929 0.53229153 0.6875 0.43749833 0.73549384 0.53020841 0.6875 0.54166663
		 0.61314964 0.54270822 0.6875 0.46764681 0.72300613 0.5406251 0.68750006 0.55208331
		 0.61314964 0.55312485 0.6875 0.5 0.71874672 0.55104178 0.6875 0.5625 0.61314964 0.56354159
		 0.6875 0.53235322 0.72300619 0.56145841 0.6875 0.57291669 0.61314964 0.57395822 0.6875
		 0.56250167 0.73549384 0.5718751 0.6875 0.58333337 0.61314964 0.58437496 0.6875 0.58839077
		 0.75535947 0.5822919 0.6875 0.59375006 0.61314958 0.59479159 0.6875 0.6082561 0.78124833
		 0.59270853 0.6875 0.60416675 0.61314958 0.62074375 0.81139666 0.60312521 0.68750006
		 0.60520828 0.6875;
	setAttr ".cuvs" -type "string" "map1";
	setAttr ".dcc" -type "string" "Ambient+Diffuse";
	setAttr ".covm[0]"  0 1 1;
	setAttr ".cdvm[0]"  0 1 1;
	setAttr -s 170 ".pt";
	setAttr ".pt[0:165]" -type "float3"  -0.88633192 0.45879918 0.23749258 -0.79466289 
		0.45879918 0.45879787 -0.64883977 0.45879918 0.64883888 -0.45879903 0.45879918 0.79466254 
		-0.23749201 0.45879918 0.88633132 -1.0484024e-07 0.45879918 0.91759753 0.23749186 
		0.45879918 0.88633132 0.4587988 0.45879918 0.79466254 0.64883959 0.45879918 0.64883888 
		0.79466277 0.45879918 0.45879939 0.88633192 0.45879918 0.23749258 0.91759825 0.45879918 
		0 0.88633192 0.45879918 -0.23749258 0.79466277 0.45879918 -0.45879939 0.64883959 
		0.45879918 -0.64883888 0.45879912 0.45879918 -0.79466254 0.23749186 0.45879918 -0.88633132 
		-1.0484024e-07 0.45879918 -0.91759753 -0.23749201 0.45879918 -0.88633132 -0.45879903 
		0.45879918 -0.79466254 -0.64883977 0.45879918 -0.64883888 -0.79466337 0.45879918 
		-0.45879939 -0.88633227 0.45879918 -0.23749258 -0.91759825 0.45879918 0 -1.0484024e-07 
		0.45879918 0 -1.0484024e-07 -0.45879918 0 -0.72680658 -0.44060811 0.19474798 -0.70717698 
		-0.45407352 0.18948749 -0.68401992 -0.45879918 0.18328261 -0.75244665 -0.44060811 
		0 -0.73212439 -0.45407352 0 -0.70815033 -0.45879918 0 -0.868608 -0.29506013 0.23274368 
		-0.88172352 -0.27490982 0.236258 -0.88633192 -0.25114295 0.23749258 -0.89925033 -0.29506013 
		0 -0.91282797 -0.27490982 0 -0.91759825 -0.25114295 0 -0.77877408 -0.29506013 0.44962394 
		-0.79053199 -0.27490982 0.45641258 -0.79466289 -0.25114295 0.45879787 -0.65163708 
		-0.44060811 0.37622216 -0.63403785 -0.45407352 0.36606205 -0.61327565 -0.45879918 
		0.35407326 -0.63586605 -0.29506013 0.63586569 -0.64546651 -0.27490982 0.6454671 -0.64883977 
		-0.25114295 0.64883888 -0.53206009 -0.44060811 0.53206027 -0.51768988 -0.45407352 
		0.5176878 -0.50073767 -0.45879918 0.50073564 -0.4496251 -0.29506013 0.77877378 -0.45641372 
		-0.27490982 0.79053086 -0.45879903 -0.25114295 0.79466254 -0.376223 -0.44060805 0.65163666 
		-0.36606193 -0.45407343 0.63403875 -0.35407531 -0.45879918 0.61327708 -0.23274323 
		-0.29506013 0.86860937 -0.2362572 -0.27490982 0.88172317 -0.23749201 -0.25114295 
		0.88633132 -0.19474761 -0.44060811 0.72680622 -0.18948761 -0.45407352 0.70717704 
		-0.18328287 -0.45879918 0.68401974 -1.0484024e-07 -0.29506022 0.89924961 -1.0484024e-07 
		-0.27490982 0.91282642 -1.0484024e-07 -0.25114295 0.91759753 -1.0484024e-07 -0.44060805 
		0.75244606 -1.0484024e-07 -0.45407352 0.73212409 -1.0484024e-07 -0.45879918 0.70814979 
		0.23274294 -0.29506013 0.86860937 0.23625705 -0.27490982 0.88172317 0.23749186 -0.25114295 
		0.88633132 0.194747 -0.44060811 0.72680622 0.18948761 -0.45407352 0.70717704 0.18328252 
		-0.45879918 0.68401974 0.4496246 -0.29506013 0.77877378 0.45641324 -0.27490982 0.79053086 
		0.4587988 -0.25114295 0.79466254 0.37622285 -0.44060811 0.65163666 0.36606139 -0.45407352 
		0.63403875 0.35407439 -0.45879918 0.61327708 0.63586551 -0.29506013 0.63586569 0.64546651 
		-0.27490982 0.6454671 0.64883959 -0.25114295 0.64883888 0.53206009 -0.44060811 0.53206027 
		0.51768988 -0.45407352 0.5176878 0.50073791 -0.45879918 0.50073564 0.77877313 -0.29506013 
		0.44962543 0.79053175 -0.27490982 0.4564141 0.79466277 -0.25114295 0.45879939 0.65163672 
		-0.44060805 0.37622404 0.63403755 -0.45407352 0.36606354 0.61327553 -0.45879918 0.3540749 
		0.86860824 -0.29506013 0.23274368 0.88172352 -0.27490982 0.236258 0.88633192 -0.25114295 
		0.23749258 0.72680688 -0.44060811 0.19474798 0.7071771 -0.45407352 0.18948749 0.6840198 
		-0.45879918 0.18328595 0.89925033 -0.29506013 0 0.91282797 -0.27490982 0 0.91759825 
		-0.25114295 0 0.75244594 -0.44060811 0 0.73212385 -0.45407352 0 0.70815003 -0.45879918 
		0 0.86860824 -0.29506013 -0.23274368 0.88172352 -0.27490982 -0.236258 0.88633192 
		-0.25114295 -0.23749258 0.72680688 -0.44060811 -0.19474627 0.7071771 -0.45407352 
		-0.18948749 0.6840198 -0.45879918 -0.18328261 0.77877313 -0.29506022 -0.44962543 
		0.79053175 -0.27490982 -0.4564141 0.79466277 -0.25114295 -0.45879939 0.65163743 -0.44060805 
		-0.37622404 0.63403785 -0.45407352 -0.36606354 0.61327553 -0.45879918 -0.3540749 
		0.63586551 -0.29506013 -0.63586569 0.64546651 -0.27490982 -0.6454671 0.64883959 -0.25114295 
		-0.64883888 0.53206009 -0.44060811 -0.53205687 0.51768988 -0.45407352 -0.5176878 
		0.50073791 -0.45879918 -0.50073564 0.4496251 -0.29506013 -0.77877378 0.45641392 -0.27490982 
		-0.79053086 0.45879912 -0.25114295 -0.79466254 0.376223 -0.44060811 -0.65163666 0.36606193 
		-0.45407352 -0.63403875 0.35407478 -0.45879918 -0.61327708 0.23274294 -0.29506013 
		-0.86860937 0.23625705 -0.27490982 -0.88172317 0.23749186 -0.25114295 -0.88633132 
		0.194747 -0.44060811 -0.72680622 0.18948761 -0.45407352 -0.70717704 0.18328252 -0.45879918 
		-0.68401974 -1.0484024e-07 -0.29506022 -0.89924961 -1.0484024e-07 -0.27490982 -0.91282642 
		-1.0484024e-07 -0.25114295 -0.91759753 -1.0484024e-07 -0.44060805 -0.75244606 -1.0484024e-07 
		-0.45407352 -0.73212409 -1.0484024e-07 -0.45879918 -0.70814979 -0.23274323 -0.29506013 
		-0.86860937 -0.2362572 -0.27490982 -0.88172317 -0.23749201 -0.25114295 -0.88633132 
		-0.19474761 -0.44060811 -0.72680622 -0.18948761 -0.45407352 -0.70717704 -0.18328287 
		-0.45879918 -0.68401974 -0.4496251 -0.29506022 -0.77877378 -0.45641372 -0.27490982 
		-0.79053086 -0.45879903 -0.25114295 -0.79466254 -0.376223 -0.44060805 -0.65163666 
		-0.36606193 -0.45407343 -0.63403875 -0.35407531 -0.45879918 -0.61327708 -0.63586605 
		-0.29506013 -0.63586569 -0.64546651 -0.27490982 -0.6454671 -0.64883977 -0.25114295 
		-0.64883888 -0.53206009 -0.44060811 -0.53205687 -0.51769018 -0.45407352 -0.5176878 
		-0.50073832 -0.45879918 -0.50073564 -0.77877408 -0.29506022 -0.44962543 -0.79053217 
		-0.27490982 -0.4564141 -0.79466337 -0.25114295 -0.45879939 -0.65163827 -0.44060805 
		-0.37622404 -0.63403869 -0.45407352 -0.36606354 -0.61327636 -0.45879918 -0.3540749 
		-0.86860931 -0.29506013 -0.23274368 -0.88172424 -0.27490982 -0.236258;
	setAttr ".pt[166:169]" -0.88633227 -0.25114295 -0.23749258 -0.72680736 -0.44060811 
		-0.19474627 -0.70717716 -0.45407352 -0.18948749 -0.68402046 -0.45879918 -0.18328261;
	setAttr -s 170 ".vt";
	setAttr ".vt[0:165]"  2.015617847 -2.086722374 -0.54008484 1.80715322 -2.086722374 -1.043357849
		 1.47553492 -2.086722374 -1.47553253 1.043360233 -2.086722374 -1.80715179 0.54008341 -2.086722374 -2.015617371
		 0 -2.086722374 -2.086719513 -0.54008341 -2.086722374 -2.015617371 -1.043360233 -2.086722374 -1.80715179
		 -1.47553492 -2.086722374 -1.47553253 -1.80715322 -2.086722374 -1.043361664 -2.015618324 -2.086722374 -0.54008484
		 -2.086722374 -2.086722374 0 -2.015618324 -2.086722374 0.54008484 -1.80715322 -2.086722374 1.043361664
		 -1.47553492 -2.086722374 1.47553253 -1.043361187 -2.086722374 1.80715179 -0.54008341 -2.086722374 2.015617371
		 0 -2.086722374 2.086719513 0.54008341 -2.086722374 2.015617371 1.043360233 -2.086722374 1.80715179
		 1.47553492 -2.086722374 1.47553253 1.80715418 -2.086722374 1.043361664 2.015618801 -2.086722374 0.54008484
		 2.086721897 -2.086722374 0 0 -2.086722374 0 0 2.3841858e-07 0 1.65284014 -0.041368484 -0.44287872
		 1.6081996 -0.010746479 -0.43091583 1.55553865 2.3841858e-07 -0.41680527 1.71114874 -0.041368484 0
		 1.66493273 -0.010746479 0 1.61041307 2.3841858e-07 0 1.97531271 -0.37236118 -0.52928543
		 2.0051388741 -0.418185 -0.53727722 2.015617847 -0.47223377 -0.54008484 2.044996738 -0.37236118 0
		 2.075872898 -0.418185 0 2.086721897 -0.47223377 0 1.77101946 -0.37236118 -1.02249527
		 1.79775858 -0.418185 -1.03793335 1.80715322 -0.47223377 -1.043357849 1.48189592 -0.041368484 -0.85557175
		 1.44187307 -0.010746479 -0.83246613 1.39465761 2.3841858e-07 -0.80520248 1.44603109 -0.37236118 -1.44602966
		 1.46786356 -0.418185 -1.46786499 1.47553492 -0.47223377 -1.47553253 1.20996428 -0.041368484 -1.20996475
		 1.17728472 -0.010746479 -1.17728043 1.13873339 2.3841858e-07 -1.1387291 1.022497654 -0.37236118 -1.77101898
		 1.037935734 -0.418185 -1.7977562 1.043360233 -0.47223377 -1.80715179 0.85557318 -0.041368723 -1.48189545
		 0.83246565 -0.010746717 -1.44187546 0.80520678 2.3841858e-07 -1.39466095 0.529284 -0.37236118 -1.97531509
		 0.53727531 -0.418185 -2.0051383972 0.54008341 -0.47223377 -2.015617371 0.44287777 -0.041368484 -1.65283966
		 0.43091583 -0.010746479 -1.60820007 0.41680574 2.3841858e-07 -1.55553818 0 -0.37236094 -2.044994354
		 0 -0.418185 -2.075870514 0 -0.47223377 -2.086719513 0 -0.041368723 -1.71114731 0 -0.010746479 -1.66493225
		 0 2.3841858e-07 -1.6104126 -0.529284 -0.37236118 -1.97531509 -0.53727531 -0.418185 -2.0051383972
		 -0.54008341 -0.47223377 -2.015617371 -0.44287682 -0.041368484 -1.65283966 -0.43091631 -0.010746479 -1.60820007
		 -0.41680527 2.3841858e-07 -1.55553818 -1.022497177 -0.37236118 -1.77101898 -1.037935734 -0.418185 -1.7977562
		 -1.043360233 -0.47223377 -1.80715179 -0.85557318 -0.041368484 -1.48189545 -0.83246517 -0.010746479 -1.44187546
		 -0.80520535 2.3841858e-07 -1.39466095 -1.44602966 -0.37236118 -1.44602966 -1.46786404 -0.418185 -1.46786499
		 -1.47553492 -0.47223377 -1.47553253 -1.20996475 -0.041368484 -1.20996475 -1.17728519 -0.010746479 -1.17728043
		 -1.13873434 2.3841858e-07 -1.1387291 -1.77101803 -0.37236118 -1.022499084 -1.7977581 -0.418185 -1.037937164
		 -1.80715322 -0.47223377 -1.043361664 -1.48189592 -0.041368723 -0.85557556 -1.44187307 -0.010746479 -0.83246994
		 -1.39465761 2.3841858e-07 -0.8052063 -1.97531366 -0.37236118 -0.52928543 -2.0051393509 -0.418185 -0.53727722
		 -2.015618324 -0.47223377 -0.54008484 -1.65284109 -0.041368484 -0.44287872 -1.60820055 -0.010746479 -0.43091583
		 -1.55553865 2.3841858e-07 -0.4168129 -2.044996738 -0.37236118 0 -2.075873375 -0.418185 0
		 -2.086722374 -0.47223377 0 -1.71114683 -0.041368484 0 -1.66493225 -0.010746479 0
		 -1.61041307 2.3841858e-07 0 -1.97531366 -0.37236118 0.52928543 -2.0051393509 -0.418185 0.53727722
		 -2.015618324 -0.47223377 0.54008484 -1.65284109 -0.041368484 0.44287491 -1.60820055 -0.010746479 0.43091583
		 -1.55553865 2.3841858e-07 0.41680527 -1.77101803 -0.37236094 1.022499084 -1.7977581 -0.418185 1.037937164
		 -1.80715322 -0.47223377 1.043361664 -1.48189688 -0.041368723 0.85557556 -1.44187355 -0.010746479 0.83246994
		 -1.39465761 2.3841858e-07 0.8052063 -1.44602966 -0.37236118 1.44602966 -1.46786404 -0.418185 1.46786499
		 -1.47553492 -0.47223377 1.47553253 -1.20996475 -0.041368484 1.20995712 -1.17728519 -0.010746479 1.17728043
		 -1.13873434 2.3841858e-07 1.1387291 -1.022498131 -0.37236118 1.77101898 -1.037936687 -0.418185 1.7977562
		 -1.043361187 -0.47223377 1.80715179 -0.85557365 -0.041368484 1.48189545 -0.83246613 -0.010746479 1.44187546
		 -0.8052063 2.3841858e-07 1.39466095 -0.529284 -0.37236118 1.97531509 -0.53727531 -0.418185 2.0051383972
		 -0.54008341 -0.47223377 2.015617371 -0.44287682 -0.041368484 1.65283966 -0.43091631 -0.010746479 1.60820007
		 -0.41680527 2.3841858e-07 1.55553818 0 -0.37236094 2.044994354 0 -0.418185 2.075870514
		 0 -0.47223377 2.086719513 0 -0.041368723 1.71114731 0 -0.010746479 1.66493225 0 2.3841858e-07 1.6104126
		 0.529284 -0.37236118 1.97531509 0.53727531 -0.418185 2.0051383972 0.54008341 -0.47223377 2.015617371
		 0.44287777 -0.041368484 1.65283966 0.43091583 -0.010746479 1.60820007 0.41680574 2.3841858e-07 1.55553818
		 1.022497654 -0.37236094 1.77101898 1.037935734 -0.418185 1.7977562 1.043360233 -0.47223377 1.80715179
		 0.85557318 -0.041368723 1.48189545 0.83246565 -0.010746717 1.44187546 0.80520678 2.3841858e-07 1.39466095
		 1.44603109 -0.37236118 1.44602966 1.46786356 -0.418185 1.46786499 1.47553492 -0.47223377 1.47553253
		 1.20996428 -0.041368484 1.20995712 1.17728567 -0.010746479 1.17728043 1.13873529 2.3841858e-07 1.1387291
		 1.77101946 -0.37236094 1.022499084 1.79775953 -0.418185 1.037937164 1.80715418 -0.47223377 1.043361664
		 1.48189878 -0.041368723 0.85557556 1.44187498 -0.010746479 0.83246994 1.39465952 2.3841858e-07 0.8052063
		 1.97531462 -0.37236118 0.52928543 2.0051398277 -0.418185 0.53727722;
	setAttr ".vt[166:169]" 2.015618801 -0.47223377 0.54008484 1.65284109 -0.041368484 0.44287491
		 1.60820055 -0.010746479 0.43091583 1.55553961 2.3841858e-07 0.41680527;
	setAttr -s 360 ".ed";
	setAttr ".ed[0:165]"  0 1 0 1 2 0 2 3 0 3 4 0 4 5 0 5 6 0 6 7 0 7 8 0 8 9 0
		 9 10 0 10 11 0 11 12 0 12 13 0 13 14 0 14 15 0 15 16 0 16 17 0 17 18 0 18 19 0 19 20 0
		 20 21 0 21 22 0 22 23 0 23 0 0 24 0 1 24 1 1 24 2 1 24 3 1 24 4 1 24 5 1 24 6 1 24 7 1
		 24 8 1 24 9 1 24 10 1 24 11 1 24 12 1 24 13 1 24 14 1 24 15 1 24 16 1 24 17 1 24 18 1
		 24 19 1 24 20 1 24 21 1 24 22 1 24 23 1 30 29 1 29 26 1 28 31 1 31 30 1 28 27 1 43 28 1
		 27 26 1 26 41 1 168 167 1 167 29 1 31 169 1 169 168 1 39 38 1 38 32 1 34 40 1 40 39 1
		 34 33 1 37 34 1 33 32 1 32 35 1 37 36 1 166 37 1 36 35 1 35 164 1 45 44 1 44 38 1
		 40 46 1 46 45 1 43 42 1 49 43 1 42 41 1 41 47 1 51 50 1 50 44 1 46 52 1 52 51 1 49 48 1
		 55 49 1 48 47 1 47 53 1 57 56 1 56 50 1 52 58 1 58 57 1 55 54 1 61 55 1 54 53 1 53 59 1
		 63 62 1 62 56 1 58 64 1 64 63 1 61 60 1 67 61 1 60 59 1 59 65 1 69 68 1 68 62 1 64 70 1
		 70 69 1 67 66 1 73 67 1 66 65 1 65 71 1 75 74 1 74 68 1 70 76 1 76 75 1 73 72 1 79 73 1
		 72 71 1 71 77 1 81 80 1 80 74 1 76 82 1 82 81 1 79 78 1 85 79 1 78 77 1 77 83 1 87 86 1
		 86 80 1 82 88 1 88 87 1 85 84 1 91 85 1 84 83 1 83 89 1 93 92 1 92 86 1 88 94 1 94 93 1
		 91 90 1 97 91 1 90 89 1 89 95 1 99 98 1 98 92 1 94 100 1 100 99 1 97 96 1 103 97 1
		 96 95 1 95 101 1 105 104 1 104 98 1 100 106 1 106 105 1 103 102 1 109 103 1 102 101 1
		 101 107 1 111 110 1 110 104 1 106 112 1 112 111 1 109 108 1 115 109 1;
	setAttr ".ed[166:331]" 108 107 1 107 113 1 117 116 1 116 110 1 112 118 1 118 117 1
		 115 114 1 121 115 1 114 113 1 113 119 1 123 122 1 122 116 1 118 124 1 124 123 1 121 120 1
		 127 121 1 120 119 1 119 125 1 129 128 1 128 122 1 124 130 1 130 129 1 127 126 1 133 127 1
		 126 125 1 125 131 1 135 134 1 134 128 1 130 136 1 136 135 1 133 132 1 139 133 1 132 131 1
		 131 137 1 141 140 1 140 134 1 136 142 1 142 141 1 139 138 1 145 139 1 138 137 1 137 143 1
		 147 146 1 146 140 1 142 148 1 148 147 1 145 144 1 151 145 1 144 143 1 143 149 1 153 152 1
		 152 146 1 148 154 1 154 153 1 151 150 1 157 151 1 150 149 1 149 155 1 159 158 1 158 152 1
		 154 160 1 160 159 1 157 156 1 163 157 1 156 155 1 155 161 1 165 164 1 164 158 1 160 166 1
		 166 165 1 163 162 1 169 163 1 162 161 1 161 167 1 32 26 1 29 35 1 38 41 1 44 47 1
		 50 53 1 56 59 1 62 65 1 68 71 1 74 77 1 80 83 1 86 89 1 92 95 1 98 101 1 104 107 1
		 110 113 1 116 119 1 122 125 1 128 131 1 134 137 1 140 143 1 146 149 1 152 155 1 158 161 1
		 164 167 1 1 40 1 34 0 1 2 46 1 3 52 1 4 58 1 5 64 1 6 70 1 7 76 1 8 82 1 9 88 1 10 94 1
		 11 100 1 12 106 1 13 112 1 14 118 1 15 124 1 16 130 1 17 136 1 18 142 1 19 148 1
		 20 154 1 21 160 1 22 166 1 23 37 1 43 25 1 25 28 1 49 25 1 55 25 1 61 25 1 67 25 1
		 73 25 1 79 25 1 85 25 1 91 25 1 97 25 1 103 25 1 109 25 1 115 25 1 121 25 1 127 25 1
		 133 25 1 139 25 1 145 25 1 151 25 1 157 25 1 163 25 1 169 25 1 31 25 1 27 30 1 30 168 1
		 33 39 1 33 36 1 39 45 1 27 42 1 45 51 1 42 48 1 51 57 1 48 54 1 57 63 1 54 60 1 63 69 1
		 60 66 1 69 75 1 66 72 1 75 81 1 72 78 1 81 87 1 78 84 1;
	setAttr ".ed[332:359]" 87 93 1 84 90 1 93 99 1 90 96 1 99 105 1 96 102 1 105 111 1
		 102 108 1 111 117 1 108 114 1 117 123 1 114 120 1 123 129 1 120 126 1 129 135 1 126 132 1
		 135 141 1 132 138 1 141 147 1 138 144 1 147 153 1 144 150 1 153 159 1 150 156 1 159 165 1
		 156 162 1 36 165 1 162 168 1;
	setAttr -s 192 -ch 720 ".fc[0:191]" -type "polyFaces" 
		f 3 -1 -25 25
		mu 0 3 1 0 24
		f 3 -2 -26 26
		mu 0 3 2 1 24
		f 3 -3 -27 27
		mu 0 3 3 2 24
		f 3 -4 -28 28
		mu 0 3 4 3 24
		f 3 -5 -29 29
		mu 0 3 5 4 24
		f 3 -6 -30 30
		mu 0 3 6 5 24
		f 3 -7 -31 31
		mu 0 3 7 6 24
		f 3 -8 -32 32
		mu 0 3 8 7 24
		f 3 -9 -33 33
		mu 0 3 9 8 24
		f 3 -10 -34 34
		mu 0 3 10 9 24
		f 3 -11 -35 35
		mu 0 3 11 10 24
		f 3 -12 -36 36
		mu 0 3 12 11 24
		f 3 -13 -37 37
		mu 0 3 13 12 24
		f 3 -14 -38 38
		mu 0 3 14 13 24
		f 3 -15 -39 39
		mu 0 3 15 14 24
		f 3 -16 -40 40
		mu 0 3 16 15 24
		f 3 -17 -41 41
		mu 0 3 17 16 24
		f 3 -18 -42 42
		mu 0 3 18 17 24
		f 3 -19 -43 43
		mu 0 3 19 18 24
		f 3 -20 -44 44
		mu 0 3 20 19 24
		f 3 -21 -45 45
		mu 0 3 21 20 24
		f 3 -22 -46 46
		mu 0 3 22 21 24
		f 3 -23 -47 47
		mu 0 3 23 22 24
		f 3 -24 -48 24
		mu 0 3 0 23 24
		f 4 240 -50 241 -68
		mu 0 4 25 147 26 151
		f 4 -241 -62 242 -56
		mu 0 4 27 149 28 153
		f 4 -243 -74 243 -80
		mu 0 4 29 152 30 155
		f 4 -244 -82 244 -88
		mu 0 4 31 154 32 157
		f 4 -245 -90 245 -96
		mu 0 4 33 156 34 159
		f 4 -246 -98 246 -104
		mu 0 4 35 158 36 161
		f 4 -247 -106 247 -112
		mu 0 4 37 160 38 163
		f 4 -248 -114 248 -120
		mu 0 4 39 162 40 165
		f 4 -249 -122 249 -128
		mu 0 4 41 164 42 167
		f 4 -250 -130 250 -136
		mu 0 4 43 166 44 169
		f 4 -251 -138 251 -144
		mu 0 4 45 168 46 171
		f 4 -252 -146 252 -152
		mu 0 4 47 170 48 173
		f 4 -253 -154 253 -160
		mu 0 4 49 172 50 175
		f 4 -254 -162 254 -168
		mu 0 4 51 174 52 177
		f 4 -255 -170 255 -176
		mu 0 4 53 176 54 179
		f 4 -256 -178 256 -184
		mu 0 4 55 178 56 181
		f 4 -257 -186 257 -192
		mu 0 4 57 180 58 183
		f 4 -258 -194 258 -200
		mu 0 4 59 182 60 185
		f 4 -259 -202 259 -208
		mu 0 4 61 184 62 187
		f 4 -260 -210 260 -216
		mu 0 4 63 186 64 189
		f 4 -261 -218 261 -224
		mu 0 4 65 188 66 191
		f 4 -262 -226 262 -232
		mu 0 4 67 190 68 193
		f 4 -263 -234 263 -240
		mu 0 4 69 192 70 195
		f 4 -264 -72 -242 -58
		mu 0 4 71 194 72 148
		f 4 0 264 -63 265
		mu 0 4 73 74 77 75
		f 4 1 266 -75 -265
		mu 0 4 74 76 79 77
		f 4 2 267 -83 -267
		mu 0 4 76 78 81 79
		f 4 3 268 -91 -268
		mu 0 4 78 80 83 81
		f 4 4 269 -99 -269
		mu 0 4 80 82 85 83
		f 4 5 270 -107 -270
		mu 0 4 82 84 87 85
		f 4 6 271 -115 -271
		mu 0 4 84 86 89 87
		f 4 7 272 -123 -272
		mu 0 4 86 88 91 89
		f 4 8 273 -131 -273
		mu 0 4 88 90 93 91
		f 4 9 274 -139 -274
		mu 0 4 90 92 95 93
		f 4 10 275 -147 -275
		mu 0 4 92 94 97 95
		f 4 11 276 -155 -276
		mu 0 4 94 96 99 97
		f 4 12 277 -163 -277
		mu 0 4 96 98 101 99
		f 4 13 278 -171 -278
		mu 0 4 98 100 103 101
		f 4 14 279 -179 -279
		mu 0 4 100 102 105 103
		f 4 15 280 -187 -280
		mu 0 4 102 104 107 105
		f 4 16 281 -195 -281
		mu 0 4 104 106 109 107
		f 4 17 282 -203 -282
		mu 0 4 106 108 111 109
		f 4 18 283 -211 -283
		mu 0 4 108 110 113 111
		f 4 19 284 -219 -284
		mu 0 4 110 112 115 113
		f 4 20 285 -227 -285
		mu 0 4 112 114 117 115
		f 4 21 286 -235 -286
		mu 0 4 114 116 119 117
		f 4 22 287 -70 -287
		mu 0 4 116 118 121 119
		f 4 23 -266 -66 -288
		mu 0 4 118 120 150 121
		f 3 -54 288 289
		mu 0 3 145 122 146
		f 3 -78 290 -289
		mu 0 3 122 123 146
		f 3 -86 291 -291
		mu 0 3 123 124 146
		f 3 -94 292 -292
		mu 0 3 124 125 146
		f 3 -102 293 -293
		mu 0 3 125 126 146
		f 3 -110 294 -294
		mu 0 3 126 127 146
		f 3 -118 295 -295
		mu 0 3 127 128 146
		f 3 -126 296 -296
		mu 0 3 128 129 146
		f 3 -134 297 -297
		mu 0 3 129 130 146
		f 3 -142 298 -298
		mu 0 3 130 131 146
		f 3 -150 299 -299
		mu 0 3 131 132 146
		f 3 -158 300 -300
		mu 0 3 132 133 146
		f 3 -166 301 -301
		mu 0 3 133 134 146
		f 3 -174 302 -302
		mu 0 3 134 135 146
		f 3 -182 303 -303
		mu 0 3 135 136 146
		f 3 -190 304 -304
		mu 0 3 136 137 146
		f 3 -198 305 -305
		mu 0 3 137 138 146
		f 3 -206 306 -306
		mu 0 3 138 139 146
		f 3 -214 307 -307
		mu 0 3 139 140 146
		f 3 -222 308 -308
		mu 0 3 140 141 146
		f 3 -230 309 -309
		mu 0 3 141 142 146
		f 3 -238 310 -310
		mu 0 3 142 143 146
		f 3 -59 311 -311
		mu 0 3 143 144 146
		f 3 -51 -290 -312
		mu 0 3 144 145 146
		f 4 -55 312 48 49
		mu 0 4 147 198 201 26
		f 4 -53 50 51 -313
		mu 0 4 197 145 144 199
		f 4 -49 313 56 57
		mu 0 4 148 200 292 71
		f 4 -52 58 59 -314
		mu 0 4 199 144 143 290
		f 4 -67 314 60 61
		mu 0 4 149 203 205 28
		f 4 -65 62 63 -315
		mu 0 4 203 75 77 205
		f 4 64 315 -69 65
		mu 0 4 150 202 204 121
		f 4 66 67 -71 -316
		mu 0 4 202 25 151 204
		f 4 -61 316 72 73
		mu 0 4 152 205 209 30
		f 4 -64 74 75 -317
		mu 0 4 205 77 79 209
		f 4 52 317 -77 53
		mu 0 4 145 197 207 122
		f 4 54 55 -79 -318
		mu 0 4 196 27 153 208
		f 4 -73 318 80 81
		mu 0 4 154 209 213 32
		f 4 -76 82 83 -319
		mu 0 4 209 79 81 213
		f 4 76 319 -85 77
		mu 0 4 122 207 211 123
		f 4 78 79 -87 -320
		mu 0 4 206 29 155 212
		f 4 -81 320 88 89
		mu 0 4 156 213 217 34
		f 4 -84 90 91 -321
		mu 0 4 213 81 83 217
		f 4 84 321 -93 85
		mu 0 4 123 211 215 124
		f 4 86 87 -95 -322
		mu 0 4 210 31 157 216
		f 4 -89 322 96 97
		mu 0 4 158 217 221 36
		f 4 -92 98 99 -323
		mu 0 4 217 83 85 221
		f 4 92 323 -101 93
		mu 0 4 124 215 219 125
		f 4 94 95 -103 -324
		mu 0 4 214 33 159 220
		f 4 -97 324 104 105
		mu 0 4 160 221 225 38
		f 4 -100 106 107 -325
		mu 0 4 221 85 87 225
		f 4 100 325 -109 101
		mu 0 4 125 219 223 126
		f 4 102 103 -111 -326
		mu 0 4 218 35 161 224
		f 4 -105 326 112 113
		mu 0 4 162 225 229 40
		f 4 -108 114 115 -327
		mu 0 4 225 87 89 229
		f 4 108 327 -117 109
		mu 0 4 126 223 227 127
		f 4 110 111 -119 -328
		mu 0 4 222 37 163 228
		f 4 -113 328 120 121
		mu 0 4 164 229 233 42
		f 4 -116 122 123 -329
		mu 0 4 229 89 91 233
		f 4 116 329 -125 117
		mu 0 4 127 227 231 128
		f 4 118 119 -127 -330
		mu 0 4 226 39 165 232
		f 4 -121 330 128 129
		mu 0 4 166 233 237 44
		f 4 -124 130 131 -331
		mu 0 4 233 91 93 237
		f 4 124 331 -133 125
		mu 0 4 128 231 235 129
		f 4 126 127 -135 -332
		mu 0 4 230 41 167 236
		f 4 -129 332 136 137
		mu 0 4 168 237 241 46
		f 4 -132 138 139 -333
		mu 0 4 237 93 95 241
		f 4 132 333 -141 133
		mu 0 4 129 235 239 130
		f 4 134 135 -143 -334
		mu 0 4 234 43 169 240
		f 4 -137 334 144 145
		mu 0 4 170 241 245 48
		f 4 -140 146 147 -335
		mu 0 4 241 95 97 245
		f 4 140 335 -149 141
		mu 0 4 130 239 243 131
		f 4 142 143 -151 -336
		mu 0 4 238 45 171 244
		f 4 -145 336 152 153
		mu 0 4 172 245 249 50
		f 4 -148 154 155 -337
		mu 0 4 245 97 99 249
		f 4 148 337 -157 149
		mu 0 4 131 243 247 132
		f 4 150 151 -159 -338
		mu 0 4 242 47 173 248
		f 4 -153 338 160 161
		mu 0 4 174 249 253 52
		f 4 -156 162 163 -339
		mu 0 4 249 99 101 253
		f 4 156 339 -165 157
		mu 0 4 132 247 251 133
		f 4 158 159 -167 -340
		mu 0 4 246 49 175 252
		f 4 -161 340 168 169
		mu 0 4 176 253 257 54
		f 4 -164 170 171 -341
		mu 0 4 253 101 103 257
		f 4 164 341 -173 165
		mu 0 4 133 251 255 134
		f 4 166 167 -175 -342
		mu 0 4 250 51 177 256
		f 4 -169 342 176 177
		mu 0 4 178 257 261 56
		f 4 -172 178 179 -343
		mu 0 4 257 103 105 261
		f 4 172 343 -181 173
		mu 0 4 134 255 259 135
		f 4 174 175 -183 -344
		mu 0 4 254 53 179 260
		f 4 -177 344 184 185
		mu 0 4 180 261 265 58
		f 4 -180 186 187 -345
		mu 0 4 261 105 107 265
		f 4 180 345 -189 181
		mu 0 4 135 259 263 136
		f 4 182 183 -191 -346
		mu 0 4 258 55 181 264
		f 4 -185 346 192 193
		mu 0 4 182 265 269 60
		f 4 -188 194 195 -347
		mu 0 4 265 107 109 269
		f 4 188 347 -197 189
		mu 0 4 136 263 267 137
		f 4 190 191 -199 -348
		mu 0 4 262 57 183 268
		f 4 -193 348 200 201
		mu 0 4 184 269 273 62
		f 4 -196 202 203 -349
		mu 0 4 269 109 111 273
		f 4 196 349 -205 197
		mu 0 4 137 267 271 138
		f 4 198 199 -207 -350
		mu 0 4 266 59 185 272
		f 4 -201 350 208 209
		mu 0 4 186 273 277 64
		f 4 -204 210 211 -351
		mu 0 4 273 111 113 277
		f 4 204 351 -213 205
		mu 0 4 138 271 275 139
		f 4 206 207 -215 -352
		mu 0 4 270 61 187 276
		f 4 -209 352 216 217
		mu 0 4 188 277 281 66
		f 4 -212 218 219 -353
		mu 0 4 277 113 115 281
		f 4 212 353 -221 213
		mu 0 4 139 275 279 140
		f 4 214 215 -223 -354
		mu 0 4 274 63 189 280
		f 4 -217 354 224 225
		mu 0 4 190 281 285 68
		f 4 -220 226 227 -355
		mu 0 4 281 115 117 285
		f 4 220 355 -229 221
		mu 0 4 140 279 283 141
		f 4 222 223 -231 -356
		mu 0 4 278 65 191 284
		f 4 -225 356 232 233
		mu 0 4 192 285 289 70
		f 4 -228 234 235 -357
		mu 0 4 285 117 119 289
		f 4 228 357 -237 229
		mu 0 4 141 283 287 142
		f 4 230 231 -239 -358
		mu 0 4 282 67 193 288
		f 4 68 358 -236 69
		mu 0 4 121 204 289 119
		f 4 70 71 -233 -359
		mu 0 4 204 72 194 289
		f 4 236 359 -60 237
		mu 0 4 142 287 290 143
		f 4 238 239 -57 -360
		mu 0 4 286 69 195 291;
	setAttr ".cd" -type "dataPolyComponent" Index_Data Edge 0 ;
	setAttr ".cvd" -type "dataPolyComponent" Index_Data Vertex 0 ;
	setAttr ".pd[0]" -type "dataPolyComponent" Index_Data UV 0 ;
	setAttr ".hfd" -type "dataPolyComponent" Index_Data Face 0 ;
createNode mesh -n "polySurfaceShape3" -p "pCylinder9";
	rename -uid "ADCEFC1B-4017-9728-6F9A-098F84655C4D";
	setAttr -k off ".v";
	setAttr ".io" yes;
	setAttr -s 4 ".iog";
	setAttr ".vir" yes;
	setAttr ".vif" yes;
	setAttr ".pv" -type "double2" 0.50000002980232239 0.84375 ;
	setAttr ".uvst[0].uvsn" -type "string" "map1";
	setAttr -s 100 ".uvst[0].uvsp[0:99]" -type "float2" 0.65092582 0.11580956
		 0.63531637 0.07812506 0.61048537 0.04576464 0.578125 0.020933613 0.54044044 0.0053241849
		 0.5 8.9406967e-08 0.45955956 0.0053241551 0.42187506 0.020933583 0.38951463 0.045764595
		 0.36468357 0.078125015 0.34907413 0.11580953 0.34375006 0.15625 0.34907413 0.19669044
		 0.36468357 0.23437497 0.3895146 0.2667354 0.421875 0.29156643 0.45955953 0.30717587
		 0.5 0.31249997 0.54044044 0.30717587 0.578125 0.29156646 0.61048543 0.26673543 0.63531649
		 0.234375 0.65092587 0.19669047 0.65625 0.15625 0.375 0.3125 0.38541666 0.3125 0.39583331
		 0.3125 0.40624997 0.3125 0.41666663 0.3125 0.42708328 0.3125 0.43749994 0.3125 0.4479166
		 0.3125 0.45833325 0.3125 0.46874991 0.3125 0.47916657 0.3125 0.48958322 0.3125 0.49999988
		 0.3125 0.51041657 0.3125 0.52083325 0.3125 0.53124994 0.3125 0.54166663 0.3125 0.55208331
		 0.3125 0.5625 0.3125 0.57291669 0.3125 0.58333337 0.3125 0.59375006 0.3125 0.60416675
		 0.3125 0.61458343 0.3125 0.62500012 0.3125 0.375 0.6875 0.38541666 0.6875 0.39583331
		 0.6875 0.40624997 0.6875 0.41666663 0.6875 0.42708328 0.6875 0.43749994 0.6875 0.4479166
		 0.6875 0.45833325 0.6875 0.46874991 0.6875 0.47916657 0.6875 0.48958322 0.6875 0.49999988
		 0.6875 0.51041657 0.6875 0.52083325 0.6875 0.53124994 0.6875 0.54166663 0.6875 0.55208331
		 0.6875 0.5625 0.6875 0.57291669 0.6875 0.58333337 0.6875 0.59375006 0.6875 0.60416675
		 0.6875 0.61458343 0.6875 0.62500012 0.6875 0.65092582 0.80330956 0.63531637 0.76562506
		 0.61048537 0.73326463 0.578125 0.70843363 0.54044044 0.69282418 0.5 0.68750012 0.45955956
		 0.69282413 0.42187506 0.70843357 0.38951463 0.73326457 0.36468357 0.765625 0.34907413
		 0.80330956 0.34375006 0.84375 0.34907413 0.88419044 0.36468357 0.921875 0.3895146
		 0.95423543 0.421875 0.97906643 0.45955953 0.99467587 0.5 1 0.54044044 0.99467587
		 0.578125 0.97906649 0.61048543 0.95423543 0.63531649 0.921875 0.65092587 0.88419044
		 0.65625 0.84375 0.5 0.15625 0.5 0.84375;
	setAttr ".cuvs" -type "string" "map1";
	setAttr ".dcc" -type "string" "Ambient+Diffuse";
	setAttr ".covm[0]"  0 1 1;
	setAttr ".cdvm[0]"  0 1 1;
	setAttr -s 50 ".pt[0:49]" -type "float3"  1.049692 -1.0867225 -0.28126439 
		0.94112843 -1.0867225 -0.54336035 0.7684285 -1.0867225 -0.76842856 0.54336041 -1.0867225 
		-0.94112855 0.28126425 -1.0867225 -1.0496929 -3.2386854e-08 -1.0867225 -1.0867207 
		-0.28126436 -1.0867225 -1.0496929 -0.54336035 -1.0867225 -0.94112867 -0.76842862 
		-1.0867225 -0.76842868 -0.94112867 -1.0867225 -0.54336131 -1.049693 -1.0867225 -0.28126448 
		-1.0867225 -1.0867225 -2.5909483e-07 -1.049693 -1.0867225 0.28126419 -0.94112867 
		-1.0867225 0.54336047 -0.76842868 -1.0867225 0.76842856 -0.54336131 -1.0867225 0.94112855 
		-0.28126448 -1.0867225 1.0496929 -1.94321e-07 -1.0867225 1.0867207 0.28126425 -1.0867225 
		1.0496929 0.54336029 -1.0867225 0.94112855 0.76842856 -1.0867225 0.76842862 0.94112867 
		-1.0867225 0.54336035 1.0496929 -1.0867225 0.28126425 1.0867225 -1.0867225 -1.94321e-07 
		1.049692 -0.99999976 -0.28126439 0.94112843 -0.99999976 -0.54336035 0.7684285 -0.99999976 
		-0.76842856 0.54336041 -0.99999976 -0.94112855 0.28126425 -0.99999976 -1.0496929 
		-3.2386854e-08 -0.99999976 -1.0867207 -0.28126436 -0.99999976 -1.0496929 -0.54336035 
		-0.99999976 -0.94112867 -0.76842862 -0.99999976 -0.76842868 -0.94112867 -0.99999976 
		-0.54336131 -1.049693 -0.99999976 -0.28126448 -1.0867225 -0.99999976 -2.5909483e-07 
		-1.049693 -0.99999976 0.28126419 -0.94112867 -0.99999976 0.54336047 -0.76842868 -0.99999976 
		0.76842856 -0.54336131 -0.99999976 0.94112855 -0.28126448 -0.99999976 1.0496929 -1.94321e-07 
		-0.99999976 1.0867207 0.28126425 -0.99999976 1.0496929 0.54336029 -0.99999976 0.94112855 
		0.76842856 -0.99999976 0.76842862 0.94112867 -0.99999976 0.54336035 1.0496929 -0.99999976 
		0.28126425 1.0867225 -0.99999976 -1.94321e-07 -1.6193425e-07 -1.0867225 -1.94321e-07 
		-1.6193425e-07 -0.99999976 -1.94321e-07;
	setAttr -s 50 ".vt[0:49]"  0.96592534 -1 -0.25881881 0.86602497 -1 -0.49999964
		 0.70710647 -1 -0.70710629 0.49999982 -1 -0.86602485 0.25881901 -1 -0.96592522 1.1920929e-07 -1 -0.99999946
		 -0.25881881 -1 -0.9659254 -0.4999997 -1 -0.86602509 -0.70710647 -1 -0.70710659 -0.86602509 -1 -0.49999988
		 -0.96592551 -1 -0.25881901 -0.9999997 -1 -5.9604645e-08 -0.96592557 -1 0.25881892
		 -0.86602521 -1 0.49999982 -0.70710665 -1 0.70710659 -0.49999994 -1 0.86602521 -0.25881901 -1 0.96592563
		 -2.9802322e-08 -1 0.99999982 0.25881898 -1 0.96592569 0.49999991 -1 0.86602533 0.70710671 -1 0.70710677
		 0.86602539 -1 0.5 0.96592581 -1 0.25881904 1 -1 0 0.96592534 1 -0.25881881 0.86602497 1 -0.49999964
		 0.70710647 1 -0.70710629 0.49999982 1 -0.86602485 0.25881901 1 -0.96592522 1.1920929e-07 1 -0.99999946
		 -0.25881881 1 -0.9659254 -0.4999997 1 -0.86602509 -0.70710647 1 -0.70710659 -0.86602509 1 -0.49999988
		 -0.96592551 1 -0.25881901 -0.9999997 1 -5.9604645e-08 -0.96592557 1 0.25881892 -0.86602521 1 0.49999982
		 -0.70710665 1 0.70710659 -0.49999994 1 0.86602521 -0.25881901 1 0.96592563 -2.9802322e-08 1 0.99999982
		 0.25881898 1 0.96592569 0.49999991 1 0.86602533 0.70710671 1 0.70710677 0.86602539 1 0.5
		 0.96592581 1 0.25881904 1 1 0 0 -1 0 0 1 0;
	setAttr -s 120 ".ed[0:119]"  0 1 0 1 2 0 2 3 0 3 4 0 4 5 0 5 6 0 6 7 0
		 7 8 0 8 9 0 9 10 0 10 11 0 11 12 0 12 13 0 13 14 0 14 15 0 15 16 0 16 17 0 17 18 0
		 18 19 0 19 20 0 20 21 0 21 22 0 22 23 0 23 0 0 24 25 0 25 26 0 26 27 0 27 28 0 28 29 0
		 29 30 0 30 31 0 31 32 0 32 33 0 33 34 0 34 35 0 35 36 0 36 37 0 37 38 0 38 39 0 39 40 0
		 40 41 0 41 42 0 42 43 0 43 44 0 44 45 0 45 46 0 46 47 0 47 24 0 0 24 1 1 25 1 2 26 1
		 3 27 1 4 28 1 5 29 1 6 30 1 7 31 1 8 32 1 9 33 1 10 34 1 11 35 1 12 36 1 13 37 1
		 14 38 1 15 39 1 16 40 1 17 41 1 18 42 1 19 43 1 20 44 1 21 45 1 22 46 1 23 47 1 48 0 1
		 48 1 1 48 2 1 48 3 1 48 4 1 48 5 1 48 6 1 48 7 1 48 8 1 48 9 1 48 10 1 48 11 1 48 12 1
		 48 13 1 48 14 1 48 15 1 48 16 1 48 17 1 48 18 1 48 19 1 48 20 1 48 21 1 48 22 1 48 23 1
		 24 49 1 25 49 1 26 49 1 27 49 1 28 49 1 29 49 1 30 49 1 31 49 1 32 49 1 33 49 1 34 49 1
		 35 49 1 36 49 1 37 49 1 38 49 1 39 49 1 40 49 1 41 49 1 42 49 1 43 49 1 44 49 1 45 49 1
		 46 49 1 47 49 1;
	setAttr -s 72 -ch 240 ".fc[0:71]" -type "polyFaces" 
		f 4 0 49 -25 -49
		mu 0 4 24 25 50 49
		f 4 1 50 -26 -50
		mu 0 4 25 26 51 50
		f 4 2 51 -27 -51
		mu 0 4 26 27 52 51
		f 4 3 52 -28 -52
		mu 0 4 27 28 53 52
		f 4 4 53 -29 -53
		mu 0 4 28 29 54 53
		f 4 5 54 -30 -54
		mu 0 4 29 30 55 54
		f 4 6 55 -31 -55
		mu 0 4 30 31 56 55
		f 4 7 56 -32 -56
		mu 0 4 31 32 57 56
		f 4 8 57 -33 -57
		mu 0 4 32 33 58 57
		f 4 9 58 -34 -58
		mu 0 4 33 34 59 58
		f 4 10 59 -35 -59
		mu 0 4 34 35 60 59
		f 4 11 60 -36 -60
		mu 0 4 35 36 61 60
		f 4 12 61 -37 -61
		mu 0 4 36 37 62 61
		f 4 13 62 -38 -62
		mu 0 4 37 38 63 62
		f 4 14 63 -39 -63
		mu 0 4 38 39 64 63
		f 4 15 64 -40 -64
		mu 0 4 39 40 65 64
		f 4 16 65 -41 -65
		mu 0 4 40 41 66 65
		f 4 17 66 -42 -66
		mu 0 4 41 42 67 66
		f 4 18 67 -43 -67
		mu 0 4 42 43 68 67
		f 4 19 68 -44 -68
		mu 0 4 43 44 69 68
		f 4 20 69 -45 -69
		mu 0 4 44 45 70 69
		f 4 21 70 -46 -70
		mu 0 4 45 46 71 70
		f 4 22 71 -47 -71
		mu 0 4 46 47 72 71
		f 4 23 48 -48 -72
		mu 0 4 47 48 73 72
		f 3 -1 -73 73
		mu 0 3 1 0 98
		f 3 -2 -74 74
		mu 0 3 2 1 98
		f 3 -3 -75 75
		mu 0 3 3 2 98
		f 3 -4 -76 76
		mu 0 3 4 3 98
		f 3 -5 -77 77
		mu 0 3 5 4 98
		f 3 -6 -78 78
		mu 0 3 6 5 98
		f 3 -7 -79 79
		mu 0 3 7 6 98
		f 3 -8 -80 80
		mu 0 3 8 7 98
		f 3 -9 -81 81
		mu 0 3 9 8 98
		f 3 -10 -82 82
		mu 0 3 10 9 98
		f 3 -11 -83 83
		mu 0 3 11 10 98
		f 3 -12 -84 84
		mu 0 3 12 11 98
		f 3 -13 -85 85
		mu 0 3 13 12 98
		f 3 -14 -86 86
		mu 0 3 14 13 98
		f 3 -15 -87 87
		mu 0 3 15 14 98
		f 3 -16 -88 88
		mu 0 3 16 15 98
		f 3 -17 -89 89
		mu 0 3 17 16 98
		f 3 -18 -90 90
		mu 0 3 18 17 98
		f 3 -19 -91 91
		mu 0 3 19 18 98
		f 3 -20 -92 92
		mu 0 3 20 19 98
		f 3 -21 -93 93
		mu 0 3 21 20 98
		f 3 -22 -94 94
		mu 0 3 22 21 98
		f 3 -23 -95 95
		mu 0 3 23 22 98
		f 3 -24 -96 72
		mu 0 3 0 23 98
		f 3 24 97 -97
		mu 0 3 96 95 99
		f 3 25 98 -98
		mu 0 3 95 94 99
		f 3 26 99 -99
		mu 0 3 94 93 99
		f 3 27 100 -100
		mu 0 3 93 92 99
		f 3 28 101 -101
		mu 0 3 92 91 99
		f 3 29 102 -102
		mu 0 3 91 90 99
		f 3 30 103 -103
		mu 0 3 90 89 99
		f 3 31 104 -104
		mu 0 3 89 88 99
		f 3 32 105 -105
		mu 0 3 88 87 99
		f 3 33 106 -106
		mu 0 3 87 86 99
		f 3 34 107 -107
		mu 0 3 86 85 99
		f 3 35 108 -108
		mu 0 3 85 84 99
		f 3 36 109 -109
		mu 0 3 84 83 99
		f 3 37 110 -110
		mu 0 3 83 82 99
		f 3 38 111 -111
		mu 0 3 82 81 99
		f 3 39 112 -112
		mu 0 3 81 80 99
		f 3 40 113 -113
		mu 0 3 80 79 99
		f 3 41 114 -114
		mu 0 3 79 78 99
		f 3 42 115 -115
		mu 0 3 78 77 99
		f 3 43 116 -116
		mu 0 3 77 76 99
		f 3 44 117 -117
		mu 0 3 76 75 99
		f 3 45 118 -118
		mu 0 3 75 74 99
		f 3 46 119 -119
		mu 0 3 74 97 99
		f 3 47 96 -120
		mu 0 3 97 96 99;
	setAttr ".cd" -type "dataPolyComponent" Index_Data Edge 0 ;
	setAttr ".cvd" -type "dataPolyComponent" Index_Data Vertex 0 ;
	setAttr ".pd[0]" -type "dataPolyComponent" Index_Data UV 0 ;
	setAttr ".hfd" -type "dataPolyComponent" Index_Data Face 0 ;
createNode transform -n "pCylinder10";
	rename -uid "FD17FA67-4EBD-6DE9-81A1-85A1FEAEA743";
	setAttr ".t" -type "double3" 36.864880924753649 7.8814460786783478 75.701364807417619 ;
	setAttr ".s" -type "double3" 3.4398587947757928 3.4398587947757928 3.4398587947757928 ;
	setAttr ".rp" -type "double3" -3.9067308923516536e-16 -1.1194049867594043 9.3935518840942325e-07 ;
	setAttr ".sp" -type "double3" -8.8817841970012523e-16 -0.45879908671611025 3.8500391497109376e-07 ;
	setAttr ".spt" -type "double3" 4.9750533046495987e-16 -0.660605900043294 5.5435127343832949e-07 ;
createNode mesh -n "pCylinderShape10" -p "pCylinder10";
	rename -uid "4BC208B5-498B-B4AB-8B5A-108F9642818F";
	setAttr -k off ".v";
	setAttr ".vir" yes;
	setAttr ".vif" yes;
	setAttr ".pv" -type "double2" 0.50000002980232239 0.48437674343585968 ;
	setAttr ".uvst[0].uvsn" -type "string" "map1";
	setAttr -s 293 ".uvst[0].uvsp";
	setAttr ".uvst[0].uvsp[0:249]" -type "float2" 0.65092582 0.11580956 0.63531637
		 0.07812506 0.61048537 0.04576464 0.578125 0.020933613 0.54044044 0.0053241849 0.5
		 8.9406967e-08 0.45955956 0.0053241551 0.42187506 0.020933583 0.38951463 0.045764595
		 0.36468357 0.078125015 0.34907413 0.11580953 0.34375006 0.15625 0.34907413 0.19669044
		 0.36468357 0.23437497 0.3895146 0.2667354 0.421875 0.29156643 0.45955953 0.30717587
		 0.5 0.31249997 0.54044044 0.30717587 0.578125 0.29156646 0.61048543 0.26673543 0.63531649
		 0.234375 0.65092587 0.19669047 0.65625 0.15625 0.5 0.15625 0.62489599 0.62058413
		 0.61552089 0.68006563 0.37593746 0.68006575 0.38531247 0.62058383 0.38635406 0.68006581
		 0.39572915 0.620583 0.39677072 0.68006545 0.40614581 0.62058371 0.40718737 0.68006593
		 0.4165625 0.62058377 0.41760406 0.68006587 0.42697912 0.62058389 0.42802069 0.68006575
		 0.43739581 0.62058377 0.43843737 0.68006587 0.44781247 0.62058371 0.44885403 0.68006587
		 0.45822909 0.62058377 0.45927069 0.68006557 0.46864572 0.62058383 0.46968728 0.68006575
		 0.47906238 0.62058383 0.48010394 0.68006575 0.48947906 0.62058389 0.49052063 0.68006575
		 0.49989578 0.62058401 0.50093734 0.68006593 0.51031244 0.62058407 0.51135403 0.68006575
		 0.52072906 0.62058383 0.52177066 0.68006587 0.53114581 0.62058342 0.5321874 0.68006593
		 0.5415625 0.62058377 0.54260409 0.68006587 0.55197918 0.62058389 0.55302072 0.68006575
		 0.56239581 0.62058377 0.56343746 0.68006587 0.5728125 0.62058371 0.57385409 0.68006587
		 0.58322924 0.62058377 0.58427083 0.68006587 0.59364593 0.62058377 0.59468746 0.68006575
		 0.60406256 0.62058383 0.60510421 0.68006581 0.6144793 0.62058389 0.37500003 0.3125
		 0.38541663 0.3125 0.37500003 0.60263586 0.39583328 0.3125 0.38541663 0.60263598 0.40624994
		 0.3125 0.39583331 0.60263515 0.4166666 0.3125 0.40624994 0.60263592 0.42708328 0.3125
		 0.41666663 0.60263598 0.43749994 0.3125 0.42708328 0.60263598 0.4479166 0.3125 0.43749994
		 0.60263598 0.45833325 0.3125 0.44791663 0.60263604 0.46874988 0.3125 0.45833328 0.60263598
		 0.47916654 0.3125 0.46874988 0.60263592 0.48958322 0.3125 0.47916654 0.60263592 0.49999988
		 0.3125 0.48958319 0.60263598 0.51041657 0.3125 0.49999994 0.60263604 0.52083319 0.3125
		 0.51041657 0.60263616 0.53124988 0.3125 0.52083319 0.60263598 0.54166663 0.3125 0.53124994
		 0.60263562 0.55208331 0.3125 0.54166663 0.60263598 0.5625 0.3125 0.55208331 0.60263598
		 0.57291669 0.3125 0.5625 0.60263598 0.58333337 0.3125 0.57291669 0.60263598 0.59375006
		 0.3125 0.58333337 0.60263598 0.60416675 0.3125 0.59375006 0.60263592 0.61458343 0.3125
		 0.60416675 0.60263586 0.62500012 0.3125 0.61458343 0.60263598 0.60442948 0.90404224
		 0.58526629 0.92901629 0.5602926 0.9481799 0.53120971 0.960226 0.49999997 0.96433491
		 0.46879035 0.96022582 0.43970749 0.94817978 0.41473368 0.92901599 0.39557043 0.9040423
		 0.38352403 0.87495983 0.37941527 0.84375 0.38352391 0.81254035 0.39557052 0.7834577
		 0.41473368 0.75848407 0.43970749 0.73932022 0.46879038 0.72727406 0.50000006 0.72316521
		 0.53120965 0.72727412 0.56029248 0.73932022 0.58526647 0.75848407 0.60442942 0.78345782
		 0.61647576 0.81254029 0.62058502 0.84375 0.61647606 0.87495959 0.50000006 0.84375
		 0.62406278 0.68006587 0.61364603 0.68006569 0.37510419 0.62058377 0.62500012 0.60263622
		 0.61468756 0.62058383 0.38552079 0.62058389 0.38447922 0.68006569 0.39593747 0.620583
		 0.39489588 0.68006533 0.4063541 0.62058365 0.40531254 0.68006593 0.41677079 0.62058377
		 0.41572922 0.68006587 0.42718741 0.62058389 0.42614588 0.68006575 0.4376041 0.62058383
		 0.43656251 0.68006587 0.44802076 0.62058401 0.44697922 0.68006575 0.45843744 0.62058407
		 0.45739585 0.68006557 0.46885401 0.62058383 0.46781245 0.68006581 0.47927067 0.62058389
		 0.47822911 0.68006569 0.48968735 0.62058389 0.48864579 0.68006575 0.50010407 0.62058395
		 0.49906239 0.68006581 0.5105207 0.62058407 0.50947922 0.68006581 0.52093738 0.62058377
		 0.51989579 0.68006575 0.53135413 0.62058336 0.53031254 0.68006587 0.54177076 0.62058377
		 0.54072922 0.68006593 0.55218744 0.62058389 0.55114591 0.68006575 0.56260413 0.62058383
		 0.56156254 0.68006581 0.57302082 0.62058389 0.57197922 0.68006581 0.5834375 0.62058389
		 0.58239603 0.68006581 0.59385419 0.62058383 0.59281266 0.68006575 0.60427088 0.62058383
		 0.60322934 0.68006557 0.37604159 0.6875 0.62074393 0.87610322 0.62395865 0.68750006
		 0.62500346 0.84375 0.6135419 0.6875 0.61562502 0.6875 0.62500012 0.61314988 0.37500003
		 0.61314952 0.61458343 0.61314964 0.38541663 0.61314964 0.38645819 0.6875 0.6082561
		 0.90625167 0.3843751 0.68749994 0.39583331 0.61314881 0.39687485 0.6875 0.58839077
		 0.93214077 0.39479172 0.68750006 0.40624994 0.61314958 0.40729153 0.6875 0.56250173
		 0.95200622 0.40520844 0.68750006 0.41666663 0.61314964 0.41770819 0.6875 0.53235328
		 0.96449393 0.4156251 0.6875 0.42708328 0.61314964 0.42812482 0.6875 0.5 0.9687534
		 0.42604175 0.6875 0.43749994 0.61314964 0.4385415 0.6875 0.46764672 0.96449387 0.43645838
		 0.6875 0.44791663 0.6131497 0.44895813 0.6875 0.43749827 0.95200628 0.44687507 0.6875
		 0.45833328 0.61314964 0.45937485 0.6875 0.41160932 0.93214059 0.45729172 0.6875 0.46874988
		 0.61314958 0.46979141 0.6875 0.39174387 0.90625173 0.46770832 0.68750006 0.47916651
		 0.61314958 0.4802081 0.6875 0.37925604 0.87610322 0.47812498 0.68749994 0.48958319
		 0.61314964 0.49062479 0.6875 0.37499681 0.84375 0.48854166 0.6875 0.49999994 0.6131497;
	setAttr ".uvst[0].uvsp[250:292]" 0.50104147 0.6875 0.37925601 0.81139678 0.49895832
		 0.6875 0.51041657 0.61314982 0.51145816 0.6875 0.39174393 0.78124833 0.5093751 0.68750006
		 0.52083319 0.61314964 0.52187479 0.6875 0.41160932 0.75535947 0.51979166 0.68749994
		 0.53124994 0.61314929 0.53229153 0.6875 0.43749833 0.73549384 0.53020841 0.6875 0.54166663
		 0.61314964 0.54270822 0.6875 0.46764681 0.72300613 0.5406251 0.68750006 0.55208331
		 0.61314964 0.55312485 0.6875 0.5 0.71874672 0.55104178 0.6875 0.5625 0.61314964 0.56354159
		 0.6875 0.53235322 0.72300619 0.56145841 0.6875 0.57291669 0.61314964 0.57395822 0.6875
		 0.56250167 0.73549384 0.5718751 0.6875 0.58333337 0.61314964 0.58437496 0.6875 0.58839077
		 0.75535947 0.5822919 0.6875 0.59375006 0.61314958 0.59479159 0.6875 0.6082561 0.78124833
		 0.59270853 0.6875 0.60416675 0.61314958 0.62074375 0.81139666 0.60312521 0.68750006
		 0.60520828 0.6875;
	setAttr ".cuvs" -type "string" "map1";
	setAttr ".dcc" -type "string" "Ambient+Diffuse";
	setAttr ".covm[0]"  0 1 1;
	setAttr ".cdvm[0]"  0 1 1;
	setAttr -s 170 ".pt";
	setAttr ".pt[0:165]" -type "float3"  -0.88633192 0.45879918 0.23749258 -0.79466289 
		0.45879918 0.45879787 -0.64883977 0.45879918 0.64883888 -0.45879903 0.45879918 0.79466254 
		-0.23749201 0.45879918 0.88633132 -1.0484024e-07 0.45879918 0.91759753 0.23749186 
		0.45879918 0.88633132 0.4587988 0.45879918 0.79466254 0.64883959 0.45879918 0.64883888 
		0.79466277 0.45879918 0.45879939 0.88633192 0.45879918 0.23749258 0.91759825 0.45879918 
		0 0.88633192 0.45879918 -0.23749258 0.79466277 0.45879918 -0.45879939 0.64883959 
		0.45879918 -0.64883888 0.45879912 0.45879918 -0.79466254 0.23749186 0.45879918 -0.88633132 
		-1.0484024e-07 0.45879918 -0.91759753 -0.23749201 0.45879918 -0.88633132 -0.45879903 
		0.45879918 -0.79466254 -0.64883977 0.45879918 -0.64883888 -0.79466337 0.45879918 
		-0.45879939 -0.88633227 0.45879918 -0.23749258 -0.91759825 0.45879918 0 -1.0484024e-07 
		0.45879918 0 -1.0484024e-07 -0.45879918 0 -0.72680658 -0.44060811 0.19474798 -0.70717698 
		-0.45407352 0.18948749 -0.68401992 -0.45879918 0.18328261 -0.75244665 -0.44060811 
		0 -0.73212439 -0.45407352 0 -0.70815033 -0.45879918 0 -0.868608 -0.29506013 0.23274368 
		-0.88172352 -0.27490982 0.236258 -0.88633192 -0.25114295 0.23749258 -0.89925033 -0.29506013 
		0 -0.91282797 -0.27490982 0 -0.91759825 -0.25114295 0 -0.77877408 -0.29506013 0.44962394 
		-0.79053199 -0.27490982 0.45641258 -0.79466289 -0.25114295 0.45879787 -0.65163708 
		-0.44060811 0.37622216 -0.63403785 -0.45407352 0.36606205 -0.61327565 -0.45879918 
		0.35407326 -0.63586605 -0.29506013 0.63586569 -0.64546651 -0.27490982 0.6454671 -0.64883977 
		-0.25114295 0.64883888 -0.53206009 -0.44060811 0.53206027 -0.51768988 -0.45407352 
		0.5176878 -0.50073767 -0.45879918 0.50073564 -0.4496251 -0.29506013 0.77877378 -0.45641372 
		-0.27490982 0.79053086 -0.45879903 -0.25114295 0.79466254 -0.376223 -0.44060805 0.65163666 
		-0.36606193 -0.45407343 0.63403875 -0.35407531 -0.45879918 0.61327708 -0.23274323 
		-0.29506013 0.86860937 -0.2362572 -0.27490982 0.88172317 -0.23749201 -0.25114295 
		0.88633132 -0.19474761 -0.44060811 0.72680622 -0.18948761 -0.45407352 0.70717704 
		-0.18328287 -0.45879918 0.68401974 -1.0484024e-07 -0.29506022 0.89924961 -1.0484024e-07 
		-0.27490982 0.91282642 -1.0484024e-07 -0.25114295 0.91759753 -1.0484024e-07 -0.44060805 
		0.75244606 -1.0484024e-07 -0.45407352 0.73212409 -1.0484024e-07 -0.45879918 0.70814979 
		0.23274294 -0.29506013 0.86860937 0.23625705 -0.27490982 0.88172317 0.23749186 -0.25114295 
		0.88633132 0.194747 -0.44060811 0.72680622 0.18948761 -0.45407352 0.70717704 0.18328252 
		-0.45879918 0.68401974 0.4496246 -0.29506013 0.77877378 0.45641324 -0.27490982 0.79053086 
		0.4587988 -0.25114295 0.79466254 0.37622285 -0.44060811 0.65163666 0.36606139 -0.45407352 
		0.63403875 0.35407439 -0.45879918 0.61327708 0.63586551 -0.29506013 0.63586569 0.64546651 
		-0.27490982 0.6454671 0.64883959 -0.25114295 0.64883888 0.53206009 -0.44060811 0.53206027 
		0.51768988 -0.45407352 0.5176878 0.50073791 -0.45879918 0.50073564 0.77877313 -0.29506013 
		0.44962543 0.79053175 -0.27490982 0.4564141 0.79466277 -0.25114295 0.45879939 0.65163672 
		-0.44060805 0.37622404 0.63403755 -0.45407352 0.36606354 0.61327553 -0.45879918 0.3540749 
		0.86860824 -0.29506013 0.23274368 0.88172352 -0.27490982 0.236258 0.88633192 -0.25114295 
		0.23749258 0.72680688 -0.44060811 0.19474798 0.7071771 -0.45407352 0.18948749 0.6840198 
		-0.45879918 0.18328595 0.89925033 -0.29506013 0 0.91282797 -0.27490982 0 0.91759825 
		-0.25114295 0 0.75244594 -0.44060811 0 0.73212385 -0.45407352 0 0.70815003 -0.45879918 
		0 0.86860824 -0.29506013 -0.23274368 0.88172352 -0.27490982 -0.236258 0.88633192 
		-0.25114295 -0.23749258 0.72680688 -0.44060811 -0.19474627 0.7071771 -0.45407352 
		-0.18948749 0.6840198 -0.45879918 -0.18328261 0.77877313 -0.29506022 -0.44962543 
		0.79053175 -0.27490982 -0.4564141 0.79466277 -0.25114295 -0.45879939 0.65163743 -0.44060805 
		-0.37622404 0.63403785 -0.45407352 -0.36606354 0.61327553 -0.45879918 -0.3540749 
		0.63586551 -0.29506013 -0.63586569 0.64546651 -0.27490982 -0.6454671 0.64883959 -0.25114295 
		-0.64883888 0.53206009 -0.44060811 -0.53205687 0.51768988 -0.45407352 -0.5176878 
		0.50073791 -0.45879918 -0.50073564 0.4496251 -0.29506013 -0.77877378 0.45641392 -0.27490982 
		-0.79053086 0.45879912 -0.25114295 -0.79466254 0.376223 -0.44060811 -0.65163666 0.36606193 
		-0.45407352 -0.63403875 0.35407478 -0.45879918 -0.61327708 0.23274294 -0.29506013 
		-0.86860937 0.23625705 -0.27490982 -0.88172317 0.23749186 -0.25114295 -0.88633132 
		0.194747 -0.44060811 -0.72680622 0.18948761 -0.45407352 -0.70717704 0.18328252 -0.45879918 
		-0.68401974 -1.0484024e-07 -0.29506022 -0.89924961 -1.0484024e-07 -0.27490982 -0.91282642 
		-1.0484024e-07 -0.25114295 -0.91759753 -1.0484024e-07 -0.44060805 -0.75244606 -1.0484024e-07 
		-0.45407352 -0.73212409 -1.0484024e-07 -0.45879918 -0.70814979 -0.23274323 -0.29506013 
		-0.86860937 -0.2362572 -0.27490982 -0.88172317 -0.23749201 -0.25114295 -0.88633132 
		-0.19474761 -0.44060811 -0.72680622 -0.18948761 -0.45407352 -0.70717704 -0.18328287 
		-0.45879918 -0.68401974 -0.4496251 -0.29506022 -0.77877378 -0.45641372 -0.27490982 
		-0.79053086 -0.45879903 -0.25114295 -0.79466254 -0.376223 -0.44060805 -0.65163666 
		-0.36606193 -0.45407343 -0.63403875 -0.35407531 -0.45879918 -0.61327708 -0.63586605 
		-0.29506013 -0.63586569 -0.64546651 -0.27490982 -0.6454671 -0.64883977 -0.25114295 
		-0.64883888 -0.53206009 -0.44060811 -0.53205687 -0.51769018 -0.45407352 -0.5176878 
		-0.50073832 -0.45879918 -0.50073564 -0.77877408 -0.29506022 -0.44962543 -0.79053217 
		-0.27490982 -0.4564141 -0.79466337 -0.25114295 -0.45879939 -0.65163827 -0.44060805 
		-0.37622404 -0.63403869 -0.45407352 -0.36606354 -0.61327636 -0.45879918 -0.3540749 
		-0.86860931 -0.29506013 -0.23274368 -0.88172424 -0.27490982 -0.236258;
	setAttr ".pt[166:169]" -0.88633227 -0.25114295 -0.23749258 -0.72680736 -0.44060811 
		-0.19474627 -0.70717716 -0.45407352 -0.18948749 -0.68402046 -0.45879918 -0.18328261;
	setAttr -s 170 ".vt";
	setAttr ".vt[0:165]"  2.015617847 -2.086722374 -0.54008484 1.80715322 -2.086722374 -1.043357849
		 1.47553492 -2.086722374 -1.47553253 1.043360233 -2.086722374 -1.80715179 0.54008341 -2.086722374 -2.015617371
		 0 -2.086722374 -2.086719513 -0.54008341 -2.086722374 -2.015617371 -1.043360233 -2.086722374 -1.80715179
		 -1.47553492 -2.086722374 -1.47553253 -1.80715322 -2.086722374 -1.043361664 -2.015618324 -2.086722374 -0.54008484
		 -2.086722374 -2.086722374 0 -2.015618324 -2.086722374 0.54008484 -1.80715322 -2.086722374 1.043361664
		 -1.47553492 -2.086722374 1.47553253 -1.043361187 -2.086722374 1.80715179 -0.54008341 -2.086722374 2.015617371
		 0 -2.086722374 2.086719513 0.54008341 -2.086722374 2.015617371 1.043360233 -2.086722374 1.80715179
		 1.47553492 -2.086722374 1.47553253 1.80715418 -2.086722374 1.043361664 2.015618801 -2.086722374 0.54008484
		 2.086721897 -2.086722374 0 0 -2.086722374 0 0 2.3841858e-07 0 1.65284014 -0.041368484 -0.44287872
		 1.6081996 -0.010746479 -0.43091583 1.55553865 2.3841858e-07 -0.41680527 1.71114874 -0.041368484 0
		 1.66493273 -0.010746479 0 1.61041307 2.3841858e-07 0 1.97531271 -0.37236118 -0.52928543
		 2.0051388741 -0.418185 -0.53727722 2.015617847 -0.47223377 -0.54008484 2.044996738 -0.37236118 0
		 2.075872898 -0.418185 0 2.086721897 -0.47223377 0 1.77101946 -0.37236118 -1.02249527
		 1.79775858 -0.418185 -1.03793335 1.80715322 -0.47223377 -1.043357849 1.48189592 -0.041368484 -0.85557175
		 1.44187307 -0.010746479 -0.83246613 1.39465761 2.3841858e-07 -0.80520248 1.44603109 -0.37236118 -1.44602966
		 1.46786356 -0.418185 -1.46786499 1.47553492 -0.47223377 -1.47553253 1.20996428 -0.041368484 -1.20996475
		 1.17728472 -0.010746479 -1.17728043 1.13873339 2.3841858e-07 -1.1387291 1.022497654 -0.37236118 -1.77101898
		 1.037935734 -0.418185 -1.7977562 1.043360233 -0.47223377 -1.80715179 0.85557318 -0.041368723 -1.48189545
		 0.83246565 -0.010746717 -1.44187546 0.80520678 2.3841858e-07 -1.39466095 0.529284 -0.37236118 -1.97531509
		 0.53727531 -0.418185 -2.0051383972 0.54008341 -0.47223377 -2.015617371 0.44287777 -0.041368484 -1.65283966
		 0.43091583 -0.010746479 -1.60820007 0.41680574 2.3841858e-07 -1.55553818 0 -0.37236094 -2.044994354
		 0 -0.418185 -2.075870514 0 -0.47223377 -2.086719513 0 -0.041368723 -1.71114731 0 -0.010746479 -1.66493225
		 0 2.3841858e-07 -1.6104126 -0.529284 -0.37236118 -1.97531509 -0.53727531 -0.418185 -2.0051383972
		 -0.54008341 -0.47223377 -2.015617371 -0.44287682 -0.041368484 -1.65283966 -0.43091631 -0.010746479 -1.60820007
		 -0.41680527 2.3841858e-07 -1.55553818 -1.022497177 -0.37236118 -1.77101898 -1.037935734 -0.418185 -1.7977562
		 -1.043360233 -0.47223377 -1.80715179 -0.85557318 -0.041368484 -1.48189545 -0.83246517 -0.010746479 -1.44187546
		 -0.80520535 2.3841858e-07 -1.39466095 -1.44602966 -0.37236118 -1.44602966 -1.46786404 -0.418185 -1.46786499
		 -1.47553492 -0.47223377 -1.47553253 -1.20996475 -0.041368484 -1.20996475 -1.17728519 -0.010746479 -1.17728043
		 -1.13873434 2.3841858e-07 -1.1387291 -1.77101803 -0.37236118 -1.022499084 -1.7977581 -0.418185 -1.037937164
		 -1.80715322 -0.47223377 -1.043361664 -1.48189592 -0.041368723 -0.85557556 -1.44187307 -0.010746479 -0.83246994
		 -1.39465761 2.3841858e-07 -0.8052063 -1.97531366 -0.37236118 -0.52928543 -2.0051393509 -0.418185 -0.53727722
		 -2.015618324 -0.47223377 -0.54008484 -1.65284109 -0.041368484 -0.44287872 -1.60820055 -0.010746479 -0.43091583
		 -1.55553865 2.3841858e-07 -0.4168129 -2.044996738 -0.37236118 0 -2.075873375 -0.418185 0
		 -2.086722374 -0.47223377 0 -1.71114683 -0.041368484 0 -1.66493225 -0.010746479 0
		 -1.61041307 2.3841858e-07 0 -1.97531366 -0.37236118 0.52928543 -2.0051393509 -0.418185 0.53727722
		 -2.015618324 -0.47223377 0.54008484 -1.65284109 -0.041368484 0.44287491 -1.60820055 -0.010746479 0.43091583
		 -1.55553865 2.3841858e-07 0.41680527 -1.77101803 -0.37236094 1.022499084 -1.7977581 -0.418185 1.037937164
		 -1.80715322 -0.47223377 1.043361664 -1.48189688 -0.041368723 0.85557556 -1.44187355 -0.010746479 0.83246994
		 -1.39465761 2.3841858e-07 0.8052063 -1.44602966 -0.37236118 1.44602966 -1.46786404 -0.418185 1.46786499
		 -1.47553492 -0.47223377 1.47553253 -1.20996475 -0.041368484 1.20995712 -1.17728519 -0.010746479 1.17728043
		 -1.13873434 2.3841858e-07 1.1387291 -1.022498131 -0.37236118 1.77101898 -1.037936687 -0.418185 1.7977562
		 -1.043361187 -0.47223377 1.80715179 -0.85557365 -0.041368484 1.48189545 -0.83246613 -0.010746479 1.44187546
		 -0.8052063 2.3841858e-07 1.39466095 -0.529284 -0.37236118 1.97531509 -0.53727531 -0.418185 2.0051383972
		 -0.54008341 -0.47223377 2.015617371 -0.44287682 -0.041368484 1.65283966 -0.43091631 -0.010746479 1.60820007
		 -0.41680527 2.3841858e-07 1.55553818 0 -0.37236094 2.044994354 0 -0.418185 2.075870514
		 0 -0.47223377 2.086719513 0 -0.041368723 1.71114731 0 -0.010746479 1.66493225 0 2.3841858e-07 1.6104126
		 0.529284 -0.37236118 1.97531509 0.53727531 -0.418185 2.0051383972 0.54008341 -0.47223377 2.015617371
		 0.44287777 -0.041368484 1.65283966 0.43091583 -0.010746479 1.60820007 0.41680574 2.3841858e-07 1.55553818
		 1.022497654 -0.37236094 1.77101898 1.037935734 -0.418185 1.7977562 1.043360233 -0.47223377 1.80715179
		 0.85557318 -0.041368723 1.48189545 0.83246565 -0.010746717 1.44187546 0.80520678 2.3841858e-07 1.39466095
		 1.44603109 -0.37236118 1.44602966 1.46786356 -0.418185 1.46786499 1.47553492 -0.47223377 1.47553253
		 1.20996428 -0.041368484 1.20995712 1.17728567 -0.010746479 1.17728043 1.13873529 2.3841858e-07 1.1387291
		 1.77101946 -0.37236094 1.022499084 1.79775953 -0.418185 1.037937164 1.80715418 -0.47223377 1.043361664
		 1.48189878 -0.041368723 0.85557556 1.44187498 -0.010746479 0.83246994 1.39465952 2.3841858e-07 0.8052063
		 1.97531462 -0.37236118 0.52928543 2.0051398277 -0.418185 0.53727722;
	setAttr ".vt[166:169]" 2.015618801 -0.47223377 0.54008484 1.65284109 -0.041368484 0.44287491
		 1.60820055 -0.010746479 0.43091583 1.55553961 2.3841858e-07 0.41680527;
	setAttr -s 360 ".ed";
	setAttr ".ed[0:165]"  0 1 0 1 2 0 2 3 0 3 4 0 4 5 0 5 6 0 6 7 0 7 8 0 8 9 0
		 9 10 0 10 11 0 11 12 0 12 13 0 13 14 0 14 15 0 15 16 0 16 17 0 17 18 0 18 19 0 19 20 0
		 20 21 0 21 22 0 22 23 0 23 0 0 24 0 1 24 1 1 24 2 1 24 3 1 24 4 1 24 5 1 24 6 1 24 7 1
		 24 8 1 24 9 1 24 10 1 24 11 1 24 12 1 24 13 1 24 14 1 24 15 1 24 16 1 24 17 1 24 18 1
		 24 19 1 24 20 1 24 21 1 24 22 1 24 23 1 30 29 1 29 26 1 28 31 1 31 30 1 28 27 1 43 28 1
		 27 26 1 26 41 1 168 167 1 167 29 1 31 169 1 169 168 1 39 38 1 38 32 1 34 40 1 40 39 1
		 34 33 1 37 34 1 33 32 1 32 35 1 37 36 1 166 37 1 36 35 1 35 164 1 45 44 1 44 38 1
		 40 46 1 46 45 1 43 42 1 49 43 1 42 41 1 41 47 1 51 50 1 50 44 1 46 52 1 52 51 1 49 48 1
		 55 49 1 48 47 1 47 53 1 57 56 1 56 50 1 52 58 1 58 57 1 55 54 1 61 55 1 54 53 1 53 59 1
		 63 62 1 62 56 1 58 64 1 64 63 1 61 60 1 67 61 1 60 59 1 59 65 1 69 68 1 68 62 1 64 70 1
		 70 69 1 67 66 1 73 67 1 66 65 1 65 71 1 75 74 1 74 68 1 70 76 1 76 75 1 73 72 1 79 73 1
		 72 71 1 71 77 1 81 80 1 80 74 1 76 82 1 82 81 1 79 78 1 85 79 1 78 77 1 77 83 1 87 86 1
		 86 80 1 82 88 1 88 87 1 85 84 1 91 85 1 84 83 1 83 89 1 93 92 1 92 86 1 88 94 1 94 93 1
		 91 90 1 97 91 1 90 89 1 89 95 1 99 98 1 98 92 1 94 100 1 100 99 1 97 96 1 103 97 1
		 96 95 1 95 101 1 105 104 1 104 98 1 100 106 1 106 105 1 103 102 1 109 103 1 102 101 1
		 101 107 1 111 110 1 110 104 1 106 112 1 112 111 1 109 108 1 115 109 1;
	setAttr ".ed[166:331]" 108 107 1 107 113 1 117 116 1 116 110 1 112 118 1 118 117 1
		 115 114 1 121 115 1 114 113 1 113 119 1 123 122 1 122 116 1 118 124 1 124 123 1 121 120 1
		 127 121 1 120 119 1 119 125 1 129 128 1 128 122 1 124 130 1 130 129 1 127 126 1 133 127 1
		 126 125 1 125 131 1 135 134 1 134 128 1 130 136 1 136 135 1 133 132 1 139 133 1 132 131 1
		 131 137 1 141 140 1 140 134 1 136 142 1 142 141 1 139 138 1 145 139 1 138 137 1 137 143 1
		 147 146 1 146 140 1 142 148 1 148 147 1 145 144 1 151 145 1 144 143 1 143 149 1 153 152 1
		 152 146 1 148 154 1 154 153 1 151 150 1 157 151 1 150 149 1 149 155 1 159 158 1 158 152 1
		 154 160 1 160 159 1 157 156 1 163 157 1 156 155 1 155 161 1 165 164 1 164 158 1 160 166 1
		 166 165 1 163 162 1 169 163 1 162 161 1 161 167 1 32 26 1 29 35 1 38 41 1 44 47 1
		 50 53 1 56 59 1 62 65 1 68 71 1 74 77 1 80 83 1 86 89 1 92 95 1 98 101 1 104 107 1
		 110 113 1 116 119 1 122 125 1 128 131 1 134 137 1 140 143 1 146 149 1 152 155 1 158 161 1
		 164 167 1 1 40 1 34 0 1 2 46 1 3 52 1 4 58 1 5 64 1 6 70 1 7 76 1 8 82 1 9 88 1 10 94 1
		 11 100 1 12 106 1 13 112 1 14 118 1 15 124 1 16 130 1 17 136 1 18 142 1 19 148 1
		 20 154 1 21 160 1 22 166 1 23 37 1 43 25 1 25 28 1 49 25 1 55 25 1 61 25 1 67 25 1
		 73 25 1 79 25 1 85 25 1 91 25 1 97 25 1 103 25 1 109 25 1 115 25 1 121 25 1 127 25 1
		 133 25 1 139 25 1 145 25 1 151 25 1 157 25 1 163 25 1 169 25 1 31 25 1 27 30 1 30 168 1
		 33 39 1 33 36 1 39 45 1 27 42 1 45 51 1 42 48 1 51 57 1 48 54 1 57 63 1 54 60 1 63 69 1
		 60 66 1 69 75 1 66 72 1 75 81 1 72 78 1 81 87 1 78 84 1;
	setAttr ".ed[332:359]" 87 93 1 84 90 1 93 99 1 90 96 1 99 105 1 96 102 1 105 111 1
		 102 108 1 111 117 1 108 114 1 117 123 1 114 120 1 123 129 1 120 126 1 129 135 1 126 132 1
		 135 141 1 132 138 1 141 147 1 138 144 1 147 153 1 144 150 1 153 159 1 150 156 1 159 165 1
		 156 162 1 36 165 1 162 168 1;
	setAttr -s 192 -ch 720 ".fc[0:191]" -type "polyFaces" 
		f 3 -1 -25 25
		mu 0 3 1 0 24
		f 3 -2 -26 26
		mu 0 3 2 1 24
		f 3 -3 -27 27
		mu 0 3 3 2 24
		f 3 -4 -28 28
		mu 0 3 4 3 24
		f 3 -5 -29 29
		mu 0 3 5 4 24
		f 3 -6 -30 30
		mu 0 3 6 5 24
		f 3 -7 -31 31
		mu 0 3 7 6 24
		f 3 -8 -32 32
		mu 0 3 8 7 24
		f 3 -9 -33 33
		mu 0 3 9 8 24
		f 3 -10 -34 34
		mu 0 3 10 9 24
		f 3 -11 -35 35
		mu 0 3 11 10 24
		f 3 -12 -36 36
		mu 0 3 12 11 24
		f 3 -13 -37 37
		mu 0 3 13 12 24
		f 3 -14 -38 38
		mu 0 3 14 13 24
		f 3 -15 -39 39
		mu 0 3 15 14 24
		f 3 -16 -40 40
		mu 0 3 16 15 24
		f 3 -17 -41 41
		mu 0 3 17 16 24
		f 3 -18 -42 42
		mu 0 3 18 17 24
		f 3 -19 -43 43
		mu 0 3 19 18 24
		f 3 -20 -44 44
		mu 0 3 20 19 24
		f 3 -21 -45 45
		mu 0 3 21 20 24
		f 3 -22 -46 46
		mu 0 3 22 21 24
		f 3 -23 -47 47
		mu 0 3 23 22 24
		f 3 -24 -48 24
		mu 0 3 0 23 24
		f 4 240 -50 241 -68
		mu 0 4 25 147 26 151
		f 4 -241 -62 242 -56
		mu 0 4 27 149 28 153
		f 4 -243 -74 243 -80
		mu 0 4 29 152 30 155
		f 4 -244 -82 244 -88
		mu 0 4 31 154 32 157
		f 4 -245 -90 245 -96
		mu 0 4 33 156 34 159
		f 4 -246 -98 246 -104
		mu 0 4 35 158 36 161
		f 4 -247 -106 247 -112
		mu 0 4 37 160 38 163
		f 4 -248 -114 248 -120
		mu 0 4 39 162 40 165
		f 4 -249 -122 249 -128
		mu 0 4 41 164 42 167
		f 4 -250 -130 250 -136
		mu 0 4 43 166 44 169
		f 4 -251 -138 251 -144
		mu 0 4 45 168 46 171
		f 4 -252 -146 252 -152
		mu 0 4 47 170 48 173
		f 4 -253 -154 253 -160
		mu 0 4 49 172 50 175
		f 4 -254 -162 254 -168
		mu 0 4 51 174 52 177
		f 4 -255 -170 255 -176
		mu 0 4 53 176 54 179
		f 4 -256 -178 256 -184
		mu 0 4 55 178 56 181
		f 4 -257 -186 257 -192
		mu 0 4 57 180 58 183
		f 4 -258 -194 258 -200
		mu 0 4 59 182 60 185
		f 4 -259 -202 259 -208
		mu 0 4 61 184 62 187
		f 4 -260 -210 260 -216
		mu 0 4 63 186 64 189
		f 4 -261 -218 261 -224
		mu 0 4 65 188 66 191
		f 4 -262 -226 262 -232
		mu 0 4 67 190 68 193
		f 4 -263 -234 263 -240
		mu 0 4 69 192 70 195
		f 4 -264 -72 -242 -58
		mu 0 4 71 194 72 148
		f 4 0 264 -63 265
		mu 0 4 73 74 77 75
		f 4 1 266 -75 -265
		mu 0 4 74 76 79 77
		f 4 2 267 -83 -267
		mu 0 4 76 78 81 79
		f 4 3 268 -91 -268
		mu 0 4 78 80 83 81
		f 4 4 269 -99 -269
		mu 0 4 80 82 85 83
		f 4 5 270 -107 -270
		mu 0 4 82 84 87 85
		f 4 6 271 -115 -271
		mu 0 4 84 86 89 87
		f 4 7 272 -123 -272
		mu 0 4 86 88 91 89
		f 4 8 273 -131 -273
		mu 0 4 88 90 93 91
		f 4 9 274 -139 -274
		mu 0 4 90 92 95 93
		f 4 10 275 -147 -275
		mu 0 4 92 94 97 95
		f 4 11 276 -155 -276
		mu 0 4 94 96 99 97
		f 4 12 277 -163 -277
		mu 0 4 96 98 101 99
		f 4 13 278 -171 -278
		mu 0 4 98 100 103 101
		f 4 14 279 -179 -279
		mu 0 4 100 102 105 103
		f 4 15 280 -187 -280
		mu 0 4 102 104 107 105
		f 4 16 281 -195 -281
		mu 0 4 104 106 109 107
		f 4 17 282 -203 -282
		mu 0 4 106 108 111 109
		f 4 18 283 -211 -283
		mu 0 4 108 110 113 111
		f 4 19 284 -219 -284
		mu 0 4 110 112 115 113
		f 4 20 285 -227 -285
		mu 0 4 112 114 117 115
		f 4 21 286 -235 -286
		mu 0 4 114 116 119 117
		f 4 22 287 -70 -287
		mu 0 4 116 118 121 119
		f 4 23 -266 -66 -288
		mu 0 4 118 120 150 121
		f 3 -54 288 289
		mu 0 3 145 122 146
		f 3 -78 290 -289
		mu 0 3 122 123 146
		f 3 -86 291 -291
		mu 0 3 123 124 146
		f 3 -94 292 -292
		mu 0 3 124 125 146
		f 3 -102 293 -293
		mu 0 3 125 126 146
		f 3 -110 294 -294
		mu 0 3 126 127 146
		f 3 -118 295 -295
		mu 0 3 127 128 146
		f 3 -126 296 -296
		mu 0 3 128 129 146
		f 3 -134 297 -297
		mu 0 3 129 130 146
		f 3 -142 298 -298
		mu 0 3 130 131 146
		f 3 -150 299 -299
		mu 0 3 131 132 146
		f 3 -158 300 -300
		mu 0 3 132 133 146
		f 3 -166 301 -301
		mu 0 3 133 134 146
		f 3 -174 302 -302
		mu 0 3 134 135 146
		f 3 -182 303 -303
		mu 0 3 135 136 146
		f 3 -190 304 -304
		mu 0 3 136 137 146
		f 3 -198 305 -305
		mu 0 3 137 138 146
		f 3 -206 306 -306
		mu 0 3 138 139 146
		f 3 -214 307 -307
		mu 0 3 139 140 146
		f 3 -222 308 -308
		mu 0 3 140 141 146
		f 3 -230 309 -309
		mu 0 3 141 142 146
		f 3 -238 310 -310
		mu 0 3 142 143 146
		f 3 -59 311 -311
		mu 0 3 143 144 146
		f 3 -51 -290 -312
		mu 0 3 144 145 146
		f 4 -55 312 48 49
		mu 0 4 147 198 201 26
		f 4 -53 50 51 -313
		mu 0 4 197 145 144 199
		f 4 -49 313 56 57
		mu 0 4 148 200 292 71
		f 4 -52 58 59 -314
		mu 0 4 199 144 143 290
		f 4 -67 314 60 61
		mu 0 4 149 203 205 28
		f 4 -65 62 63 -315
		mu 0 4 203 75 77 205
		f 4 64 315 -69 65
		mu 0 4 150 202 204 121
		f 4 66 67 -71 -316
		mu 0 4 202 25 151 204
		f 4 -61 316 72 73
		mu 0 4 152 205 209 30
		f 4 -64 74 75 -317
		mu 0 4 205 77 79 209
		f 4 52 317 -77 53
		mu 0 4 145 197 207 122
		f 4 54 55 -79 -318
		mu 0 4 196 27 153 208
		f 4 -73 318 80 81
		mu 0 4 154 209 213 32
		f 4 -76 82 83 -319
		mu 0 4 209 79 81 213
		f 4 76 319 -85 77
		mu 0 4 122 207 211 123
		f 4 78 79 -87 -320
		mu 0 4 206 29 155 212
		f 4 -81 320 88 89
		mu 0 4 156 213 217 34
		f 4 -84 90 91 -321
		mu 0 4 213 81 83 217
		f 4 84 321 -93 85
		mu 0 4 123 211 215 124
		f 4 86 87 -95 -322
		mu 0 4 210 31 157 216
		f 4 -89 322 96 97
		mu 0 4 158 217 221 36
		f 4 -92 98 99 -323
		mu 0 4 217 83 85 221
		f 4 92 323 -101 93
		mu 0 4 124 215 219 125
		f 4 94 95 -103 -324
		mu 0 4 214 33 159 220
		f 4 -97 324 104 105
		mu 0 4 160 221 225 38
		f 4 -100 106 107 -325
		mu 0 4 221 85 87 225
		f 4 100 325 -109 101
		mu 0 4 125 219 223 126
		f 4 102 103 -111 -326
		mu 0 4 218 35 161 224
		f 4 -105 326 112 113
		mu 0 4 162 225 229 40
		f 4 -108 114 115 -327
		mu 0 4 225 87 89 229
		f 4 108 327 -117 109
		mu 0 4 126 223 227 127
		f 4 110 111 -119 -328
		mu 0 4 222 37 163 228
		f 4 -113 328 120 121
		mu 0 4 164 229 233 42
		f 4 -116 122 123 -329
		mu 0 4 229 89 91 233
		f 4 116 329 -125 117
		mu 0 4 127 227 231 128
		f 4 118 119 -127 -330
		mu 0 4 226 39 165 232
		f 4 -121 330 128 129
		mu 0 4 166 233 237 44
		f 4 -124 130 131 -331
		mu 0 4 233 91 93 237
		f 4 124 331 -133 125
		mu 0 4 128 231 235 129
		f 4 126 127 -135 -332
		mu 0 4 230 41 167 236
		f 4 -129 332 136 137
		mu 0 4 168 237 241 46
		f 4 -132 138 139 -333
		mu 0 4 237 93 95 241
		f 4 132 333 -141 133
		mu 0 4 129 235 239 130
		f 4 134 135 -143 -334
		mu 0 4 234 43 169 240
		f 4 -137 334 144 145
		mu 0 4 170 241 245 48
		f 4 -140 146 147 -335
		mu 0 4 241 95 97 245
		f 4 140 335 -149 141
		mu 0 4 130 239 243 131
		f 4 142 143 -151 -336
		mu 0 4 238 45 171 244
		f 4 -145 336 152 153
		mu 0 4 172 245 249 50
		f 4 -148 154 155 -337
		mu 0 4 245 97 99 249
		f 4 148 337 -157 149
		mu 0 4 131 243 247 132
		f 4 150 151 -159 -338
		mu 0 4 242 47 173 248
		f 4 -153 338 160 161
		mu 0 4 174 249 253 52
		f 4 -156 162 163 -339
		mu 0 4 249 99 101 253
		f 4 156 339 -165 157
		mu 0 4 132 247 251 133
		f 4 158 159 -167 -340
		mu 0 4 246 49 175 252
		f 4 -161 340 168 169
		mu 0 4 176 253 257 54
		f 4 -164 170 171 -341
		mu 0 4 253 101 103 257
		f 4 164 341 -173 165
		mu 0 4 133 251 255 134
		f 4 166 167 -175 -342
		mu 0 4 250 51 177 256
		f 4 -169 342 176 177
		mu 0 4 178 257 261 56
		f 4 -172 178 179 -343
		mu 0 4 257 103 105 261
		f 4 172 343 -181 173
		mu 0 4 134 255 259 135
		f 4 174 175 -183 -344
		mu 0 4 254 53 179 260
		f 4 -177 344 184 185
		mu 0 4 180 261 265 58
		f 4 -180 186 187 -345
		mu 0 4 261 105 107 265
		f 4 180 345 -189 181
		mu 0 4 135 259 263 136
		f 4 182 183 -191 -346
		mu 0 4 258 55 181 264
		f 4 -185 346 192 193
		mu 0 4 182 265 269 60
		f 4 -188 194 195 -347
		mu 0 4 265 107 109 269
		f 4 188 347 -197 189
		mu 0 4 136 263 267 137
		f 4 190 191 -199 -348
		mu 0 4 262 57 183 268
		f 4 -193 348 200 201
		mu 0 4 184 269 273 62
		f 4 -196 202 203 -349
		mu 0 4 269 109 111 273
		f 4 196 349 -205 197
		mu 0 4 137 267 271 138
		f 4 198 199 -207 -350
		mu 0 4 266 59 185 272
		f 4 -201 350 208 209
		mu 0 4 186 273 277 64
		f 4 -204 210 211 -351
		mu 0 4 273 111 113 277
		f 4 204 351 -213 205
		mu 0 4 138 271 275 139
		f 4 206 207 -215 -352
		mu 0 4 270 61 187 276
		f 4 -209 352 216 217
		mu 0 4 188 277 281 66
		f 4 -212 218 219 -353
		mu 0 4 277 113 115 281
		f 4 212 353 -221 213
		mu 0 4 139 275 279 140
		f 4 214 215 -223 -354
		mu 0 4 274 63 189 280
		f 4 -217 354 224 225
		mu 0 4 190 281 285 68
		f 4 -220 226 227 -355
		mu 0 4 281 115 117 285
		f 4 220 355 -229 221
		mu 0 4 140 279 283 141
		f 4 222 223 -231 -356
		mu 0 4 278 65 191 284
		f 4 -225 356 232 233
		mu 0 4 192 285 289 70
		f 4 -228 234 235 -357
		mu 0 4 285 117 119 289
		f 4 228 357 -237 229
		mu 0 4 141 283 287 142
		f 4 230 231 -239 -358
		mu 0 4 282 67 193 288
		f 4 68 358 -236 69
		mu 0 4 121 204 289 119
		f 4 70 71 -233 -359
		mu 0 4 204 72 194 289
		f 4 236 359 -60 237
		mu 0 4 142 287 290 143
		f 4 238 239 -57 -360
		mu 0 4 286 69 195 291;
	setAttr ".cd" -type "dataPolyComponent" Index_Data Edge 0 ;
	setAttr ".cvd" -type "dataPolyComponent" Index_Data Vertex 0 ;
	setAttr ".pd[0]" -type "dataPolyComponent" Index_Data UV 0 ;
	setAttr ".hfd" -type "dataPolyComponent" Index_Data Face 0 ;
createNode mesh -n "polySurfaceShape3" -p "pCylinder10";
	rename -uid "8EE78900-481E-BFF9-21C3-9C83C305A9F5";
	setAttr -k off ".v";
	setAttr ".io" yes;
	setAttr -s 4 ".iog";
	setAttr ".vir" yes;
	setAttr ".vif" yes;
	setAttr ".pv" -type "double2" 0.50000002980232239 0.84375 ;
	setAttr ".uvst[0].uvsn" -type "string" "map1";
	setAttr -s 100 ".uvst[0].uvsp[0:99]" -type "float2" 0.65092582 0.11580956
		 0.63531637 0.07812506 0.61048537 0.04576464 0.578125 0.020933613 0.54044044 0.0053241849
		 0.5 8.9406967e-08 0.45955956 0.0053241551 0.42187506 0.020933583 0.38951463 0.045764595
		 0.36468357 0.078125015 0.34907413 0.11580953 0.34375006 0.15625 0.34907413 0.19669044
		 0.36468357 0.23437497 0.3895146 0.2667354 0.421875 0.29156643 0.45955953 0.30717587
		 0.5 0.31249997 0.54044044 0.30717587 0.578125 0.29156646 0.61048543 0.26673543 0.63531649
		 0.234375 0.65092587 0.19669047 0.65625 0.15625 0.375 0.3125 0.38541666 0.3125 0.39583331
		 0.3125 0.40624997 0.3125 0.41666663 0.3125 0.42708328 0.3125 0.43749994 0.3125 0.4479166
		 0.3125 0.45833325 0.3125 0.46874991 0.3125 0.47916657 0.3125 0.48958322 0.3125 0.49999988
		 0.3125 0.51041657 0.3125 0.52083325 0.3125 0.53124994 0.3125 0.54166663 0.3125 0.55208331
		 0.3125 0.5625 0.3125 0.57291669 0.3125 0.58333337 0.3125 0.59375006 0.3125 0.60416675
		 0.3125 0.61458343 0.3125 0.62500012 0.3125 0.375 0.6875 0.38541666 0.6875 0.39583331
		 0.6875 0.40624997 0.6875 0.41666663 0.6875 0.42708328 0.6875 0.43749994 0.6875 0.4479166
		 0.6875 0.45833325 0.6875 0.46874991 0.6875 0.47916657 0.6875 0.48958322 0.6875 0.49999988
		 0.6875 0.51041657 0.6875 0.52083325 0.6875 0.53124994 0.6875 0.54166663 0.6875 0.55208331
		 0.6875 0.5625 0.6875 0.57291669 0.6875 0.58333337 0.6875 0.59375006 0.6875 0.60416675
		 0.6875 0.61458343 0.6875 0.62500012 0.6875 0.65092582 0.80330956 0.63531637 0.76562506
		 0.61048537 0.73326463 0.578125 0.70843363 0.54044044 0.69282418 0.5 0.68750012 0.45955956
		 0.69282413 0.42187506 0.70843357 0.38951463 0.73326457 0.36468357 0.765625 0.34907413
		 0.80330956 0.34375006 0.84375 0.34907413 0.88419044 0.36468357 0.921875 0.3895146
		 0.95423543 0.421875 0.97906643 0.45955953 0.99467587 0.5 1 0.54044044 0.99467587
		 0.578125 0.97906649 0.61048543 0.95423543 0.63531649 0.921875 0.65092587 0.88419044
		 0.65625 0.84375 0.5 0.15625 0.5 0.84375;
	setAttr ".cuvs" -type "string" "map1";
	setAttr ".dcc" -type "string" "Ambient+Diffuse";
	setAttr ".covm[0]"  0 1 1;
	setAttr ".cdvm[0]"  0 1 1;
	setAttr -s 50 ".pt[0:49]" -type "float3"  1.049692 -1.0867225 -0.28126439 
		0.94112843 -1.0867225 -0.54336035 0.7684285 -1.0867225 -0.76842856 0.54336041 -1.0867225 
		-0.94112855 0.28126425 -1.0867225 -1.0496929 -3.2386854e-08 -1.0867225 -1.0867207 
		-0.28126436 -1.0867225 -1.0496929 -0.54336035 -1.0867225 -0.94112867 -0.76842862 
		-1.0867225 -0.76842868 -0.94112867 -1.0867225 -0.54336131 -1.049693 -1.0867225 -0.28126448 
		-1.0867225 -1.0867225 -2.5909483e-07 -1.049693 -1.0867225 0.28126419 -0.94112867 
		-1.0867225 0.54336047 -0.76842868 -1.0867225 0.76842856 -0.54336131 -1.0867225 0.94112855 
		-0.28126448 -1.0867225 1.0496929 -1.94321e-07 -1.0867225 1.0867207 0.28126425 -1.0867225 
		1.0496929 0.54336029 -1.0867225 0.94112855 0.76842856 -1.0867225 0.76842862 0.94112867 
		-1.0867225 0.54336035 1.0496929 -1.0867225 0.28126425 1.0867225 -1.0867225 -1.94321e-07 
		1.049692 -0.99999976 -0.28126439 0.94112843 -0.99999976 -0.54336035 0.7684285 -0.99999976 
		-0.76842856 0.54336041 -0.99999976 -0.94112855 0.28126425 -0.99999976 -1.0496929 
		-3.2386854e-08 -0.99999976 -1.0867207 -0.28126436 -0.99999976 -1.0496929 -0.54336035 
		-0.99999976 -0.94112867 -0.76842862 -0.99999976 -0.76842868 -0.94112867 -0.99999976 
		-0.54336131 -1.049693 -0.99999976 -0.28126448 -1.0867225 -0.99999976 -2.5909483e-07 
		-1.049693 -0.99999976 0.28126419 -0.94112867 -0.99999976 0.54336047 -0.76842868 -0.99999976 
		0.76842856 -0.54336131 -0.99999976 0.94112855 -0.28126448 -0.99999976 1.0496929 -1.94321e-07 
		-0.99999976 1.0867207 0.28126425 -0.99999976 1.0496929 0.54336029 -0.99999976 0.94112855 
		0.76842856 -0.99999976 0.76842862 0.94112867 -0.99999976 0.54336035 1.0496929 -0.99999976 
		0.28126425 1.0867225 -0.99999976 -1.94321e-07 -1.6193425e-07 -1.0867225 -1.94321e-07 
		-1.6193425e-07 -0.99999976 -1.94321e-07;
	setAttr -s 50 ".vt[0:49]"  0.96592534 -1 -0.25881881 0.86602497 -1 -0.49999964
		 0.70710647 -1 -0.70710629 0.49999982 -1 -0.86602485 0.25881901 -1 -0.96592522 1.1920929e-07 -1 -0.99999946
		 -0.25881881 -1 -0.9659254 -0.4999997 -1 -0.86602509 -0.70710647 -1 -0.70710659 -0.86602509 -1 -0.49999988
		 -0.96592551 -1 -0.25881901 -0.9999997 -1 -5.9604645e-08 -0.96592557 -1 0.25881892
		 -0.86602521 -1 0.49999982 -0.70710665 -1 0.70710659 -0.49999994 -1 0.86602521 -0.25881901 -1 0.96592563
		 -2.9802322e-08 -1 0.99999982 0.25881898 -1 0.96592569 0.49999991 -1 0.86602533 0.70710671 -1 0.70710677
		 0.86602539 -1 0.5 0.96592581 -1 0.25881904 1 -1 0 0.96592534 1 -0.25881881 0.86602497 1 -0.49999964
		 0.70710647 1 -0.70710629 0.49999982 1 -0.86602485 0.25881901 1 -0.96592522 1.1920929e-07 1 -0.99999946
		 -0.25881881 1 -0.9659254 -0.4999997 1 -0.86602509 -0.70710647 1 -0.70710659 -0.86602509 1 -0.49999988
		 -0.96592551 1 -0.25881901 -0.9999997 1 -5.9604645e-08 -0.96592557 1 0.25881892 -0.86602521 1 0.49999982
		 -0.70710665 1 0.70710659 -0.49999994 1 0.86602521 -0.25881901 1 0.96592563 -2.9802322e-08 1 0.99999982
		 0.25881898 1 0.96592569 0.49999991 1 0.86602533 0.70710671 1 0.70710677 0.86602539 1 0.5
		 0.96592581 1 0.25881904 1 1 0 0 -1 0 0 1 0;
	setAttr -s 120 ".ed[0:119]"  0 1 0 1 2 0 2 3 0 3 4 0 4 5 0 5 6 0 6 7 0
		 7 8 0 8 9 0 9 10 0 10 11 0 11 12 0 12 13 0 13 14 0 14 15 0 15 16 0 16 17 0 17 18 0
		 18 19 0 19 20 0 20 21 0 21 22 0 22 23 0 23 0 0 24 25 0 25 26 0 26 27 0 27 28 0 28 29 0
		 29 30 0 30 31 0 31 32 0 32 33 0 33 34 0 34 35 0 35 36 0 36 37 0 37 38 0 38 39 0 39 40 0
		 40 41 0 41 42 0 42 43 0 43 44 0 44 45 0 45 46 0 46 47 0 47 24 0 0 24 1 1 25 1 2 26 1
		 3 27 1 4 28 1 5 29 1 6 30 1 7 31 1 8 32 1 9 33 1 10 34 1 11 35 1 12 36 1 13 37 1
		 14 38 1 15 39 1 16 40 1 17 41 1 18 42 1 19 43 1 20 44 1 21 45 1 22 46 1 23 47 1 48 0 1
		 48 1 1 48 2 1 48 3 1 48 4 1 48 5 1 48 6 1 48 7 1 48 8 1 48 9 1 48 10 1 48 11 1 48 12 1
		 48 13 1 48 14 1 48 15 1 48 16 1 48 17 1 48 18 1 48 19 1 48 20 1 48 21 1 48 22 1 48 23 1
		 24 49 1 25 49 1 26 49 1 27 49 1 28 49 1 29 49 1 30 49 1 31 49 1 32 49 1 33 49 1 34 49 1
		 35 49 1 36 49 1 37 49 1 38 49 1 39 49 1 40 49 1 41 49 1 42 49 1 43 49 1 44 49 1 45 49 1
		 46 49 1 47 49 1;
	setAttr -s 72 -ch 240 ".fc[0:71]" -type "polyFaces" 
		f 4 0 49 -25 -49
		mu 0 4 24 25 50 49
		f 4 1 50 -26 -50
		mu 0 4 25 26 51 50
		f 4 2 51 -27 -51
		mu 0 4 26 27 52 51
		f 4 3 52 -28 -52
		mu 0 4 27 28 53 52
		f 4 4 53 -29 -53
		mu 0 4 28 29 54 53
		f 4 5 54 -30 -54
		mu 0 4 29 30 55 54
		f 4 6 55 -31 -55
		mu 0 4 30 31 56 55
		f 4 7 56 -32 -56
		mu 0 4 31 32 57 56
		f 4 8 57 -33 -57
		mu 0 4 32 33 58 57
		f 4 9 58 -34 -58
		mu 0 4 33 34 59 58
		f 4 10 59 -35 -59
		mu 0 4 34 35 60 59
		f 4 11 60 -36 -60
		mu 0 4 35 36 61 60
		f 4 12 61 -37 -61
		mu 0 4 36 37 62 61
		f 4 13 62 -38 -62
		mu 0 4 37 38 63 62
		f 4 14 63 -39 -63
		mu 0 4 38 39 64 63
		f 4 15 64 -40 -64
		mu 0 4 39 40 65 64
		f 4 16 65 -41 -65
		mu 0 4 40 41 66 65
		f 4 17 66 -42 -66
		mu 0 4 41 42 67 66
		f 4 18 67 -43 -67
		mu 0 4 42 43 68 67
		f 4 19 68 -44 -68
		mu 0 4 43 44 69 68
		f 4 20 69 -45 -69
		mu 0 4 44 45 70 69
		f 4 21 70 -46 -70
		mu 0 4 45 46 71 70
		f 4 22 71 -47 -71
		mu 0 4 46 47 72 71
		f 4 23 48 -48 -72
		mu 0 4 47 48 73 72
		f 3 -1 -73 73
		mu 0 3 1 0 98
		f 3 -2 -74 74
		mu 0 3 2 1 98
		f 3 -3 -75 75
		mu 0 3 3 2 98
		f 3 -4 -76 76
		mu 0 3 4 3 98
		f 3 -5 -77 77
		mu 0 3 5 4 98
		f 3 -6 -78 78
		mu 0 3 6 5 98
		f 3 -7 -79 79
		mu 0 3 7 6 98
		f 3 -8 -80 80
		mu 0 3 8 7 98
		f 3 -9 -81 81
		mu 0 3 9 8 98
		f 3 -10 -82 82
		mu 0 3 10 9 98
		f 3 -11 -83 83
		mu 0 3 11 10 98
		f 3 -12 -84 84
		mu 0 3 12 11 98
		f 3 -13 -85 85
		mu 0 3 13 12 98
		f 3 -14 -86 86
		mu 0 3 14 13 98
		f 3 -15 -87 87
		mu 0 3 15 14 98
		f 3 -16 -88 88
		mu 0 3 16 15 98
		f 3 -17 -89 89
		mu 0 3 17 16 98
		f 3 -18 -90 90
		mu 0 3 18 17 98
		f 3 -19 -91 91
		mu 0 3 19 18 98
		f 3 -20 -92 92
		mu 0 3 20 19 98
		f 3 -21 -93 93
		mu 0 3 21 20 98
		f 3 -22 -94 94
		mu 0 3 22 21 98
		f 3 -23 -95 95
		mu 0 3 23 22 98
		f 3 -24 -96 72
		mu 0 3 0 23 98
		f 3 24 97 -97
		mu 0 3 96 95 99
		f 3 25 98 -98
		mu 0 3 95 94 99
		f 3 26 99 -99
		mu 0 3 94 93 99
		f 3 27 100 -100
		mu 0 3 93 92 99
		f 3 28 101 -101
		mu 0 3 92 91 99
		f 3 29 102 -102
		mu 0 3 91 90 99
		f 3 30 103 -103
		mu 0 3 90 89 99
		f 3 31 104 -104
		mu 0 3 89 88 99
		f 3 32 105 -105
		mu 0 3 88 87 99
		f 3 33 106 -106
		mu 0 3 87 86 99
		f 3 34 107 -107
		mu 0 3 86 85 99
		f 3 35 108 -108
		mu 0 3 85 84 99
		f 3 36 109 -109
		mu 0 3 84 83 99
		f 3 37 110 -110
		mu 0 3 83 82 99
		f 3 38 111 -111
		mu 0 3 82 81 99
		f 3 39 112 -112
		mu 0 3 81 80 99
		f 3 40 113 -113
		mu 0 3 80 79 99
		f 3 41 114 -114
		mu 0 3 79 78 99
		f 3 42 115 -115
		mu 0 3 78 77 99
		f 3 43 116 -116
		mu 0 3 77 76 99
		f 3 44 117 -117
		mu 0 3 76 75 99
		f 3 45 118 -118
		mu 0 3 75 74 99
		f 3 46 119 -119
		mu 0 3 74 97 99
		f 3 47 96 -120
		mu 0 3 97 96 99;
	setAttr ".cd" -type "dataPolyComponent" Index_Data Edge 0 ;
	setAttr ".cvd" -type "dataPolyComponent" Index_Data Vertex 0 ;
	setAttr ".pd[0]" -type "dataPolyComponent" Index_Data UV 0 ;
	setAttr ".hfd" -type "dataPolyComponent" Index_Data Face 0 ;
createNode transform -n "pCylinder11";
	rename -uid "4D96CA29-48CC-25EE-B00D-25A96FC030FA";
	setAttr ".t" -type "double3" 1.8648809247536491 7.8814460786783478 88.201364807417619 ;
	setAttr ".s" -type "double3" 3.4398587947757928 3.4398587947757928 3.4398587947757928 ;
	setAttr ".rp" -type "double3" -3.9067308923516536e-16 -1.1194049867594043 9.3935518840942325e-07 ;
	setAttr ".sp" -type "double3" -8.8817841970012523e-16 -0.45879908671611025 3.8500391497109376e-07 ;
	setAttr ".spt" -type "double3" 4.9750533046495987e-16 -0.660605900043294 5.5435127343832949e-07 ;
createNode mesh -n "pCylinderShape11" -p "pCylinder11";
	rename -uid "3C700C56-4F6A-0759-B040-E489E33E42D9";
	setAttr -k off ".v";
	setAttr ".vir" yes;
	setAttr ".vif" yes;
	setAttr ".pv" -type "double2" 0.50000002980232239 0.48437674343585968 ;
	setAttr ".uvst[0].uvsn" -type "string" "map1";
	setAttr -s 293 ".uvst[0].uvsp";
	setAttr ".uvst[0].uvsp[0:249]" -type "float2" 0.65092582 0.11580956 0.63531637
		 0.07812506 0.61048537 0.04576464 0.578125 0.020933613 0.54044044 0.0053241849 0.5
		 8.9406967e-08 0.45955956 0.0053241551 0.42187506 0.020933583 0.38951463 0.045764595
		 0.36468357 0.078125015 0.34907413 0.11580953 0.34375006 0.15625 0.34907413 0.19669044
		 0.36468357 0.23437497 0.3895146 0.2667354 0.421875 0.29156643 0.45955953 0.30717587
		 0.5 0.31249997 0.54044044 0.30717587 0.578125 0.29156646 0.61048543 0.26673543 0.63531649
		 0.234375 0.65092587 0.19669047 0.65625 0.15625 0.5 0.15625 0.62489599 0.62058413
		 0.61552089 0.68006563 0.37593746 0.68006575 0.38531247 0.62058383 0.38635406 0.68006581
		 0.39572915 0.620583 0.39677072 0.68006545 0.40614581 0.62058371 0.40718737 0.68006593
		 0.4165625 0.62058377 0.41760406 0.68006587 0.42697912 0.62058389 0.42802069 0.68006575
		 0.43739581 0.62058377 0.43843737 0.68006587 0.44781247 0.62058371 0.44885403 0.68006587
		 0.45822909 0.62058377 0.45927069 0.68006557 0.46864572 0.62058383 0.46968728 0.68006575
		 0.47906238 0.62058383 0.48010394 0.68006575 0.48947906 0.62058389 0.49052063 0.68006575
		 0.49989578 0.62058401 0.50093734 0.68006593 0.51031244 0.62058407 0.51135403 0.68006575
		 0.52072906 0.62058383 0.52177066 0.68006587 0.53114581 0.62058342 0.5321874 0.68006593
		 0.5415625 0.62058377 0.54260409 0.68006587 0.55197918 0.62058389 0.55302072 0.68006575
		 0.56239581 0.62058377 0.56343746 0.68006587 0.5728125 0.62058371 0.57385409 0.68006587
		 0.58322924 0.62058377 0.58427083 0.68006587 0.59364593 0.62058377 0.59468746 0.68006575
		 0.60406256 0.62058383 0.60510421 0.68006581 0.6144793 0.62058389 0.37500003 0.3125
		 0.38541663 0.3125 0.37500003 0.60263586 0.39583328 0.3125 0.38541663 0.60263598 0.40624994
		 0.3125 0.39583331 0.60263515 0.4166666 0.3125 0.40624994 0.60263592 0.42708328 0.3125
		 0.41666663 0.60263598 0.43749994 0.3125 0.42708328 0.60263598 0.4479166 0.3125 0.43749994
		 0.60263598 0.45833325 0.3125 0.44791663 0.60263604 0.46874988 0.3125 0.45833328 0.60263598
		 0.47916654 0.3125 0.46874988 0.60263592 0.48958322 0.3125 0.47916654 0.60263592 0.49999988
		 0.3125 0.48958319 0.60263598 0.51041657 0.3125 0.49999994 0.60263604 0.52083319 0.3125
		 0.51041657 0.60263616 0.53124988 0.3125 0.52083319 0.60263598 0.54166663 0.3125 0.53124994
		 0.60263562 0.55208331 0.3125 0.54166663 0.60263598 0.5625 0.3125 0.55208331 0.60263598
		 0.57291669 0.3125 0.5625 0.60263598 0.58333337 0.3125 0.57291669 0.60263598 0.59375006
		 0.3125 0.58333337 0.60263598 0.60416675 0.3125 0.59375006 0.60263592 0.61458343 0.3125
		 0.60416675 0.60263586 0.62500012 0.3125 0.61458343 0.60263598 0.60442948 0.90404224
		 0.58526629 0.92901629 0.5602926 0.9481799 0.53120971 0.960226 0.49999997 0.96433491
		 0.46879035 0.96022582 0.43970749 0.94817978 0.41473368 0.92901599 0.39557043 0.9040423
		 0.38352403 0.87495983 0.37941527 0.84375 0.38352391 0.81254035 0.39557052 0.7834577
		 0.41473368 0.75848407 0.43970749 0.73932022 0.46879038 0.72727406 0.50000006 0.72316521
		 0.53120965 0.72727412 0.56029248 0.73932022 0.58526647 0.75848407 0.60442942 0.78345782
		 0.61647576 0.81254029 0.62058502 0.84375 0.61647606 0.87495959 0.50000006 0.84375
		 0.62406278 0.68006587 0.61364603 0.68006569 0.37510419 0.62058377 0.62500012 0.60263622
		 0.61468756 0.62058383 0.38552079 0.62058389 0.38447922 0.68006569 0.39593747 0.620583
		 0.39489588 0.68006533 0.4063541 0.62058365 0.40531254 0.68006593 0.41677079 0.62058377
		 0.41572922 0.68006587 0.42718741 0.62058389 0.42614588 0.68006575 0.4376041 0.62058383
		 0.43656251 0.68006587 0.44802076 0.62058401 0.44697922 0.68006575 0.45843744 0.62058407
		 0.45739585 0.68006557 0.46885401 0.62058383 0.46781245 0.68006581 0.47927067 0.62058389
		 0.47822911 0.68006569 0.48968735 0.62058389 0.48864579 0.68006575 0.50010407 0.62058395
		 0.49906239 0.68006581 0.5105207 0.62058407 0.50947922 0.68006581 0.52093738 0.62058377
		 0.51989579 0.68006575 0.53135413 0.62058336 0.53031254 0.68006587 0.54177076 0.62058377
		 0.54072922 0.68006593 0.55218744 0.62058389 0.55114591 0.68006575 0.56260413 0.62058383
		 0.56156254 0.68006581 0.57302082 0.62058389 0.57197922 0.68006581 0.5834375 0.62058389
		 0.58239603 0.68006581 0.59385419 0.62058383 0.59281266 0.68006575 0.60427088 0.62058383
		 0.60322934 0.68006557 0.37604159 0.6875 0.62074393 0.87610322 0.62395865 0.68750006
		 0.62500346 0.84375 0.6135419 0.6875 0.61562502 0.6875 0.62500012 0.61314988 0.37500003
		 0.61314952 0.61458343 0.61314964 0.38541663 0.61314964 0.38645819 0.6875 0.6082561
		 0.90625167 0.3843751 0.68749994 0.39583331 0.61314881 0.39687485 0.6875 0.58839077
		 0.93214077 0.39479172 0.68750006 0.40624994 0.61314958 0.40729153 0.6875 0.56250173
		 0.95200622 0.40520844 0.68750006 0.41666663 0.61314964 0.41770819 0.6875 0.53235328
		 0.96449393 0.4156251 0.6875 0.42708328 0.61314964 0.42812482 0.6875 0.5 0.9687534
		 0.42604175 0.6875 0.43749994 0.61314964 0.4385415 0.6875 0.46764672 0.96449387 0.43645838
		 0.6875 0.44791663 0.6131497 0.44895813 0.6875 0.43749827 0.95200628 0.44687507 0.6875
		 0.45833328 0.61314964 0.45937485 0.6875 0.41160932 0.93214059 0.45729172 0.6875 0.46874988
		 0.61314958 0.46979141 0.6875 0.39174387 0.90625173 0.46770832 0.68750006 0.47916651
		 0.61314958 0.4802081 0.6875 0.37925604 0.87610322 0.47812498 0.68749994 0.48958319
		 0.61314964 0.49062479 0.6875 0.37499681 0.84375 0.48854166 0.6875 0.49999994 0.6131497;
	setAttr ".uvst[0].uvsp[250:292]" 0.50104147 0.6875 0.37925601 0.81139678 0.49895832
		 0.6875 0.51041657 0.61314982 0.51145816 0.6875 0.39174393 0.78124833 0.5093751 0.68750006
		 0.52083319 0.61314964 0.52187479 0.6875 0.41160932 0.75535947 0.51979166 0.68749994
		 0.53124994 0.61314929 0.53229153 0.6875 0.43749833 0.73549384 0.53020841 0.6875 0.54166663
		 0.61314964 0.54270822 0.6875 0.46764681 0.72300613 0.5406251 0.68750006 0.55208331
		 0.61314964 0.55312485 0.6875 0.5 0.71874672 0.55104178 0.6875 0.5625 0.61314964 0.56354159
		 0.6875 0.53235322 0.72300619 0.56145841 0.6875 0.57291669 0.61314964 0.57395822 0.6875
		 0.56250167 0.73549384 0.5718751 0.6875 0.58333337 0.61314964 0.58437496 0.6875 0.58839077
		 0.75535947 0.5822919 0.6875 0.59375006 0.61314958 0.59479159 0.6875 0.6082561 0.78124833
		 0.59270853 0.6875 0.60416675 0.61314958 0.62074375 0.81139666 0.60312521 0.68750006
		 0.60520828 0.6875;
	setAttr ".cuvs" -type "string" "map1";
	setAttr ".dcc" -type "string" "Ambient+Diffuse";
	setAttr ".covm[0]"  0 1 1;
	setAttr ".cdvm[0]"  0 1 1;
	setAttr -s 170 ".pt";
	setAttr ".pt[0:165]" -type "float3"  -0.88633192 0.45879918 0.23749258 -0.79466289 
		0.45879918 0.45879787 -0.64883977 0.45879918 0.64883888 -0.45879903 0.45879918 0.79466254 
		-0.23749201 0.45879918 0.88633132 -1.0484024e-07 0.45879918 0.91759753 0.23749186 
		0.45879918 0.88633132 0.4587988 0.45879918 0.79466254 0.64883959 0.45879918 0.64883888 
		0.79466277 0.45879918 0.45879939 0.88633192 0.45879918 0.23749258 0.91759825 0.45879918 
		0 0.88633192 0.45879918 -0.23749258 0.79466277 0.45879918 -0.45879939 0.64883959 
		0.45879918 -0.64883888 0.45879912 0.45879918 -0.79466254 0.23749186 0.45879918 -0.88633132 
		-1.0484024e-07 0.45879918 -0.91759753 -0.23749201 0.45879918 -0.88633132 -0.45879903 
		0.45879918 -0.79466254 -0.64883977 0.45879918 -0.64883888 -0.79466337 0.45879918 
		-0.45879939 -0.88633227 0.45879918 -0.23749258 -0.91759825 0.45879918 0 -1.0484024e-07 
		0.45879918 0 -1.0484024e-07 -0.45879918 0 -0.72680658 -0.44060811 0.19474798 -0.70717698 
		-0.45407352 0.18948749 -0.68401992 -0.45879918 0.18328261 -0.75244665 -0.44060811 
		0 -0.73212439 -0.45407352 0 -0.70815033 -0.45879918 0 -0.868608 -0.29506013 0.23274368 
		-0.88172352 -0.27490982 0.236258 -0.88633192 -0.25114295 0.23749258 -0.89925033 -0.29506013 
		0 -0.91282797 -0.27490982 0 -0.91759825 -0.25114295 0 -0.77877408 -0.29506013 0.44962394 
		-0.79053199 -0.27490982 0.45641258 -0.79466289 -0.25114295 0.45879787 -0.65163708 
		-0.44060811 0.37622216 -0.63403785 -0.45407352 0.36606205 -0.61327565 -0.45879918 
		0.35407326 -0.63586605 -0.29506013 0.63586569 -0.64546651 -0.27490982 0.6454671 -0.64883977 
		-0.25114295 0.64883888 -0.53206009 -0.44060811 0.53206027 -0.51768988 -0.45407352 
		0.5176878 -0.50073767 -0.45879918 0.50073564 -0.4496251 -0.29506013 0.77877378 -0.45641372 
		-0.27490982 0.79053086 -0.45879903 -0.25114295 0.79466254 -0.376223 -0.44060805 0.65163666 
		-0.36606193 -0.45407343 0.63403875 -0.35407531 -0.45879918 0.61327708 -0.23274323 
		-0.29506013 0.86860937 -0.2362572 -0.27490982 0.88172317 -0.23749201 -0.25114295 
		0.88633132 -0.19474761 -0.44060811 0.72680622 -0.18948761 -0.45407352 0.70717704 
		-0.18328287 -0.45879918 0.68401974 -1.0484024e-07 -0.29506022 0.89924961 -1.0484024e-07 
		-0.27490982 0.91282642 -1.0484024e-07 -0.25114295 0.91759753 -1.0484024e-07 -0.44060805 
		0.75244606 -1.0484024e-07 -0.45407352 0.73212409 -1.0484024e-07 -0.45879918 0.70814979 
		0.23274294 -0.29506013 0.86860937 0.23625705 -0.27490982 0.88172317 0.23749186 -0.25114295 
		0.88633132 0.194747 -0.44060811 0.72680622 0.18948761 -0.45407352 0.70717704 0.18328252 
		-0.45879918 0.68401974 0.4496246 -0.29506013 0.77877378 0.45641324 -0.27490982 0.79053086 
		0.4587988 -0.25114295 0.79466254 0.37622285 -0.44060811 0.65163666 0.36606139 -0.45407352 
		0.63403875 0.35407439 -0.45879918 0.61327708 0.63586551 -0.29506013 0.63586569 0.64546651 
		-0.27490982 0.6454671 0.64883959 -0.25114295 0.64883888 0.53206009 -0.44060811 0.53206027 
		0.51768988 -0.45407352 0.5176878 0.50073791 -0.45879918 0.50073564 0.77877313 -0.29506013 
		0.44962543 0.79053175 -0.27490982 0.4564141 0.79466277 -0.25114295 0.45879939 0.65163672 
		-0.44060805 0.37622404 0.63403755 -0.45407352 0.36606354 0.61327553 -0.45879918 0.3540749 
		0.86860824 -0.29506013 0.23274368 0.88172352 -0.27490982 0.236258 0.88633192 -0.25114295 
		0.23749258 0.72680688 -0.44060811 0.19474798 0.7071771 -0.45407352 0.18948749 0.6840198 
		-0.45879918 0.18328595 0.89925033 -0.29506013 0 0.91282797 -0.27490982 0 0.91759825 
		-0.25114295 0 0.75244594 -0.44060811 0 0.73212385 -0.45407352 0 0.70815003 -0.45879918 
		0 0.86860824 -0.29506013 -0.23274368 0.88172352 -0.27490982 -0.236258 0.88633192 
		-0.25114295 -0.23749258 0.72680688 -0.44060811 -0.19474627 0.7071771 -0.45407352 
		-0.18948749 0.6840198 -0.45879918 -0.18328261 0.77877313 -0.29506022 -0.44962543 
		0.79053175 -0.27490982 -0.4564141 0.79466277 -0.25114295 -0.45879939 0.65163743 -0.44060805 
		-0.37622404 0.63403785 -0.45407352 -0.36606354 0.61327553 -0.45879918 -0.3540749 
		0.63586551 -0.29506013 -0.63586569 0.64546651 -0.27490982 -0.6454671 0.64883959 -0.25114295 
		-0.64883888 0.53206009 -0.44060811 -0.53205687 0.51768988 -0.45407352 -0.5176878 
		0.50073791 -0.45879918 -0.50073564 0.4496251 -0.29506013 -0.77877378 0.45641392 -0.27490982 
		-0.79053086 0.45879912 -0.25114295 -0.79466254 0.376223 -0.44060811 -0.65163666 0.36606193 
		-0.45407352 -0.63403875 0.35407478 -0.45879918 -0.61327708 0.23274294 -0.29506013 
		-0.86860937 0.23625705 -0.27490982 -0.88172317 0.23749186 -0.25114295 -0.88633132 
		0.194747 -0.44060811 -0.72680622 0.18948761 -0.45407352 -0.70717704 0.18328252 -0.45879918 
		-0.68401974 -1.0484024e-07 -0.29506022 -0.89924961 -1.0484024e-07 -0.27490982 -0.91282642 
		-1.0484024e-07 -0.25114295 -0.91759753 -1.0484024e-07 -0.44060805 -0.75244606 -1.0484024e-07 
		-0.45407352 -0.73212409 -1.0484024e-07 -0.45879918 -0.70814979 -0.23274323 -0.29506013 
		-0.86860937 -0.2362572 -0.27490982 -0.88172317 -0.23749201 -0.25114295 -0.88633132 
		-0.19474761 -0.44060811 -0.72680622 -0.18948761 -0.45407352 -0.70717704 -0.18328287 
		-0.45879918 -0.68401974 -0.4496251 -0.29506022 -0.77877378 -0.45641372 -0.27490982 
		-0.79053086 -0.45879903 -0.25114295 -0.79466254 -0.376223 -0.44060805 -0.65163666 
		-0.36606193 -0.45407343 -0.63403875 -0.35407531 -0.45879918 -0.61327708 -0.63586605 
		-0.29506013 -0.63586569 -0.64546651 -0.27490982 -0.6454671 -0.64883977 -0.25114295 
		-0.64883888 -0.53206009 -0.44060811 -0.53205687 -0.51769018 -0.45407352 -0.5176878 
		-0.50073832 -0.45879918 -0.50073564 -0.77877408 -0.29506022 -0.44962543 -0.79053217 
		-0.27490982 -0.4564141 -0.79466337 -0.25114295 -0.45879939 -0.65163827 -0.44060805 
		-0.37622404 -0.63403869 -0.45407352 -0.36606354 -0.61327636 -0.45879918 -0.3540749 
		-0.86860931 -0.29506013 -0.23274368 -0.88172424 -0.27490982 -0.236258;
	setAttr ".pt[166:169]" -0.88633227 -0.25114295 -0.23749258 -0.72680736 -0.44060811 
		-0.19474627 -0.70717716 -0.45407352 -0.18948749 -0.68402046 -0.45879918 -0.18328261;
	setAttr -s 170 ".vt";
	setAttr ".vt[0:165]"  2.015617847 -2.086722374 -0.54008484 1.80715322 -2.086722374 -1.043357849
		 1.47553492 -2.086722374 -1.47553253 1.043360233 -2.086722374 -1.80715179 0.54008341 -2.086722374 -2.015617371
		 0 -2.086722374 -2.086719513 -0.54008341 -2.086722374 -2.015617371 -1.043360233 -2.086722374 -1.80715179
		 -1.47553492 -2.086722374 -1.47553253 -1.80715322 -2.086722374 -1.043361664 -2.015618324 -2.086722374 -0.54008484
		 -2.086722374 -2.086722374 0 -2.015618324 -2.086722374 0.54008484 -1.80715322 -2.086722374 1.043361664
		 -1.47553492 -2.086722374 1.47553253 -1.043361187 -2.086722374 1.80715179 -0.54008341 -2.086722374 2.015617371
		 0 -2.086722374 2.086719513 0.54008341 -2.086722374 2.015617371 1.043360233 -2.086722374 1.80715179
		 1.47553492 -2.086722374 1.47553253 1.80715418 -2.086722374 1.043361664 2.015618801 -2.086722374 0.54008484
		 2.086721897 -2.086722374 0 0 -2.086722374 0 0 2.3841858e-07 0 1.65284014 -0.041368484 -0.44287872
		 1.6081996 -0.010746479 -0.43091583 1.55553865 2.3841858e-07 -0.41680527 1.71114874 -0.041368484 0
		 1.66493273 -0.010746479 0 1.61041307 2.3841858e-07 0 1.97531271 -0.37236118 -0.52928543
		 2.0051388741 -0.418185 -0.53727722 2.015617847 -0.47223377 -0.54008484 2.044996738 -0.37236118 0
		 2.075872898 -0.418185 0 2.086721897 -0.47223377 0 1.77101946 -0.37236118 -1.02249527
		 1.79775858 -0.418185 -1.03793335 1.80715322 -0.47223377 -1.043357849 1.48189592 -0.041368484 -0.85557175
		 1.44187307 -0.010746479 -0.83246613 1.39465761 2.3841858e-07 -0.80520248 1.44603109 -0.37236118 -1.44602966
		 1.46786356 -0.418185 -1.46786499 1.47553492 -0.47223377 -1.47553253 1.20996428 -0.041368484 -1.20996475
		 1.17728472 -0.010746479 -1.17728043 1.13873339 2.3841858e-07 -1.1387291 1.022497654 -0.37236118 -1.77101898
		 1.037935734 -0.418185 -1.7977562 1.043360233 -0.47223377 -1.80715179 0.85557318 -0.041368723 -1.48189545
		 0.83246565 -0.010746717 -1.44187546 0.80520678 2.3841858e-07 -1.39466095 0.529284 -0.37236118 -1.97531509
		 0.53727531 -0.418185 -2.0051383972 0.54008341 -0.47223377 -2.015617371 0.44287777 -0.041368484 -1.65283966
		 0.43091583 -0.010746479 -1.60820007 0.41680574 2.3841858e-07 -1.55553818 0 -0.37236094 -2.044994354
		 0 -0.418185 -2.075870514 0 -0.47223377 -2.086719513 0 -0.041368723 -1.71114731 0 -0.010746479 -1.66493225
		 0 2.3841858e-07 -1.6104126 -0.529284 -0.37236118 -1.97531509 -0.53727531 -0.418185 -2.0051383972
		 -0.54008341 -0.47223377 -2.015617371 -0.44287682 -0.041368484 -1.65283966 -0.43091631 -0.010746479 -1.60820007
		 -0.41680527 2.3841858e-07 -1.55553818 -1.022497177 -0.37236118 -1.77101898 -1.037935734 -0.418185 -1.7977562
		 -1.043360233 -0.47223377 -1.80715179 -0.85557318 -0.041368484 -1.48189545 -0.83246517 -0.010746479 -1.44187546
		 -0.80520535 2.3841858e-07 -1.39466095 -1.44602966 -0.37236118 -1.44602966 -1.46786404 -0.418185 -1.46786499
		 -1.47553492 -0.47223377 -1.47553253 -1.20996475 -0.041368484 -1.20996475 -1.17728519 -0.010746479 -1.17728043
		 -1.13873434 2.3841858e-07 -1.1387291 -1.77101803 -0.37236118 -1.022499084 -1.7977581 -0.418185 -1.037937164
		 -1.80715322 -0.47223377 -1.043361664 -1.48189592 -0.041368723 -0.85557556 -1.44187307 -0.010746479 -0.83246994
		 -1.39465761 2.3841858e-07 -0.8052063 -1.97531366 -0.37236118 -0.52928543 -2.0051393509 -0.418185 -0.53727722
		 -2.015618324 -0.47223377 -0.54008484 -1.65284109 -0.041368484 -0.44287872 -1.60820055 -0.010746479 -0.43091583
		 -1.55553865 2.3841858e-07 -0.4168129 -2.044996738 -0.37236118 0 -2.075873375 -0.418185 0
		 -2.086722374 -0.47223377 0 -1.71114683 -0.041368484 0 -1.66493225 -0.010746479 0
		 -1.61041307 2.3841858e-07 0 -1.97531366 -0.37236118 0.52928543 -2.0051393509 -0.418185 0.53727722
		 -2.015618324 -0.47223377 0.54008484 -1.65284109 -0.041368484 0.44287491 -1.60820055 -0.010746479 0.43091583
		 -1.55553865 2.3841858e-07 0.41680527 -1.77101803 -0.37236094 1.022499084 -1.7977581 -0.418185 1.037937164
		 -1.80715322 -0.47223377 1.043361664 -1.48189688 -0.041368723 0.85557556 -1.44187355 -0.010746479 0.83246994
		 -1.39465761 2.3841858e-07 0.8052063 -1.44602966 -0.37236118 1.44602966 -1.46786404 -0.418185 1.46786499
		 -1.47553492 -0.47223377 1.47553253 -1.20996475 -0.041368484 1.20995712 -1.17728519 -0.010746479 1.17728043
		 -1.13873434 2.3841858e-07 1.1387291 -1.022498131 -0.37236118 1.77101898 -1.037936687 -0.418185 1.7977562
		 -1.043361187 -0.47223377 1.80715179 -0.85557365 -0.041368484 1.48189545 -0.83246613 -0.010746479 1.44187546
		 -0.8052063 2.3841858e-07 1.39466095 -0.529284 -0.37236118 1.97531509 -0.53727531 -0.418185 2.0051383972
		 -0.54008341 -0.47223377 2.015617371 -0.44287682 -0.041368484 1.65283966 -0.43091631 -0.010746479 1.60820007
		 -0.41680527 2.3841858e-07 1.55553818 0 -0.37236094 2.044994354 0 -0.418185 2.075870514
		 0 -0.47223377 2.086719513 0 -0.041368723 1.71114731 0 -0.010746479 1.66493225 0 2.3841858e-07 1.6104126
		 0.529284 -0.37236118 1.97531509 0.53727531 -0.418185 2.0051383972 0.54008341 -0.47223377 2.015617371
		 0.44287777 -0.041368484 1.65283966 0.43091583 -0.010746479 1.60820007 0.41680574 2.3841858e-07 1.55553818
		 1.022497654 -0.37236094 1.77101898 1.037935734 -0.418185 1.7977562 1.043360233 -0.47223377 1.80715179
		 0.85557318 -0.041368723 1.48189545 0.83246565 -0.010746717 1.44187546 0.80520678 2.3841858e-07 1.39466095
		 1.44603109 -0.37236118 1.44602966 1.46786356 -0.418185 1.46786499 1.47553492 -0.47223377 1.47553253
		 1.20996428 -0.041368484 1.20995712 1.17728567 -0.010746479 1.17728043 1.13873529 2.3841858e-07 1.1387291
		 1.77101946 -0.37236094 1.022499084 1.79775953 -0.418185 1.037937164 1.80715418 -0.47223377 1.043361664
		 1.48189878 -0.041368723 0.85557556 1.44187498 -0.010746479 0.83246994 1.39465952 2.3841858e-07 0.8052063
		 1.97531462 -0.37236118 0.52928543 2.0051398277 -0.418185 0.53727722;
	setAttr ".vt[166:169]" 2.015618801 -0.47223377 0.54008484 1.65284109 -0.041368484 0.44287491
		 1.60820055 -0.010746479 0.43091583 1.55553961 2.3841858e-07 0.41680527;
	setAttr -s 360 ".ed";
	setAttr ".ed[0:165]"  0 1 0 1 2 0 2 3 0 3 4 0 4 5 0 5 6 0 6 7 0 7 8 0 8 9 0
		 9 10 0 10 11 0 11 12 0 12 13 0 13 14 0 14 15 0 15 16 0 16 17 0 17 18 0 18 19 0 19 20 0
		 20 21 0 21 22 0 22 23 0 23 0 0 24 0 1 24 1 1 24 2 1 24 3 1 24 4 1 24 5 1 24 6 1 24 7 1
		 24 8 1 24 9 1 24 10 1 24 11 1 24 12 1 24 13 1 24 14 1 24 15 1 24 16 1 24 17 1 24 18 1
		 24 19 1 24 20 1 24 21 1 24 22 1 24 23 1 30 29 1 29 26 1 28 31 1 31 30 1 28 27 1 43 28 1
		 27 26 1 26 41 1 168 167 1 167 29 1 31 169 1 169 168 1 39 38 1 38 32 1 34 40 1 40 39 1
		 34 33 1 37 34 1 33 32 1 32 35 1 37 36 1 166 37 1 36 35 1 35 164 1 45 44 1 44 38 1
		 40 46 1 46 45 1 43 42 1 49 43 1 42 41 1 41 47 1 51 50 1 50 44 1 46 52 1 52 51 1 49 48 1
		 55 49 1 48 47 1 47 53 1 57 56 1 56 50 1 52 58 1 58 57 1 55 54 1 61 55 1 54 53 1 53 59 1
		 63 62 1 62 56 1 58 64 1 64 63 1 61 60 1 67 61 1 60 59 1 59 65 1 69 68 1 68 62 1 64 70 1
		 70 69 1 67 66 1 73 67 1 66 65 1 65 71 1 75 74 1 74 68 1 70 76 1 76 75 1 73 72 1 79 73 1
		 72 71 1 71 77 1 81 80 1 80 74 1 76 82 1 82 81 1 79 78 1 85 79 1 78 77 1 77 83 1 87 86 1
		 86 80 1 82 88 1 88 87 1 85 84 1 91 85 1 84 83 1 83 89 1 93 92 1 92 86 1 88 94 1 94 93 1
		 91 90 1 97 91 1 90 89 1 89 95 1 99 98 1 98 92 1 94 100 1 100 99 1 97 96 1 103 97 1
		 96 95 1 95 101 1 105 104 1 104 98 1 100 106 1 106 105 1 103 102 1 109 103 1 102 101 1
		 101 107 1 111 110 1 110 104 1 106 112 1 112 111 1 109 108 1 115 109 1;
	setAttr ".ed[166:331]" 108 107 1 107 113 1 117 116 1 116 110 1 112 118 1 118 117 1
		 115 114 1 121 115 1 114 113 1 113 119 1 123 122 1 122 116 1 118 124 1 124 123 1 121 120 1
		 127 121 1 120 119 1 119 125 1 129 128 1 128 122 1 124 130 1 130 129 1 127 126 1 133 127 1
		 126 125 1 125 131 1 135 134 1 134 128 1 130 136 1 136 135 1 133 132 1 139 133 1 132 131 1
		 131 137 1 141 140 1 140 134 1 136 142 1 142 141 1 139 138 1 145 139 1 138 137 1 137 143 1
		 147 146 1 146 140 1 142 148 1 148 147 1 145 144 1 151 145 1 144 143 1 143 149 1 153 152 1
		 152 146 1 148 154 1 154 153 1 151 150 1 157 151 1 150 149 1 149 155 1 159 158 1 158 152 1
		 154 160 1 160 159 1 157 156 1 163 157 1 156 155 1 155 161 1 165 164 1 164 158 1 160 166 1
		 166 165 1 163 162 1 169 163 1 162 161 1 161 167 1 32 26 1 29 35 1 38 41 1 44 47 1
		 50 53 1 56 59 1 62 65 1 68 71 1 74 77 1 80 83 1 86 89 1 92 95 1 98 101 1 104 107 1
		 110 113 1 116 119 1 122 125 1 128 131 1 134 137 1 140 143 1 146 149 1 152 155 1 158 161 1
		 164 167 1 1 40 1 34 0 1 2 46 1 3 52 1 4 58 1 5 64 1 6 70 1 7 76 1 8 82 1 9 88 1 10 94 1
		 11 100 1 12 106 1 13 112 1 14 118 1 15 124 1 16 130 1 17 136 1 18 142 1 19 148 1
		 20 154 1 21 160 1 22 166 1 23 37 1 43 25 1 25 28 1 49 25 1 55 25 1 61 25 1 67 25 1
		 73 25 1 79 25 1 85 25 1 91 25 1 97 25 1 103 25 1 109 25 1 115 25 1 121 25 1 127 25 1
		 133 25 1 139 25 1 145 25 1 151 25 1 157 25 1 163 25 1 169 25 1 31 25 1 27 30 1 30 168 1
		 33 39 1 33 36 1 39 45 1 27 42 1 45 51 1 42 48 1 51 57 1 48 54 1 57 63 1 54 60 1 63 69 1
		 60 66 1 69 75 1 66 72 1 75 81 1 72 78 1 81 87 1 78 84 1;
	setAttr ".ed[332:359]" 87 93 1 84 90 1 93 99 1 90 96 1 99 105 1 96 102 1 105 111 1
		 102 108 1 111 117 1 108 114 1 117 123 1 114 120 1 123 129 1 120 126 1 129 135 1 126 132 1
		 135 141 1 132 138 1 141 147 1 138 144 1 147 153 1 144 150 1 153 159 1 150 156 1 159 165 1
		 156 162 1 36 165 1 162 168 1;
	setAttr -s 192 -ch 720 ".fc[0:191]" -type "polyFaces" 
		f 3 -1 -25 25
		mu 0 3 1 0 24
		f 3 -2 -26 26
		mu 0 3 2 1 24
		f 3 -3 -27 27
		mu 0 3 3 2 24
		f 3 -4 -28 28
		mu 0 3 4 3 24
		f 3 -5 -29 29
		mu 0 3 5 4 24
		f 3 -6 -30 30
		mu 0 3 6 5 24
		f 3 -7 -31 31
		mu 0 3 7 6 24
		f 3 -8 -32 32
		mu 0 3 8 7 24
		f 3 -9 -33 33
		mu 0 3 9 8 24
		f 3 -10 -34 34
		mu 0 3 10 9 24
		f 3 -11 -35 35
		mu 0 3 11 10 24
		f 3 -12 -36 36
		mu 0 3 12 11 24
		f 3 -13 -37 37
		mu 0 3 13 12 24
		f 3 -14 -38 38
		mu 0 3 14 13 24
		f 3 -15 -39 39
		mu 0 3 15 14 24
		f 3 -16 -40 40
		mu 0 3 16 15 24
		f 3 -17 -41 41
		mu 0 3 17 16 24
		f 3 -18 -42 42
		mu 0 3 18 17 24
		f 3 -19 -43 43
		mu 0 3 19 18 24
		f 3 -20 -44 44
		mu 0 3 20 19 24
		f 3 -21 -45 45
		mu 0 3 21 20 24
		f 3 -22 -46 46
		mu 0 3 22 21 24
		f 3 -23 -47 47
		mu 0 3 23 22 24
		f 3 -24 -48 24
		mu 0 3 0 23 24
		f 4 240 -50 241 -68
		mu 0 4 25 147 26 151
		f 4 -241 -62 242 -56
		mu 0 4 27 149 28 153
		f 4 -243 -74 243 -80
		mu 0 4 29 152 30 155
		f 4 -244 -82 244 -88
		mu 0 4 31 154 32 157
		f 4 -245 -90 245 -96
		mu 0 4 33 156 34 159
		f 4 -246 -98 246 -104
		mu 0 4 35 158 36 161
		f 4 -247 -106 247 -112
		mu 0 4 37 160 38 163
		f 4 -248 -114 248 -120
		mu 0 4 39 162 40 165
		f 4 -249 -122 249 -128
		mu 0 4 41 164 42 167
		f 4 -250 -130 250 -136
		mu 0 4 43 166 44 169
		f 4 -251 -138 251 -144
		mu 0 4 45 168 46 171
		f 4 -252 -146 252 -152
		mu 0 4 47 170 48 173
		f 4 -253 -154 253 -160
		mu 0 4 49 172 50 175
		f 4 -254 -162 254 -168
		mu 0 4 51 174 52 177
		f 4 -255 -170 255 -176
		mu 0 4 53 176 54 179
		f 4 -256 -178 256 -184
		mu 0 4 55 178 56 181
		f 4 -257 -186 257 -192
		mu 0 4 57 180 58 183
		f 4 -258 -194 258 -200
		mu 0 4 59 182 60 185
		f 4 -259 -202 259 -208
		mu 0 4 61 184 62 187
		f 4 -260 -210 260 -216
		mu 0 4 63 186 64 189
		f 4 -261 -218 261 -224
		mu 0 4 65 188 66 191
		f 4 -262 -226 262 -232
		mu 0 4 67 190 68 193
		f 4 -263 -234 263 -240
		mu 0 4 69 192 70 195
		f 4 -264 -72 -242 -58
		mu 0 4 71 194 72 148
		f 4 0 264 -63 265
		mu 0 4 73 74 77 75
		f 4 1 266 -75 -265
		mu 0 4 74 76 79 77
		f 4 2 267 -83 -267
		mu 0 4 76 78 81 79
		f 4 3 268 -91 -268
		mu 0 4 78 80 83 81
		f 4 4 269 -99 -269
		mu 0 4 80 82 85 83
		f 4 5 270 -107 -270
		mu 0 4 82 84 87 85
		f 4 6 271 -115 -271
		mu 0 4 84 86 89 87
		f 4 7 272 -123 -272
		mu 0 4 86 88 91 89
		f 4 8 273 -131 -273
		mu 0 4 88 90 93 91
		f 4 9 274 -139 -274
		mu 0 4 90 92 95 93
		f 4 10 275 -147 -275
		mu 0 4 92 94 97 95
		f 4 11 276 -155 -276
		mu 0 4 94 96 99 97
		f 4 12 277 -163 -277
		mu 0 4 96 98 101 99
		f 4 13 278 -171 -278
		mu 0 4 98 100 103 101
		f 4 14 279 -179 -279
		mu 0 4 100 102 105 103
		f 4 15 280 -187 -280
		mu 0 4 102 104 107 105
		f 4 16 281 -195 -281
		mu 0 4 104 106 109 107
		f 4 17 282 -203 -282
		mu 0 4 106 108 111 109
		f 4 18 283 -211 -283
		mu 0 4 108 110 113 111
		f 4 19 284 -219 -284
		mu 0 4 110 112 115 113
		f 4 20 285 -227 -285
		mu 0 4 112 114 117 115
		f 4 21 286 -235 -286
		mu 0 4 114 116 119 117
		f 4 22 287 -70 -287
		mu 0 4 116 118 121 119
		f 4 23 -266 -66 -288
		mu 0 4 118 120 150 121
		f 3 -54 288 289
		mu 0 3 145 122 146
		f 3 -78 290 -289
		mu 0 3 122 123 146
		f 3 -86 291 -291
		mu 0 3 123 124 146
		f 3 -94 292 -292
		mu 0 3 124 125 146
		f 3 -102 293 -293
		mu 0 3 125 126 146
		f 3 -110 294 -294
		mu 0 3 126 127 146
		f 3 -118 295 -295
		mu 0 3 127 128 146
		f 3 -126 296 -296
		mu 0 3 128 129 146
		f 3 -134 297 -297
		mu 0 3 129 130 146
		f 3 -142 298 -298
		mu 0 3 130 131 146
		f 3 -150 299 -299
		mu 0 3 131 132 146
		f 3 -158 300 -300
		mu 0 3 132 133 146
		f 3 -166 301 -301
		mu 0 3 133 134 146
		f 3 -174 302 -302
		mu 0 3 134 135 146
		f 3 -182 303 -303
		mu 0 3 135 136 146
		f 3 -190 304 -304
		mu 0 3 136 137 146
		f 3 -198 305 -305
		mu 0 3 137 138 146
		f 3 -206 306 -306
		mu 0 3 138 139 146
		f 3 -214 307 -307
		mu 0 3 139 140 146
		f 3 -222 308 -308
		mu 0 3 140 141 146
		f 3 -230 309 -309
		mu 0 3 141 142 146
		f 3 -238 310 -310
		mu 0 3 142 143 146
		f 3 -59 311 -311
		mu 0 3 143 144 146
		f 3 -51 -290 -312
		mu 0 3 144 145 146
		f 4 -55 312 48 49
		mu 0 4 147 198 201 26
		f 4 -53 50 51 -313
		mu 0 4 197 145 144 199
		f 4 -49 313 56 57
		mu 0 4 148 200 292 71
		f 4 -52 58 59 -314
		mu 0 4 199 144 143 290
		f 4 -67 314 60 61
		mu 0 4 149 203 205 28
		f 4 -65 62 63 -315
		mu 0 4 203 75 77 205
		f 4 64 315 -69 65
		mu 0 4 150 202 204 121
		f 4 66 67 -71 -316
		mu 0 4 202 25 151 204
		f 4 -61 316 72 73
		mu 0 4 152 205 209 30
		f 4 -64 74 75 -317
		mu 0 4 205 77 79 209
		f 4 52 317 -77 53
		mu 0 4 145 197 207 122
		f 4 54 55 -79 -318
		mu 0 4 196 27 153 208
		f 4 -73 318 80 81
		mu 0 4 154 209 213 32
		f 4 -76 82 83 -319
		mu 0 4 209 79 81 213
		f 4 76 319 -85 77
		mu 0 4 122 207 211 123
		f 4 78 79 -87 -320
		mu 0 4 206 29 155 212
		f 4 -81 320 88 89
		mu 0 4 156 213 217 34
		f 4 -84 90 91 -321
		mu 0 4 213 81 83 217
		f 4 84 321 -93 85
		mu 0 4 123 211 215 124
		f 4 86 87 -95 -322
		mu 0 4 210 31 157 216
		f 4 -89 322 96 97
		mu 0 4 158 217 221 36
		f 4 -92 98 99 -323
		mu 0 4 217 83 85 221
		f 4 92 323 -101 93
		mu 0 4 124 215 219 125
		f 4 94 95 -103 -324
		mu 0 4 214 33 159 220
		f 4 -97 324 104 105
		mu 0 4 160 221 225 38
		f 4 -100 106 107 -325
		mu 0 4 221 85 87 225
		f 4 100 325 -109 101
		mu 0 4 125 219 223 126
		f 4 102 103 -111 -326
		mu 0 4 218 35 161 224
		f 4 -105 326 112 113
		mu 0 4 162 225 229 40
		f 4 -108 114 115 -327
		mu 0 4 225 87 89 229
		f 4 108 327 -117 109
		mu 0 4 126 223 227 127
		f 4 110 111 -119 -328
		mu 0 4 222 37 163 228
		f 4 -113 328 120 121
		mu 0 4 164 229 233 42
		f 4 -116 122 123 -329
		mu 0 4 229 89 91 233
		f 4 116 329 -125 117
		mu 0 4 127 227 231 128
		f 4 118 119 -127 -330
		mu 0 4 226 39 165 232
		f 4 -121 330 128 129
		mu 0 4 166 233 237 44
		f 4 -124 130 131 -331
		mu 0 4 233 91 93 237
		f 4 124 331 -133 125
		mu 0 4 128 231 235 129
		f 4 126 127 -135 -332
		mu 0 4 230 41 167 236
		f 4 -129 332 136 137
		mu 0 4 168 237 241 46
		f 4 -132 138 139 -333
		mu 0 4 237 93 95 241
		f 4 132 333 -141 133
		mu 0 4 129 235 239 130
		f 4 134 135 -143 -334
		mu 0 4 234 43 169 240
		f 4 -137 334 144 145
		mu 0 4 170 241 245 48
		f 4 -140 146 147 -335
		mu 0 4 241 95 97 245
		f 4 140 335 -149 141
		mu 0 4 130 239 243 131
		f 4 142 143 -151 -336
		mu 0 4 238 45 171 244
		f 4 -145 336 152 153
		mu 0 4 172 245 249 50
		f 4 -148 154 155 -337
		mu 0 4 245 97 99 249
		f 4 148 337 -157 149
		mu 0 4 131 243 247 132
		f 4 150 151 -159 -338
		mu 0 4 242 47 173 248
		f 4 -153 338 160 161
		mu 0 4 174 249 253 52
		f 4 -156 162 163 -339
		mu 0 4 249 99 101 253
		f 4 156 339 -165 157
		mu 0 4 132 247 251 133
		f 4 158 159 -167 -340
		mu 0 4 246 49 175 252
		f 4 -161 340 168 169
		mu 0 4 176 253 257 54
		f 4 -164 170 171 -341
		mu 0 4 253 101 103 257
		f 4 164 341 -173 165
		mu 0 4 133 251 255 134
		f 4 166 167 -175 -342
		mu 0 4 250 51 177 256
		f 4 -169 342 176 177
		mu 0 4 178 257 261 56
		f 4 -172 178 179 -343
		mu 0 4 257 103 105 261
		f 4 172 343 -181 173
		mu 0 4 134 255 259 135
		f 4 174 175 -183 -344
		mu 0 4 254 53 179 260
		f 4 -177 344 184 185
		mu 0 4 180 261 265 58
		f 4 -180 186 187 -345
		mu 0 4 261 105 107 265
		f 4 180 345 -189 181
		mu 0 4 135 259 263 136
		f 4 182 183 -191 -346
		mu 0 4 258 55 181 264
		f 4 -185 346 192 193
		mu 0 4 182 265 269 60
		f 4 -188 194 195 -347
		mu 0 4 265 107 109 269
		f 4 188 347 -197 189
		mu 0 4 136 263 267 137
		f 4 190 191 -199 -348
		mu 0 4 262 57 183 268
		f 4 -193 348 200 201
		mu 0 4 184 269 273 62
		f 4 -196 202 203 -349
		mu 0 4 269 109 111 273
		f 4 196 349 -205 197
		mu 0 4 137 267 271 138
		f 4 198 199 -207 -350
		mu 0 4 266 59 185 272
		f 4 -201 350 208 209
		mu 0 4 186 273 277 64
		f 4 -204 210 211 -351
		mu 0 4 273 111 113 277
		f 4 204 351 -213 205
		mu 0 4 138 271 275 139
		f 4 206 207 -215 -352
		mu 0 4 270 61 187 276
		f 4 -209 352 216 217
		mu 0 4 188 277 281 66
		f 4 -212 218 219 -353
		mu 0 4 277 113 115 281
		f 4 212 353 -221 213
		mu 0 4 139 275 279 140
		f 4 214 215 -223 -354
		mu 0 4 274 63 189 280
		f 4 -217 354 224 225
		mu 0 4 190 281 285 68
		f 4 -220 226 227 -355
		mu 0 4 281 115 117 285
		f 4 220 355 -229 221
		mu 0 4 140 279 283 141
		f 4 222 223 -231 -356
		mu 0 4 278 65 191 284
		f 4 -225 356 232 233
		mu 0 4 192 285 289 70
		f 4 -228 234 235 -357
		mu 0 4 285 117 119 289
		f 4 228 357 -237 229
		mu 0 4 141 283 287 142
		f 4 230 231 -239 -358
		mu 0 4 282 67 193 288
		f 4 68 358 -236 69
		mu 0 4 121 204 289 119
		f 4 70 71 -233 -359
		mu 0 4 204 72 194 289
		f 4 236 359 -60 237
		mu 0 4 142 287 290 143
		f 4 238 239 -57 -360
		mu 0 4 286 69 195 291;
	setAttr ".cd" -type "dataPolyComponent" Index_Data Edge 0 ;
	setAttr ".cvd" -type "dataPolyComponent" Index_Data Vertex 0 ;
	setAttr ".pd[0]" -type "dataPolyComponent" Index_Data UV 0 ;
	setAttr ".hfd" -type "dataPolyComponent" Index_Data Face 0 ;
createNode mesh -n "polySurfaceShape3" -p "pCylinder11";
	rename -uid "B7A2FB08-4F81-7815-1A6A-698E2B918C84";
	setAttr -k off ".v";
	setAttr ".io" yes;
	setAttr -s 4 ".iog";
	setAttr ".vir" yes;
	setAttr ".vif" yes;
	setAttr ".pv" -type "double2" 0.50000002980232239 0.84375 ;
	setAttr ".uvst[0].uvsn" -type "string" "map1";
	setAttr -s 100 ".uvst[0].uvsp[0:99]" -type "float2" 0.65092582 0.11580956
		 0.63531637 0.07812506 0.61048537 0.04576464 0.578125 0.020933613 0.54044044 0.0053241849
		 0.5 8.9406967e-08 0.45955956 0.0053241551 0.42187506 0.020933583 0.38951463 0.045764595
		 0.36468357 0.078125015 0.34907413 0.11580953 0.34375006 0.15625 0.34907413 0.19669044
		 0.36468357 0.23437497 0.3895146 0.2667354 0.421875 0.29156643 0.45955953 0.30717587
		 0.5 0.31249997 0.54044044 0.30717587 0.578125 0.29156646 0.61048543 0.26673543 0.63531649
		 0.234375 0.65092587 0.19669047 0.65625 0.15625 0.375 0.3125 0.38541666 0.3125 0.39583331
		 0.3125 0.40624997 0.3125 0.41666663 0.3125 0.42708328 0.3125 0.43749994 0.3125 0.4479166
		 0.3125 0.45833325 0.3125 0.46874991 0.3125 0.47916657 0.3125 0.48958322 0.3125 0.49999988
		 0.3125 0.51041657 0.3125 0.52083325 0.3125 0.53124994 0.3125 0.54166663 0.3125 0.55208331
		 0.3125 0.5625 0.3125 0.57291669 0.3125 0.58333337 0.3125 0.59375006 0.3125 0.60416675
		 0.3125 0.61458343 0.3125 0.62500012 0.3125 0.375 0.6875 0.38541666 0.6875 0.39583331
		 0.6875 0.40624997 0.6875 0.41666663 0.6875 0.42708328 0.6875 0.43749994 0.6875 0.4479166
		 0.6875 0.45833325 0.6875 0.46874991 0.6875 0.47916657 0.6875 0.48958322 0.6875 0.49999988
		 0.6875 0.51041657 0.6875 0.52083325 0.6875 0.53124994 0.6875 0.54166663 0.6875 0.55208331
		 0.6875 0.5625 0.6875 0.57291669 0.6875 0.58333337 0.6875 0.59375006 0.6875 0.60416675
		 0.6875 0.61458343 0.6875 0.62500012 0.6875 0.65092582 0.80330956 0.63531637 0.76562506
		 0.61048537 0.73326463 0.578125 0.70843363 0.54044044 0.69282418 0.5 0.68750012 0.45955956
		 0.69282413 0.42187506 0.70843357 0.38951463 0.73326457 0.36468357 0.765625 0.34907413
		 0.80330956 0.34375006 0.84375 0.34907413 0.88419044 0.36468357 0.921875 0.3895146
		 0.95423543 0.421875 0.97906643 0.45955953 0.99467587 0.5 1 0.54044044 0.99467587
		 0.578125 0.97906649 0.61048543 0.95423543 0.63531649 0.921875 0.65092587 0.88419044
		 0.65625 0.84375 0.5 0.15625 0.5 0.84375;
	setAttr ".cuvs" -type "string" "map1";
	setAttr ".dcc" -type "string" "Ambient+Diffuse";
	setAttr ".covm[0]"  0 1 1;
	setAttr ".cdvm[0]"  0 1 1;
	setAttr -s 50 ".pt[0:49]" -type "float3"  1.049692 -1.0867225 -0.28126439 
		0.94112843 -1.0867225 -0.54336035 0.7684285 -1.0867225 -0.76842856 0.54336041 -1.0867225 
		-0.94112855 0.28126425 -1.0867225 -1.0496929 -3.2386854e-08 -1.0867225 -1.0867207 
		-0.28126436 -1.0867225 -1.0496929 -0.54336035 -1.0867225 -0.94112867 -0.76842862 
		-1.0867225 -0.76842868 -0.94112867 -1.0867225 -0.54336131 -1.049693 -1.0867225 -0.28126448 
		-1.0867225 -1.0867225 -2.5909483e-07 -1.049693 -1.0867225 0.28126419 -0.94112867 
		-1.0867225 0.54336047 -0.76842868 -1.0867225 0.76842856 -0.54336131 -1.0867225 0.94112855 
		-0.28126448 -1.0867225 1.0496929 -1.94321e-07 -1.0867225 1.0867207 0.28126425 -1.0867225 
		1.0496929 0.54336029 -1.0867225 0.94112855 0.76842856 -1.0867225 0.76842862 0.94112867 
		-1.0867225 0.54336035 1.0496929 -1.0867225 0.28126425 1.0867225 -1.0867225 -1.94321e-07 
		1.049692 -0.99999976 -0.28126439 0.94112843 -0.99999976 -0.54336035 0.7684285 -0.99999976 
		-0.76842856 0.54336041 -0.99999976 -0.94112855 0.28126425 -0.99999976 -1.0496929 
		-3.2386854e-08 -0.99999976 -1.0867207 -0.28126436 -0.99999976 -1.0496929 -0.54336035 
		-0.99999976 -0.94112867 -0.76842862 -0.99999976 -0.76842868 -0.94112867 -0.99999976 
		-0.54336131 -1.049693 -0.99999976 -0.28126448 -1.0867225 -0.99999976 -2.5909483e-07 
		-1.049693 -0.99999976 0.28126419 -0.94112867 -0.99999976 0.54336047 -0.76842868 -0.99999976 
		0.76842856 -0.54336131 -0.99999976 0.94112855 -0.28126448 -0.99999976 1.0496929 -1.94321e-07 
		-0.99999976 1.0867207 0.28126425 -0.99999976 1.0496929 0.54336029 -0.99999976 0.94112855 
		0.76842856 -0.99999976 0.76842862 0.94112867 -0.99999976 0.54336035 1.0496929 -0.99999976 
		0.28126425 1.0867225 -0.99999976 -1.94321e-07 -1.6193425e-07 -1.0867225 -1.94321e-07 
		-1.6193425e-07 -0.99999976 -1.94321e-07;
	setAttr -s 50 ".vt[0:49]"  0.96592534 -1 -0.25881881 0.86602497 -1 -0.49999964
		 0.70710647 -1 -0.70710629 0.49999982 -1 -0.86602485 0.25881901 -1 -0.96592522 1.1920929e-07 -1 -0.99999946
		 -0.25881881 -1 -0.9659254 -0.4999997 -1 -0.86602509 -0.70710647 -1 -0.70710659 -0.86602509 -1 -0.49999988
		 -0.96592551 -1 -0.25881901 -0.9999997 -1 -5.9604645e-08 -0.96592557 -1 0.25881892
		 -0.86602521 -1 0.49999982 -0.70710665 -1 0.70710659 -0.49999994 -1 0.86602521 -0.25881901 -1 0.96592563
		 -2.9802322e-08 -1 0.99999982 0.25881898 -1 0.96592569 0.49999991 -1 0.86602533 0.70710671 -1 0.70710677
		 0.86602539 -1 0.5 0.96592581 -1 0.25881904 1 -1 0 0.96592534 1 -0.25881881 0.86602497 1 -0.49999964
		 0.70710647 1 -0.70710629 0.49999982 1 -0.86602485 0.25881901 1 -0.96592522 1.1920929e-07 1 -0.99999946
		 -0.25881881 1 -0.9659254 -0.4999997 1 -0.86602509 -0.70710647 1 -0.70710659 -0.86602509 1 -0.49999988
		 -0.96592551 1 -0.25881901 -0.9999997 1 -5.9604645e-08 -0.96592557 1 0.25881892 -0.86602521 1 0.49999982
		 -0.70710665 1 0.70710659 -0.49999994 1 0.86602521 -0.25881901 1 0.96592563 -2.9802322e-08 1 0.99999982
		 0.25881898 1 0.96592569 0.49999991 1 0.86602533 0.70710671 1 0.70710677 0.86602539 1 0.5
		 0.96592581 1 0.25881904 1 1 0 0 -1 0 0 1 0;
	setAttr -s 120 ".ed[0:119]"  0 1 0 1 2 0 2 3 0 3 4 0 4 5 0 5 6 0 6 7 0
		 7 8 0 8 9 0 9 10 0 10 11 0 11 12 0 12 13 0 13 14 0 14 15 0 15 16 0 16 17 0 17 18 0
		 18 19 0 19 20 0 20 21 0 21 22 0 22 23 0 23 0 0 24 25 0 25 26 0 26 27 0 27 28 0 28 29 0
		 29 30 0 30 31 0 31 32 0 32 33 0 33 34 0 34 35 0 35 36 0 36 37 0 37 38 0 38 39 0 39 40 0
		 40 41 0 41 42 0 42 43 0 43 44 0 44 45 0 45 46 0 46 47 0 47 24 0 0 24 1 1 25 1 2 26 1
		 3 27 1 4 28 1 5 29 1 6 30 1 7 31 1 8 32 1 9 33 1 10 34 1 11 35 1 12 36 1 13 37 1
		 14 38 1 15 39 1 16 40 1 17 41 1 18 42 1 19 43 1 20 44 1 21 45 1 22 46 1 23 47 1 48 0 1
		 48 1 1 48 2 1 48 3 1 48 4 1 48 5 1 48 6 1 48 7 1 48 8 1 48 9 1 48 10 1 48 11 1 48 12 1
		 48 13 1 48 14 1 48 15 1 48 16 1 48 17 1 48 18 1 48 19 1 48 20 1 48 21 1 48 22 1 48 23 1
		 24 49 1 25 49 1 26 49 1 27 49 1 28 49 1 29 49 1 30 49 1 31 49 1 32 49 1 33 49 1 34 49 1
		 35 49 1 36 49 1 37 49 1 38 49 1 39 49 1 40 49 1 41 49 1 42 49 1 43 49 1 44 49 1 45 49 1
		 46 49 1 47 49 1;
	setAttr -s 72 -ch 240 ".fc[0:71]" -type "polyFaces" 
		f 4 0 49 -25 -49
		mu 0 4 24 25 50 49
		f 4 1 50 -26 -50
		mu 0 4 25 26 51 50
		f 4 2 51 -27 -51
		mu 0 4 26 27 52 51
		f 4 3 52 -28 -52
		mu 0 4 27 28 53 52
		f 4 4 53 -29 -53
		mu 0 4 28 29 54 53
		f 4 5 54 -30 -54
		mu 0 4 29 30 55 54
		f 4 6 55 -31 -55
		mu 0 4 30 31 56 55
		f 4 7 56 -32 -56
		mu 0 4 31 32 57 56
		f 4 8 57 -33 -57
		mu 0 4 32 33 58 57
		f 4 9 58 -34 -58
		mu 0 4 33 34 59 58
		f 4 10 59 -35 -59
		mu 0 4 34 35 60 59
		f 4 11 60 -36 -60
		mu 0 4 35 36 61 60
		f 4 12 61 -37 -61
		mu 0 4 36 37 62 61
		f 4 13 62 -38 -62
		mu 0 4 37 38 63 62
		f 4 14 63 -39 -63
		mu 0 4 38 39 64 63
		f 4 15 64 -40 -64
		mu 0 4 39 40 65 64
		f 4 16 65 -41 -65
		mu 0 4 40 41 66 65
		f 4 17 66 -42 -66
		mu 0 4 41 42 67 66
		f 4 18 67 -43 -67
		mu 0 4 42 43 68 67
		f 4 19 68 -44 -68
		mu 0 4 43 44 69 68
		f 4 20 69 -45 -69
		mu 0 4 44 45 70 69
		f 4 21 70 -46 -70
		mu 0 4 45 46 71 70
		f 4 22 71 -47 -71
		mu 0 4 46 47 72 71
		f 4 23 48 -48 -72
		mu 0 4 47 48 73 72
		f 3 -1 -73 73
		mu 0 3 1 0 98
		f 3 -2 -74 74
		mu 0 3 2 1 98
		f 3 -3 -75 75
		mu 0 3 3 2 98
		f 3 -4 -76 76
		mu 0 3 4 3 98
		f 3 -5 -77 77
		mu 0 3 5 4 98
		f 3 -6 -78 78
		mu 0 3 6 5 98
		f 3 -7 -79 79
		mu 0 3 7 6 98
		f 3 -8 -80 80
		mu 0 3 8 7 98
		f 3 -9 -81 81
		mu 0 3 9 8 98
		f 3 -10 -82 82
		mu 0 3 10 9 98
		f 3 -11 -83 83
		mu 0 3 11 10 98
		f 3 -12 -84 84
		mu 0 3 12 11 98
		f 3 -13 -85 85
		mu 0 3 13 12 98
		f 3 -14 -86 86
		mu 0 3 14 13 98
		f 3 -15 -87 87
		mu 0 3 15 14 98
		f 3 -16 -88 88
		mu 0 3 16 15 98
		f 3 -17 -89 89
		mu 0 3 17 16 98
		f 3 -18 -90 90
		mu 0 3 18 17 98
		f 3 -19 -91 91
		mu 0 3 19 18 98
		f 3 -20 -92 92
		mu 0 3 20 19 98
		f 3 -21 -93 93
		mu 0 3 21 20 98
		f 3 -22 -94 94
		mu 0 3 22 21 98
		f 3 -23 -95 95
		mu 0 3 23 22 98
		f 3 -24 -96 72
		mu 0 3 0 23 98
		f 3 24 97 -97
		mu 0 3 96 95 99
		f 3 25 98 -98
		mu 0 3 95 94 99
		f 3 26 99 -99
		mu 0 3 94 93 99
		f 3 27 100 -100
		mu 0 3 93 92 99
		f 3 28 101 -101
		mu 0 3 92 91 99
		f 3 29 102 -102
		mu 0 3 91 90 99
		f 3 30 103 -103
		mu 0 3 90 89 99
		f 3 31 104 -104
		mu 0 3 89 88 99
		f 3 32 105 -105
		mu 0 3 88 87 99
		f 3 33 106 -106
		mu 0 3 87 86 99
		f 3 34 107 -107
		mu 0 3 86 85 99
		f 3 35 108 -108
		mu 0 3 85 84 99
		f 3 36 109 -109
		mu 0 3 84 83 99
		f 3 37 110 -110
		mu 0 3 83 82 99
		f 3 38 111 -111
		mu 0 3 82 81 99
		f 3 39 112 -112
		mu 0 3 81 80 99
		f 3 40 113 -113
		mu 0 3 80 79 99
		f 3 41 114 -114
		mu 0 3 79 78 99
		f 3 42 115 -115
		mu 0 3 78 77 99
		f 3 43 116 -116
		mu 0 3 77 76 99
		f 3 44 117 -117
		mu 0 3 76 75 99
		f 3 45 118 -118
		mu 0 3 75 74 99
		f 3 46 119 -119
		mu 0 3 74 97 99
		f 3 47 96 -120
		mu 0 3 97 96 99;
	setAttr ".cd" -type "dataPolyComponent" Index_Data Edge 0 ;
	setAttr ".cvd" -type "dataPolyComponent" Index_Data Vertex 0 ;
	setAttr ".pd[0]" -type "dataPolyComponent" Index_Data UV 0 ;
	setAttr ".hfd" -type "dataPolyComponent" Index_Data Face 0 ;
createNode transform -n "pCylinder12";
	rename -uid "8A0B52D2-4FCC-BC1E-D1CF-1AA05D93D027";
	setAttr ".t" -type "double3" 11.864880924753649 7.8814460786783478 88.201364807417619 ;
	setAttr ".s" -type "double3" 3.4398587947757928 3.4398587947757928 3.4398587947757928 ;
	setAttr ".rp" -type "double3" -3.9067308923516536e-16 -1.1194049867594043 9.3935518840942325e-07 ;
	setAttr ".sp" -type "double3" -8.8817841970012523e-16 -0.45879908671611025 3.8500391497109376e-07 ;
	setAttr ".spt" -type "double3" 4.9750533046495987e-16 -0.660605900043294 5.5435127343832949e-07 ;
createNode mesh -n "pCylinderShape12" -p "pCylinder12";
	rename -uid "FAE4492C-4ADB-271A-B7D4-BDBC79FB0DD4";
	setAttr -k off ".v";
	setAttr ".vir" yes;
	setAttr ".vif" yes;
	setAttr ".pv" -type "double2" 0.50000002980232239 0.48437674343585968 ;
	setAttr ".uvst[0].uvsn" -type "string" "map1";
	setAttr -s 293 ".uvst[0].uvsp";
	setAttr ".uvst[0].uvsp[0:249]" -type "float2" 0.65092582 0.11580956 0.63531637
		 0.07812506 0.61048537 0.04576464 0.578125 0.020933613 0.54044044 0.0053241849 0.5
		 8.9406967e-08 0.45955956 0.0053241551 0.42187506 0.020933583 0.38951463 0.045764595
		 0.36468357 0.078125015 0.34907413 0.11580953 0.34375006 0.15625 0.34907413 0.19669044
		 0.36468357 0.23437497 0.3895146 0.2667354 0.421875 0.29156643 0.45955953 0.30717587
		 0.5 0.31249997 0.54044044 0.30717587 0.578125 0.29156646 0.61048543 0.26673543 0.63531649
		 0.234375 0.65092587 0.19669047 0.65625 0.15625 0.5 0.15625 0.62489599 0.62058413
		 0.61552089 0.68006563 0.37593746 0.68006575 0.38531247 0.62058383 0.38635406 0.68006581
		 0.39572915 0.620583 0.39677072 0.68006545 0.40614581 0.62058371 0.40718737 0.68006593
		 0.4165625 0.62058377 0.41760406 0.68006587 0.42697912 0.62058389 0.42802069 0.68006575
		 0.43739581 0.62058377 0.43843737 0.68006587 0.44781247 0.62058371 0.44885403 0.68006587
		 0.45822909 0.62058377 0.45927069 0.68006557 0.46864572 0.62058383 0.46968728 0.68006575
		 0.47906238 0.62058383 0.48010394 0.68006575 0.48947906 0.62058389 0.49052063 0.68006575
		 0.49989578 0.62058401 0.50093734 0.68006593 0.51031244 0.62058407 0.51135403 0.68006575
		 0.52072906 0.62058383 0.52177066 0.68006587 0.53114581 0.62058342 0.5321874 0.68006593
		 0.5415625 0.62058377 0.54260409 0.68006587 0.55197918 0.62058389 0.55302072 0.68006575
		 0.56239581 0.62058377 0.56343746 0.68006587 0.5728125 0.62058371 0.57385409 0.68006587
		 0.58322924 0.62058377 0.58427083 0.68006587 0.59364593 0.62058377 0.59468746 0.68006575
		 0.60406256 0.62058383 0.60510421 0.68006581 0.6144793 0.62058389 0.37500003 0.3125
		 0.38541663 0.3125 0.37500003 0.60263586 0.39583328 0.3125 0.38541663 0.60263598 0.40624994
		 0.3125 0.39583331 0.60263515 0.4166666 0.3125 0.40624994 0.60263592 0.42708328 0.3125
		 0.41666663 0.60263598 0.43749994 0.3125 0.42708328 0.60263598 0.4479166 0.3125 0.43749994
		 0.60263598 0.45833325 0.3125 0.44791663 0.60263604 0.46874988 0.3125 0.45833328 0.60263598
		 0.47916654 0.3125 0.46874988 0.60263592 0.48958322 0.3125 0.47916654 0.60263592 0.49999988
		 0.3125 0.48958319 0.60263598 0.51041657 0.3125 0.49999994 0.60263604 0.52083319 0.3125
		 0.51041657 0.60263616 0.53124988 0.3125 0.52083319 0.60263598 0.54166663 0.3125 0.53124994
		 0.60263562 0.55208331 0.3125 0.54166663 0.60263598 0.5625 0.3125 0.55208331 0.60263598
		 0.57291669 0.3125 0.5625 0.60263598 0.58333337 0.3125 0.57291669 0.60263598 0.59375006
		 0.3125 0.58333337 0.60263598 0.60416675 0.3125 0.59375006 0.60263592 0.61458343 0.3125
		 0.60416675 0.60263586 0.62500012 0.3125 0.61458343 0.60263598 0.60442948 0.90404224
		 0.58526629 0.92901629 0.5602926 0.9481799 0.53120971 0.960226 0.49999997 0.96433491
		 0.46879035 0.96022582 0.43970749 0.94817978 0.41473368 0.92901599 0.39557043 0.9040423
		 0.38352403 0.87495983 0.37941527 0.84375 0.38352391 0.81254035 0.39557052 0.7834577
		 0.41473368 0.75848407 0.43970749 0.73932022 0.46879038 0.72727406 0.50000006 0.72316521
		 0.53120965 0.72727412 0.56029248 0.73932022 0.58526647 0.75848407 0.60442942 0.78345782
		 0.61647576 0.81254029 0.62058502 0.84375 0.61647606 0.87495959 0.50000006 0.84375
		 0.62406278 0.68006587 0.61364603 0.68006569 0.37510419 0.62058377 0.62500012 0.60263622
		 0.61468756 0.62058383 0.38552079 0.62058389 0.38447922 0.68006569 0.39593747 0.620583
		 0.39489588 0.68006533 0.4063541 0.62058365 0.40531254 0.68006593 0.41677079 0.62058377
		 0.41572922 0.68006587 0.42718741 0.62058389 0.42614588 0.68006575 0.4376041 0.62058383
		 0.43656251 0.68006587 0.44802076 0.62058401 0.44697922 0.68006575 0.45843744 0.62058407
		 0.45739585 0.68006557 0.46885401 0.62058383 0.46781245 0.68006581 0.47927067 0.62058389
		 0.47822911 0.68006569 0.48968735 0.62058389 0.48864579 0.68006575 0.50010407 0.62058395
		 0.49906239 0.68006581 0.5105207 0.62058407 0.50947922 0.68006581 0.52093738 0.62058377
		 0.51989579 0.68006575 0.53135413 0.62058336 0.53031254 0.68006587 0.54177076 0.62058377
		 0.54072922 0.68006593 0.55218744 0.62058389 0.55114591 0.68006575 0.56260413 0.62058383
		 0.56156254 0.68006581 0.57302082 0.62058389 0.57197922 0.68006581 0.5834375 0.62058389
		 0.58239603 0.68006581 0.59385419 0.62058383 0.59281266 0.68006575 0.60427088 0.62058383
		 0.60322934 0.68006557 0.37604159 0.6875 0.62074393 0.87610322 0.62395865 0.68750006
		 0.62500346 0.84375 0.6135419 0.6875 0.61562502 0.6875 0.62500012 0.61314988 0.37500003
		 0.61314952 0.61458343 0.61314964 0.38541663 0.61314964 0.38645819 0.6875 0.6082561
		 0.90625167 0.3843751 0.68749994 0.39583331 0.61314881 0.39687485 0.6875 0.58839077
		 0.93214077 0.39479172 0.68750006 0.40624994 0.61314958 0.40729153 0.6875 0.56250173
		 0.95200622 0.40520844 0.68750006 0.41666663 0.61314964 0.41770819 0.6875 0.53235328
		 0.96449393 0.4156251 0.6875 0.42708328 0.61314964 0.42812482 0.6875 0.5 0.9687534
		 0.42604175 0.6875 0.43749994 0.61314964 0.4385415 0.6875 0.46764672 0.96449387 0.43645838
		 0.6875 0.44791663 0.6131497 0.44895813 0.6875 0.43749827 0.95200628 0.44687507 0.6875
		 0.45833328 0.61314964 0.45937485 0.6875 0.41160932 0.93214059 0.45729172 0.6875 0.46874988
		 0.61314958 0.46979141 0.6875 0.39174387 0.90625173 0.46770832 0.68750006 0.47916651
		 0.61314958 0.4802081 0.6875 0.37925604 0.87610322 0.47812498 0.68749994 0.48958319
		 0.61314964 0.49062479 0.6875 0.37499681 0.84375 0.48854166 0.6875 0.49999994 0.6131497;
	setAttr ".uvst[0].uvsp[250:292]" 0.50104147 0.6875 0.37925601 0.81139678 0.49895832
		 0.6875 0.51041657 0.61314982 0.51145816 0.6875 0.39174393 0.78124833 0.5093751 0.68750006
		 0.52083319 0.61314964 0.52187479 0.6875 0.41160932 0.75535947 0.51979166 0.68749994
		 0.53124994 0.61314929 0.53229153 0.6875 0.43749833 0.73549384 0.53020841 0.6875 0.54166663
		 0.61314964 0.54270822 0.6875 0.46764681 0.72300613 0.5406251 0.68750006 0.55208331
		 0.61314964 0.55312485 0.6875 0.5 0.71874672 0.55104178 0.6875 0.5625 0.61314964 0.56354159
		 0.6875 0.53235322 0.72300619 0.56145841 0.6875 0.57291669 0.61314964 0.57395822 0.6875
		 0.56250167 0.73549384 0.5718751 0.6875 0.58333337 0.61314964 0.58437496 0.6875 0.58839077
		 0.75535947 0.5822919 0.6875 0.59375006 0.61314958 0.59479159 0.6875 0.6082561 0.78124833
		 0.59270853 0.6875 0.60416675 0.61314958 0.62074375 0.81139666 0.60312521 0.68750006
		 0.60520828 0.6875;
	setAttr ".cuvs" -type "string" "map1";
	setAttr ".dcc" -type "string" "Ambient+Diffuse";
	setAttr ".covm[0]"  0 1 1;
	setAttr ".cdvm[0]"  0 1 1;
	setAttr -s 170 ".pt";
	setAttr ".pt[0:165]" -type "float3"  -0.88633192 0.45879918 0.23749258 -0.79466289 
		0.45879918 0.45879787 -0.64883977 0.45879918 0.64883888 -0.45879903 0.45879918 0.79466254 
		-0.23749201 0.45879918 0.88633132 -1.0484024e-07 0.45879918 0.91759753 0.23749186 
		0.45879918 0.88633132 0.4587988 0.45879918 0.79466254 0.64883959 0.45879918 0.64883888 
		0.79466277 0.45879918 0.45879939 0.88633192 0.45879918 0.23749258 0.91759825 0.45879918 
		0 0.88633192 0.45879918 -0.23749258 0.79466277 0.45879918 -0.45879939 0.64883959 
		0.45879918 -0.64883888 0.45879912 0.45879918 -0.79466254 0.23749186 0.45879918 -0.88633132 
		-1.0484024e-07 0.45879918 -0.91759753 -0.23749201 0.45879918 -0.88633132 -0.45879903 
		0.45879918 -0.79466254 -0.64883977 0.45879918 -0.64883888 -0.79466337 0.45879918 
		-0.45879939 -0.88633227 0.45879918 -0.23749258 -0.91759825 0.45879918 0 -1.0484024e-07 
		0.45879918 0 -1.0484024e-07 -0.45879918 0 -0.72680658 -0.44060811 0.19474798 -0.70717698 
		-0.45407352 0.18948749 -0.68401992 -0.45879918 0.18328261 -0.75244665 -0.44060811 
		0 -0.73212439 -0.45407352 0 -0.70815033 -0.45879918 0 -0.868608 -0.29506013 0.23274368 
		-0.88172352 -0.27490982 0.236258 -0.88633192 -0.25114295 0.23749258 -0.89925033 -0.29506013 
		0 -0.91282797 -0.27490982 0 -0.91759825 -0.25114295 0 -0.77877408 -0.29506013 0.44962394 
		-0.79053199 -0.27490982 0.45641258 -0.79466289 -0.25114295 0.45879787 -0.65163708 
		-0.44060811 0.37622216 -0.63403785 -0.45407352 0.36606205 -0.61327565 -0.45879918 
		0.35407326 -0.63586605 -0.29506013 0.63586569 -0.64546651 -0.27490982 0.6454671 -0.64883977 
		-0.25114295 0.64883888 -0.53206009 -0.44060811 0.53206027 -0.51768988 -0.45407352 
		0.5176878 -0.50073767 -0.45879918 0.50073564 -0.4496251 -0.29506013 0.77877378 -0.45641372 
		-0.27490982 0.79053086 -0.45879903 -0.25114295 0.79466254 -0.376223 -0.44060805 0.65163666 
		-0.36606193 -0.45407343 0.63403875 -0.35407531 -0.45879918 0.61327708 -0.23274323 
		-0.29506013 0.86860937 -0.2362572 -0.27490982 0.88172317 -0.23749201 -0.25114295 
		0.88633132 -0.19474761 -0.44060811 0.72680622 -0.18948761 -0.45407352 0.70717704 
		-0.18328287 -0.45879918 0.68401974 -1.0484024e-07 -0.29506022 0.89924961 -1.0484024e-07 
		-0.27490982 0.91282642 -1.0484024e-07 -0.25114295 0.91759753 -1.0484024e-07 -0.44060805 
		0.75244606 -1.0484024e-07 -0.45407352 0.73212409 -1.0484024e-07 -0.45879918 0.70814979 
		0.23274294 -0.29506013 0.86860937 0.23625705 -0.27490982 0.88172317 0.23749186 -0.25114295 
		0.88633132 0.194747 -0.44060811 0.72680622 0.18948761 -0.45407352 0.70717704 0.18328252 
		-0.45879918 0.68401974 0.4496246 -0.29506013 0.77877378 0.45641324 -0.27490982 0.79053086 
		0.4587988 -0.25114295 0.79466254 0.37622285 -0.44060811 0.65163666 0.36606139 -0.45407352 
		0.63403875 0.35407439 -0.45879918 0.61327708 0.63586551 -0.29506013 0.63586569 0.64546651 
		-0.27490982 0.6454671 0.64883959 -0.25114295 0.64883888 0.53206009 -0.44060811 0.53206027 
		0.51768988 -0.45407352 0.5176878 0.50073791 -0.45879918 0.50073564 0.77877313 -0.29506013 
		0.44962543 0.79053175 -0.27490982 0.4564141 0.79466277 -0.25114295 0.45879939 0.65163672 
		-0.44060805 0.37622404 0.63403755 -0.45407352 0.36606354 0.61327553 -0.45879918 0.3540749 
		0.86860824 -0.29506013 0.23274368 0.88172352 -0.27490982 0.236258 0.88633192 -0.25114295 
		0.23749258 0.72680688 -0.44060811 0.19474798 0.7071771 -0.45407352 0.18948749 0.6840198 
		-0.45879918 0.18328595 0.89925033 -0.29506013 0 0.91282797 -0.27490982 0 0.91759825 
		-0.25114295 0 0.75244594 -0.44060811 0 0.73212385 -0.45407352 0 0.70815003 -0.45879918 
		0 0.86860824 -0.29506013 -0.23274368 0.88172352 -0.27490982 -0.236258 0.88633192 
		-0.25114295 -0.23749258 0.72680688 -0.44060811 -0.19474627 0.7071771 -0.45407352 
		-0.18948749 0.6840198 -0.45879918 -0.18328261 0.77877313 -0.29506022 -0.44962543 
		0.79053175 -0.27490982 -0.4564141 0.79466277 -0.25114295 -0.45879939 0.65163743 -0.44060805 
		-0.37622404 0.63403785 -0.45407352 -0.36606354 0.61327553 -0.45879918 -0.3540749 
		0.63586551 -0.29506013 -0.63586569 0.64546651 -0.27490982 -0.6454671 0.64883959 -0.25114295 
		-0.64883888 0.53206009 -0.44060811 -0.53205687 0.51768988 -0.45407352 -0.5176878 
		0.50073791 -0.45879918 -0.50073564 0.4496251 -0.29506013 -0.77877378 0.45641392 -0.27490982 
		-0.79053086 0.45879912 -0.25114295 -0.79466254 0.376223 -0.44060811 -0.65163666 0.36606193 
		-0.45407352 -0.63403875 0.35407478 -0.45879918 -0.61327708 0.23274294 -0.29506013 
		-0.86860937 0.23625705 -0.27490982 -0.88172317 0.23749186 -0.25114295 -0.88633132 
		0.194747 -0.44060811 -0.72680622 0.18948761 -0.45407352 -0.70717704 0.18328252 -0.45879918 
		-0.68401974 -1.0484024e-07 -0.29506022 -0.89924961 -1.0484024e-07 -0.27490982 -0.91282642 
		-1.0484024e-07 -0.25114295 -0.91759753 -1.0484024e-07 -0.44060805 -0.75244606 -1.0484024e-07 
		-0.45407352 -0.73212409 -1.0484024e-07 -0.45879918 -0.70814979 -0.23274323 -0.29506013 
		-0.86860937 -0.2362572 -0.27490982 -0.88172317 -0.23749201 -0.25114295 -0.88633132 
		-0.19474761 -0.44060811 -0.72680622 -0.18948761 -0.45407352 -0.70717704 -0.18328287 
		-0.45879918 -0.68401974 -0.4496251 -0.29506022 -0.77877378 -0.45641372 -0.27490982 
		-0.79053086 -0.45879903 -0.25114295 -0.79466254 -0.376223 -0.44060805 -0.65163666 
		-0.36606193 -0.45407343 -0.63403875 -0.35407531 -0.45879918 -0.61327708 -0.63586605 
		-0.29506013 -0.63586569 -0.64546651 -0.27490982 -0.6454671 -0.64883977 -0.25114295 
		-0.64883888 -0.53206009 -0.44060811 -0.53205687 -0.51769018 -0.45407352 -0.5176878 
		-0.50073832 -0.45879918 -0.50073564 -0.77877408 -0.29506022 -0.44962543 -0.79053217 
		-0.27490982 -0.4564141 -0.79466337 -0.25114295 -0.45879939 -0.65163827 -0.44060805 
		-0.37622404 -0.63403869 -0.45407352 -0.36606354 -0.61327636 -0.45879918 -0.3540749 
		-0.86860931 -0.29506013 -0.23274368 -0.88172424 -0.27490982 -0.236258;
	setAttr ".pt[166:169]" -0.88633227 -0.25114295 -0.23749258 -0.72680736 -0.44060811 
		-0.19474627 -0.70717716 -0.45407352 -0.18948749 -0.68402046 -0.45879918 -0.18328261;
	setAttr -s 170 ".vt";
	setAttr ".vt[0:165]"  2.015617847 -2.086722374 -0.54008484 1.80715322 -2.086722374 -1.043357849
		 1.47553492 -2.086722374 -1.47553253 1.043360233 -2.086722374 -1.80715179 0.54008341 -2.086722374 -2.015617371
		 0 -2.086722374 -2.086719513 -0.54008341 -2.086722374 -2.015617371 -1.043360233 -2.086722374 -1.80715179
		 -1.47553492 -2.086722374 -1.47553253 -1.80715322 -2.086722374 -1.043361664 -2.015618324 -2.086722374 -0.54008484
		 -2.086722374 -2.086722374 0 -2.015618324 -2.086722374 0.54008484 -1.80715322 -2.086722374 1.043361664
		 -1.47553492 -2.086722374 1.47553253 -1.043361187 -2.086722374 1.80715179 -0.54008341 -2.086722374 2.015617371
		 0 -2.086722374 2.086719513 0.54008341 -2.086722374 2.015617371 1.043360233 -2.086722374 1.80715179
		 1.47553492 -2.086722374 1.47553253 1.80715418 -2.086722374 1.043361664 2.015618801 -2.086722374 0.54008484
		 2.086721897 -2.086722374 0 0 -2.086722374 0 0 2.3841858e-07 0 1.65284014 -0.041368484 -0.44287872
		 1.6081996 -0.010746479 -0.43091583 1.55553865 2.3841858e-07 -0.41680527 1.71114874 -0.041368484 0
		 1.66493273 -0.010746479 0 1.61041307 2.3841858e-07 0 1.97531271 -0.37236118 -0.52928543
		 2.0051388741 -0.418185 -0.53727722 2.015617847 -0.47223377 -0.54008484 2.044996738 -0.37236118 0
		 2.075872898 -0.418185 0 2.086721897 -0.47223377 0 1.77101946 -0.37236118 -1.02249527
		 1.79775858 -0.418185 -1.03793335 1.80715322 -0.47223377 -1.043357849 1.48189592 -0.041368484 -0.85557175
		 1.44187307 -0.010746479 -0.83246613 1.39465761 2.3841858e-07 -0.80520248 1.44603109 -0.37236118 -1.44602966
		 1.46786356 -0.418185 -1.46786499 1.47553492 -0.47223377 -1.47553253 1.20996428 -0.041368484 -1.20996475
		 1.17728472 -0.010746479 -1.17728043 1.13873339 2.3841858e-07 -1.1387291 1.022497654 -0.37236118 -1.77101898
		 1.037935734 -0.418185 -1.7977562 1.043360233 -0.47223377 -1.80715179 0.85557318 -0.041368723 -1.48189545
		 0.83246565 -0.010746717 -1.44187546 0.80520678 2.3841858e-07 -1.39466095 0.529284 -0.37236118 -1.97531509
		 0.53727531 -0.418185 -2.0051383972 0.54008341 -0.47223377 -2.015617371 0.44287777 -0.041368484 -1.65283966
		 0.43091583 -0.010746479 -1.60820007 0.41680574 2.3841858e-07 -1.55553818 0 -0.37236094 -2.044994354
		 0 -0.418185 -2.075870514 0 -0.47223377 -2.086719513 0 -0.041368723 -1.71114731 0 -0.010746479 -1.66493225
		 0 2.3841858e-07 -1.6104126 -0.529284 -0.37236118 -1.97531509 -0.53727531 -0.418185 -2.0051383972
		 -0.54008341 -0.47223377 -2.015617371 -0.44287682 -0.041368484 -1.65283966 -0.43091631 -0.010746479 -1.60820007
		 -0.41680527 2.3841858e-07 -1.55553818 -1.022497177 -0.37236118 -1.77101898 -1.037935734 -0.418185 -1.7977562
		 -1.043360233 -0.47223377 -1.80715179 -0.85557318 -0.041368484 -1.48189545 -0.83246517 -0.010746479 -1.44187546
		 -0.80520535 2.3841858e-07 -1.39466095 -1.44602966 -0.37236118 -1.44602966 -1.46786404 -0.418185 -1.46786499
		 -1.47553492 -0.47223377 -1.47553253 -1.20996475 -0.041368484 -1.20996475 -1.17728519 -0.010746479 -1.17728043
		 -1.13873434 2.3841858e-07 -1.1387291 -1.77101803 -0.37236118 -1.022499084 -1.7977581 -0.418185 -1.037937164
		 -1.80715322 -0.47223377 -1.043361664 -1.48189592 -0.041368723 -0.85557556 -1.44187307 -0.010746479 -0.83246994
		 -1.39465761 2.3841858e-07 -0.8052063 -1.97531366 -0.37236118 -0.52928543 -2.0051393509 -0.418185 -0.53727722
		 -2.015618324 -0.47223377 -0.54008484 -1.65284109 -0.041368484 -0.44287872 -1.60820055 -0.010746479 -0.43091583
		 -1.55553865 2.3841858e-07 -0.4168129 -2.044996738 -0.37236118 0 -2.075873375 -0.418185 0
		 -2.086722374 -0.47223377 0 -1.71114683 -0.041368484 0 -1.66493225 -0.010746479 0
		 -1.61041307 2.3841858e-07 0 -1.97531366 -0.37236118 0.52928543 -2.0051393509 -0.418185 0.53727722
		 -2.015618324 -0.47223377 0.54008484 -1.65284109 -0.041368484 0.44287491 -1.60820055 -0.010746479 0.43091583
		 -1.55553865 2.3841858e-07 0.41680527 -1.77101803 -0.37236094 1.022499084 -1.7977581 -0.418185 1.037937164
		 -1.80715322 -0.47223377 1.043361664 -1.48189688 -0.041368723 0.85557556 -1.44187355 -0.010746479 0.83246994
		 -1.39465761 2.3841858e-07 0.8052063 -1.44602966 -0.37236118 1.44602966 -1.46786404 -0.418185 1.46786499
		 -1.47553492 -0.47223377 1.47553253 -1.20996475 -0.041368484 1.20995712 -1.17728519 -0.010746479 1.17728043
		 -1.13873434 2.3841858e-07 1.1387291 -1.022498131 -0.37236118 1.77101898 -1.037936687 -0.418185 1.7977562
		 -1.043361187 -0.47223377 1.80715179 -0.85557365 -0.041368484 1.48189545 -0.83246613 -0.010746479 1.44187546
		 -0.8052063 2.3841858e-07 1.39466095 -0.529284 -0.37236118 1.97531509 -0.53727531 -0.418185 2.0051383972
		 -0.54008341 -0.47223377 2.015617371 -0.44287682 -0.041368484 1.65283966 -0.43091631 -0.010746479 1.60820007
		 -0.41680527 2.3841858e-07 1.55553818 0 -0.37236094 2.044994354 0 -0.418185 2.075870514
		 0 -0.47223377 2.086719513 0 -0.041368723 1.71114731 0 -0.010746479 1.66493225 0 2.3841858e-07 1.6104126
		 0.529284 -0.37236118 1.97531509 0.53727531 -0.418185 2.0051383972 0.54008341 -0.47223377 2.015617371
		 0.44287777 -0.041368484 1.65283966 0.43091583 -0.010746479 1.60820007 0.41680574 2.3841858e-07 1.55553818
		 1.022497654 -0.37236094 1.77101898 1.037935734 -0.418185 1.7977562 1.043360233 -0.47223377 1.80715179
		 0.85557318 -0.041368723 1.48189545 0.83246565 -0.010746717 1.44187546 0.80520678 2.3841858e-07 1.39466095
		 1.44603109 -0.37236118 1.44602966 1.46786356 -0.418185 1.46786499 1.47553492 -0.47223377 1.47553253
		 1.20996428 -0.041368484 1.20995712 1.17728567 -0.010746479 1.17728043 1.13873529 2.3841858e-07 1.1387291
		 1.77101946 -0.37236094 1.022499084 1.79775953 -0.418185 1.037937164 1.80715418 -0.47223377 1.043361664
		 1.48189878 -0.041368723 0.85557556 1.44187498 -0.010746479 0.83246994 1.39465952 2.3841858e-07 0.8052063
		 1.97531462 -0.37236118 0.52928543 2.0051398277 -0.418185 0.53727722;
	setAttr ".vt[166:169]" 2.015618801 -0.47223377 0.54008484 1.65284109 -0.041368484 0.44287491
		 1.60820055 -0.010746479 0.43091583 1.55553961 2.3841858e-07 0.41680527;
	setAttr -s 360 ".ed";
	setAttr ".ed[0:165]"  0 1 0 1 2 0 2 3 0 3 4 0 4 5 0 5 6 0 6 7 0 7 8 0 8 9 0
		 9 10 0 10 11 0 11 12 0 12 13 0 13 14 0 14 15 0 15 16 0 16 17 0 17 18 0 18 19 0 19 20 0
		 20 21 0 21 22 0 22 23 0 23 0 0 24 0 1 24 1 1 24 2 1 24 3 1 24 4 1 24 5 1 24 6 1 24 7 1
		 24 8 1 24 9 1 24 10 1 24 11 1 24 12 1 24 13 1 24 14 1 24 15 1 24 16 1 24 17 1 24 18 1
		 24 19 1 24 20 1 24 21 1 24 22 1 24 23 1 30 29 1 29 26 1 28 31 1 31 30 1 28 27 1 43 28 1
		 27 26 1 26 41 1 168 167 1 167 29 1 31 169 1 169 168 1 39 38 1 38 32 1 34 40 1 40 39 1
		 34 33 1 37 34 1 33 32 1 32 35 1 37 36 1 166 37 1 36 35 1 35 164 1 45 44 1 44 38 1
		 40 46 1 46 45 1 43 42 1 49 43 1 42 41 1 41 47 1 51 50 1 50 44 1 46 52 1 52 51 1 49 48 1
		 55 49 1 48 47 1 47 53 1 57 56 1 56 50 1 52 58 1 58 57 1 55 54 1 61 55 1 54 53 1 53 59 1
		 63 62 1 62 56 1 58 64 1 64 63 1 61 60 1 67 61 1 60 59 1 59 65 1 69 68 1 68 62 1 64 70 1
		 70 69 1 67 66 1 73 67 1 66 65 1 65 71 1 75 74 1 74 68 1 70 76 1 76 75 1 73 72 1 79 73 1
		 72 71 1 71 77 1 81 80 1 80 74 1 76 82 1 82 81 1 79 78 1 85 79 1 78 77 1 77 83 1 87 86 1
		 86 80 1 82 88 1 88 87 1 85 84 1 91 85 1 84 83 1 83 89 1 93 92 1 92 86 1 88 94 1 94 93 1
		 91 90 1 97 91 1 90 89 1 89 95 1 99 98 1 98 92 1 94 100 1 100 99 1 97 96 1 103 97 1
		 96 95 1 95 101 1 105 104 1 104 98 1 100 106 1 106 105 1 103 102 1 109 103 1 102 101 1
		 101 107 1 111 110 1 110 104 1 106 112 1 112 111 1 109 108 1 115 109 1;
	setAttr ".ed[166:331]" 108 107 1 107 113 1 117 116 1 116 110 1 112 118 1 118 117 1
		 115 114 1 121 115 1 114 113 1 113 119 1 123 122 1 122 116 1 118 124 1 124 123 1 121 120 1
		 127 121 1 120 119 1 119 125 1 129 128 1 128 122 1 124 130 1 130 129 1 127 126 1 133 127 1
		 126 125 1 125 131 1 135 134 1 134 128 1 130 136 1 136 135 1 133 132 1 139 133 1 132 131 1
		 131 137 1 141 140 1 140 134 1 136 142 1 142 141 1 139 138 1 145 139 1 138 137 1 137 143 1
		 147 146 1 146 140 1 142 148 1 148 147 1 145 144 1 151 145 1 144 143 1 143 149 1 153 152 1
		 152 146 1 148 154 1 154 153 1 151 150 1 157 151 1 150 149 1 149 155 1 159 158 1 158 152 1
		 154 160 1 160 159 1 157 156 1 163 157 1 156 155 1 155 161 1 165 164 1 164 158 1 160 166 1
		 166 165 1 163 162 1 169 163 1 162 161 1 161 167 1 32 26 1 29 35 1 38 41 1 44 47 1
		 50 53 1 56 59 1 62 65 1 68 71 1 74 77 1 80 83 1 86 89 1 92 95 1 98 101 1 104 107 1
		 110 113 1 116 119 1 122 125 1 128 131 1 134 137 1 140 143 1 146 149 1 152 155 1 158 161 1
		 164 167 1 1 40 1 34 0 1 2 46 1 3 52 1 4 58 1 5 64 1 6 70 1 7 76 1 8 82 1 9 88 1 10 94 1
		 11 100 1 12 106 1 13 112 1 14 118 1 15 124 1 16 130 1 17 136 1 18 142 1 19 148 1
		 20 154 1 21 160 1 22 166 1 23 37 1 43 25 1 25 28 1 49 25 1 55 25 1 61 25 1 67 25 1
		 73 25 1 79 25 1 85 25 1 91 25 1 97 25 1 103 25 1 109 25 1 115 25 1 121 25 1 127 25 1
		 133 25 1 139 25 1 145 25 1 151 25 1 157 25 1 163 25 1 169 25 1 31 25 1 27 30 1 30 168 1
		 33 39 1 33 36 1 39 45 1 27 42 1 45 51 1 42 48 1 51 57 1 48 54 1 57 63 1 54 60 1 63 69 1
		 60 66 1 69 75 1 66 72 1 75 81 1 72 78 1 81 87 1 78 84 1;
	setAttr ".ed[332:359]" 87 93 1 84 90 1 93 99 1 90 96 1 99 105 1 96 102 1 105 111 1
		 102 108 1 111 117 1 108 114 1 117 123 1 114 120 1 123 129 1 120 126 1 129 135 1 126 132 1
		 135 141 1 132 138 1 141 147 1 138 144 1 147 153 1 144 150 1 153 159 1 150 156 1 159 165 1
		 156 162 1 36 165 1 162 168 1;
	setAttr -s 192 -ch 720 ".fc[0:191]" -type "polyFaces" 
		f 3 -1 -25 25
		mu 0 3 1 0 24
		f 3 -2 -26 26
		mu 0 3 2 1 24
		f 3 -3 -27 27
		mu 0 3 3 2 24
		f 3 -4 -28 28
		mu 0 3 4 3 24
		f 3 -5 -29 29
		mu 0 3 5 4 24
		f 3 -6 -30 30
		mu 0 3 6 5 24
		f 3 -7 -31 31
		mu 0 3 7 6 24
		f 3 -8 -32 32
		mu 0 3 8 7 24
		f 3 -9 -33 33
		mu 0 3 9 8 24
		f 3 -10 -34 34
		mu 0 3 10 9 24
		f 3 -11 -35 35
		mu 0 3 11 10 24
		f 3 -12 -36 36
		mu 0 3 12 11 24
		f 3 -13 -37 37
		mu 0 3 13 12 24
		f 3 -14 -38 38
		mu 0 3 14 13 24
		f 3 -15 -39 39
		mu 0 3 15 14 24
		f 3 -16 -40 40
		mu 0 3 16 15 24
		f 3 -17 -41 41
		mu 0 3 17 16 24
		f 3 -18 -42 42
		mu 0 3 18 17 24
		f 3 -19 -43 43
		mu 0 3 19 18 24
		f 3 -20 -44 44
		mu 0 3 20 19 24
		f 3 -21 -45 45
		mu 0 3 21 20 24
		f 3 -22 -46 46
		mu 0 3 22 21 24
		f 3 -23 -47 47
		mu 0 3 23 22 24
		f 3 -24 -48 24
		mu 0 3 0 23 24
		f 4 240 -50 241 -68
		mu 0 4 25 147 26 151
		f 4 -241 -62 242 -56
		mu 0 4 27 149 28 153
		f 4 -243 -74 243 -80
		mu 0 4 29 152 30 155
		f 4 -244 -82 244 -88
		mu 0 4 31 154 32 157
		f 4 -245 -90 245 -96
		mu 0 4 33 156 34 159
		f 4 -246 -98 246 -104
		mu 0 4 35 158 36 161
		f 4 -247 -106 247 -112
		mu 0 4 37 160 38 163
		f 4 -248 -114 248 -120
		mu 0 4 39 162 40 165
		f 4 -249 -122 249 -128
		mu 0 4 41 164 42 167
		f 4 -250 -130 250 -136
		mu 0 4 43 166 44 169
		f 4 -251 -138 251 -144
		mu 0 4 45 168 46 171
		f 4 -252 -146 252 -152
		mu 0 4 47 170 48 173
		f 4 -253 -154 253 -160
		mu 0 4 49 172 50 175
		f 4 -254 -162 254 -168
		mu 0 4 51 174 52 177
		f 4 -255 -170 255 -176
		mu 0 4 53 176 54 179
		f 4 -256 -178 256 -184
		mu 0 4 55 178 56 181
		f 4 -257 -186 257 -192
		mu 0 4 57 180 58 183
		f 4 -258 -194 258 -200
		mu 0 4 59 182 60 185
		f 4 -259 -202 259 -208
		mu 0 4 61 184 62 187
		f 4 -260 -210 260 -216
		mu 0 4 63 186 64 189
		f 4 -261 -218 261 -224
		mu 0 4 65 188 66 191
		f 4 -262 -226 262 -232
		mu 0 4 67 190 68 193
		f 4 -263 -234 263 -240
		mu 0 4 69 192 70 195
		f 4 -264 -72 -242 -58
		mu 0 4 71 194 72 148
		f 4 0 264 -63 265
		mu 0 4 73 74 77 75
		f 4 1 266 -75 -265
		mu 0 4 74 76 79 77
		f 4 2 267 -83 -267
		mu 0 4 76 78 81 79
		f 4 3 268 -91 -268
		mu 0 4 78 80 83 81
		f 4 4 269 -99 -269
		mu 0 4 80 82 85 83
		f 4 5 270 -107 -270
		mu 0 4 82 84 87 85
		f 4 6 271 -115 -271
		mu 0 4 84 86 89 87
		f 4 7 272 -123 -272
		mu 0 4 86 88 91 89
		f 4 8 273 -131 -273
		mu 0 4 88 90 93 91
		f 4 9 274 -139 -274
		mu 0 4 90 92 95 93
		f 4 10 275 -147 -275
		mu 0 4 92 94 97 95
		f 4 11 276 -155 -276
		mu 0 4 94 96 99 97
		f 4 12 277 -163 -277
		mu 0 4 96 98 101 99
		f 4 13 278 -171 -278
		mu 0 4 98 100 103 101
		f 4 14 279 -179 -279
		mu 0 4 100 102 105 103
		f 4 15 280 -187 -280
		mu 0 4 102 104 107 105
		f 4 16 281 -195 -281
		mu 0 4 104 106 109 107
		f 4 17 282 -203 -282
		mu 0 4 106 108 111 109
		f 4 18 283 -211 -283
		mu 0 4 108 110 113 111
		f 4 19 284 -219 -284
		mu 0 4 110 112 115 113
		f 4 20 285 -227 -285
		mu 0 4 112 114 117 115
		f 4 21 286 -235 -286
		mu 0 4 114 116 119 117
		f 4 22 287 -70 -287
		mu 0 4 116 118 121 119
		f 4 23 -266 -66 -288
		mu 0 4 118 120 150 121
		f 3 -54 288 289
		mu 0 3 145 122 146
		f 3 -78 290 -289
		mu 0 3 122 123 146
		f 3 -86 291 -291
		mu 0 3 123 124 146
		f 3 -94 292 -292
		mu 0 3 124 125 146
		f 3 -102 293 -293
		mu 0 3 125 126 146
		f 3 -110 294 -294
		mu 0 3 126 127 146
		f 3 -118 295 -295
		mu 0 3 127 128 146
		f 3 -126 296 -296
		mu 0 3 128 129 146
		f 3 -134 297 -297
		mu 0 3 129 130 146
		f 3 -142 298 -298
		mu 0 3 130 131 146
		f 3 -150 299 -299
		mu 0 3 131 132 146
		f 3 -158 300 -300
		mu 0 3 132 133 146
		f 3 -166 301 -301
		mu 0 3 133 134 146
		f 3 -174 302 -302
		mu 0 3 134 135 146
		f 3 -182 303 -303
		mu 0 3 135 136 146
		f 3 -190 304 -304
		mu 0 3 136 137 146
		f 3 -198 305 -305
		mu 0 3 137 138 146
		f 3 -206 306 -306
		mu 0 3 138 139 146
		f 3 -214 307 -307
		mu 0 3 139 140 146
		f 3 -222 308 -308
		mu 0 3 140 141 146
		f 3 -230 309 -309
		mu 0 3 141 142 146
		f 3 -238 310 -310
		mu 0 3 142 143 146
		f 3 -59 311 -311
		mu 0 3 143 144 146
		f 3 -51 -290 -312
		mu 0 3 144 145 146
		f 4 -55 312 48 49
		mu 0 4 147 198 201 26
		f 4 -53 50 51 -313
		mu 0 4 197 145 144 199
		f 4 -49 313 56 57
		mu 0 4 148 200 292 71
		f 4 -52 58 59 -314
		mu 0 4 199 144 143 290
		f 4 -67 314 60 61
		mu 0 4 149 203 205 28
		f 4 -65 62 63 -315
		mu 0 4 203 75 77 205
		f 4 64 315 -69 65
		mu 0 4 150 202 204 121
		f 4 66 67 -71 -316
		mu 0 4 202 25 151 204
		f 4 -61 316 72 73
		mu 0 4 152 205 209 30
		f 4 -64 74 75 -317
		mu 0 4 205 77 79 209
		f 4 52 317 -77 53
		mu 0 4 145 197 207 122
		f 4 54 55 -79 -318
		mu 0 4 196 27 153 208
		f 4 -73 318 80 81
		mu 0 4 154 209 213 32
		f 4 -76 82 83 -319
		mu 0 4 209 79 81 213
		f 4 76 319 -85 77
		mu 0 4 122 207 211 123
		f 4 78 79 -87 -320
		mu 0 4 206 29 155 212
		f 4 -81 320 88 89
		mu 0 4 156 213 217 34
		f 4 -84 90 91 -321
		mu 0 4 213 81 83 217
		f 4 84 321 -93 85
		mu 0 4 123 211 215 124
		f 4 86 87 -95 -322
		mu 0 4 210 31 157 216
		f 4 -89 322 96 97
		mu 0 4 158 217 221 36
		f 4 -92 98 99 -323
		mu 0 4 217 83 85 221
		f 4 92 323 -101 93
		mu 0 4 124 215 219 125
		f 4 94 95 -103 -324
		mu 0 4 214 33 159 220
		f 4 -97 324 104 105
		mu 0 4 160 221 225 38
		f 4 -100 106 107 -325
		mu 0 4 221 85 87 225
		f 4 100 325 -109 101
		mu 0 4 125 219 223 126
		f 4 102 103 -111 -326
		mu 0 4 218 35 161 224
		f 4 -105 326 112 113
		mu 0 4 162 225 229 40
		f 4 -108 114 115 -327
		mu 0 4 225 87 89 229
		f 4 108 327 -117 109
		mu 0 4 126 223 227 127
		f 4 110 111 -119 -328
		mu 0 4 222 37 163 228
		f 4 -113 328 120 121
		mu 0 4 164 229 233 42
		f 4 -116 122 123 -329
		mu 0 4 229 89 91 233
		f 4 116 329 -125 117
		mu 0 4 127 227 231 128
		f 4 118 119 -127 -330
		mu 0 4 226 39 165 232
		f 4 -121 330 128 129
		mu 0 4 166 233 237 44
		f 4 -124 130 131 -331
		mu 0 4 233 91 93 237
		f 4 124 331 -133 125
		mu 0 4 128 231 235 129
		f 4 126 127 -135 -332
		mu 0 4 230 41 167 236
		f 4 -129 332 136 137
		mu 0 4 168 237 241 46
		f 4 -132 138 139 -333
		mu 0 4 237 93 95 241
		f 4 132 333 -141 133
		mu 0 4 129 235 239 130
		f 4 134 135 -143 -334
		mu 0 4 234 43 169 240
		f 4 -137 334 144 145
		mu 0 4 170 241 245 48
		f 4 -140 146 147 -335
		mu 0 4 241 95 97 245
		f 4 140 335 -149 141
		mu 0 4 130 239 243 131
		f 4 142 143 -151 -336
		mu 0 4 238 45 171 244
		f 4 -145 336 152 153
		mu 0 4 172 245 249 50
		f 4 -148 154 155 -337
		mu 0 4 245 97 99 249
		f 4 148 337 -157 149
		mu 0 4 131 243 247 132
		f 4 150 151 -159 -338
		mu 0 4 242 47 173 248
		f 4 -153 338 160 161
		mu 0 4 174 249 253 52
		f 4 -156 162 163 -339
		mu 0 4 249 99 101 253
		f 4 156 339 -165 157
		mu 0 4 132 247 251 133
		f 4 158 159 -167 -340
		mu 0 4 246 49 175 252
		f 4 -161 340 168 169
		mu 0 4 176 253 257 54
		f 4 -164 170 171 -341
		mu 0 4 253 101 103 257
		f 4 164 341 -173 165
		mu 0 4 133 251 255 134
		f 4 166 167 -175 -342
		mu 0 4 250 51 177 256
		f 4 -169 342 176 177
		mu 0 4 178 257 261 56
		f 4 -172 178 179 -343
		mu 0 4 257 103 105 261
		f 4 172 343 -181 173
		mu 0 4 134 255 259 135
		f 4 174 175 -183 -344
		mu 0 4 254 53 179 260
		f 4 -177 344 184 185
		mu 0 4 180 261 265 58
		f 4 -180 186 187 -345
		mu 0 4 261 105 107 265
		f 4 180 345 -189 181
		mu 0 4 135 259 263 136
		f 4 182 183 -191 -346
		mu 0 4 258 55 181 264
		f 4 -185 346 192 193
		mu 0 4 182 265 269 60
		f 4 -188 194 195 -347
		mu 0 4 265 107 109 269
		f 4 188 347 -197 189
		mu 0 4 136 263 267 137
		f 4 190 191 -199 -348
		mu 0 4 262 57 183 268
		f 4 -193 348 200 201
		mu 0 4 184 269 273 62
		f 4 -196 202 203 -349
		mu 0 4 269 109 111 273
		f 4 196 349 -205 197
		mu 0 4 137 267 271 138
		f 4 198 199 -207 -350
		mu 0 4 266 59 185 272
		f 4 -201 350 208 209
		mu 0 4 186 273 277 64
		f 4 -204 210 211 -351
		mu 0 4 273 111 113 277
		f 4 204 351 -213 205
		mu 0 4 138 271 275 139
		f 4 206 207 -215 -352
		mu 0 4 270 61 187 276
		f 4 -209 352 216 217
		mu 0 4 188 277 281 66
		f 4 -212 218 219 -353
		mu 0 4 277 113 115 281
		f 4 212 353 -221 213
		mu 0 4 139 275 279 140
		f 4 214 215 -223 -354
		mu 0 4 274 63 189 280
		f 4 -217 354 224 225
		mu 0 4 190 281 285 68
		f 4 -220 226 227 -355
		mu 0 4 281 115 117 285
		f 4 220 355 -229 221
		mu 0 4 140 279 283 141
		f 4 222 223 -231 -356
		mu 0 4 278 65 191 284
		f 4 -225 356 232 233
		mu 0 4 192 285 289 70
		f 4 -228 234 235 -357
		mu 0 4 285 117 119 289
		f 4 228 357 -237 229
		mu 0 4 141 283 287 142
		f 4 230 231 -239 -358
		mu 0 4 282 67 193 288
		f 4 68 358 -236 69
		mu 0 4 121 204 289 119
		f 4 70 71 -233 -359
		mu 0 4 204 72 194 289
		f 4 236 359 -60 237
		mu 0 4 142 287 290 143
		f 4 238 239 -57 -360
		mu 0 4 286 69 195 291;
	setAttr ".cd" -type "dataPolyComponent" Index_Data Edge 0 ;
	setAttr ".cvd" -type "dataPolyComponent" Index_Data Vertex 0 ;
	setAttr ".pd[0]" -type "dataPolyComponent" Index_Data UV 0 ;
	setAttr ".hfd" -type "dataPolyComponent" Index_Data Face 0 ;
createNode mesh -n "polySurfaceShape3" -p "pCylinder12";
	rename -uid "B619CB0E-4338-8CF9-6471-3A98DD00A083";
	setAttr -k off ".v";
	setAttr ".io" yes;
	setAttr -s 4 ".iog";
	setAttr ".vir" yes;
	setAttr ".vif" yes;
	setAttr ".pv" -type "double2" 0.50000002980232239 0.84375 ;
	setAttr ".uvst[0].uvsn" -type "string" "map1";
	setAttr -s 100 ".uvst[0].uvsp[0:99]" -type "float2" 0.65092582 0.11580956
		 0.63531637 0.07812506 0.61048537 0.04576464 0.578125 0.020933613 0.54044044 0.0053241849
		 0.5 8.9406967e-08 0.45955956 0.0053241551 0.42187506 0.020933583 0.38951463 0.045764595
		 0.36468357 0.078125015 0.34907413 0.11580953 0.34375006 0.15625 0.34907413 0.19669044
		 0.36468357 0.23437497 0.3895146 0.2667354 0.421875 0.29156643 0.45955953 0.30717587
		 0.5 0.31249997 0.54044044 0.30717587 0.578125 0.29156646 0.61048543 0.26673543 0.63531649
		 0.234375 0.65092587 0.19669047 0.65625 0.15625 0.375 0.3125 0.38541666 0.3125 0.39583331
		 0.3125 0.40624997 0.3125 0.41666663 0.3125 0.42708328 0.3125 0.43749994 0.3125 0.4479166
		 0.3125 0.45833325 0.3125 0.46874991 0.3125 0.47916657 0.3125 0.48958322 0.3125 0.49999988
		 0.3125 0.51041657 0.3125 0.52083325 0.3125 0.53124994 0.3125 0.54166663 0.3125 0.55208331
		 0.3125 0.5625 0.3125 0.57291669 0.3125 0.58333337 0.3125 0.59375006 0.3125 0.60416675
		 0.3125 0.61458343 0.3125 0.62500012 0.3125 0.375 0.6875 0.38541666 0.6875 0.39583331
		 0.6875 0.40624997 0.6875 0.41666663 0.6875 0.42708328 0.6875 0.43749994 0.6875 0.4479166
		 0.6875 0.45833325 0.6875 0.46874991 0.6875 0.47916657 0.6875 0.48958322 0.6875 0.49999988
		 0.6875 0.51041657 0.6875 0.52083325 0.6875 0.53124994 0.6875 0.54166663 0.6875 0.55208331
		 0.6875 0.5625 0.6875 0.57291669 0.6875 0.58333337 0.6875 0.59375006 0.6875 0.60416675
		 0.6875 0.61458343 0.6875 0.62500012 0.6875 0.65092582 0.80330956 0.63531637 0.76562506
		 0.61048537 0.73326463 0.578125 0.70843363 0.54044044 0.69282418 0.5 0.68750012 0.45955956
		 0.69282413 0.42187506 0.70843357 0.38951463 0.73326457 0.36468357 0.765625 0.34907413
		 0.80330956 0.34375006 0.84375 0.34907413 0.88419044 0.36468357 0.921875 0.3895146
		 0.95423543 0.421875 0.97906643 0.45955953 0.99467587 0.5 1 0.54044044 0.99467587
		 0.578125 0.97906649 0.61048543 0.95423543 0.63531649 0.921875 0.65092587 0.88419044
		 0.65625 0.84375 0.5 0.15625 0.5 0.84375;
	setAttr ".cuvs" -type "string" "map1";
	setAttr ".dcc" -type "string" "Ambient+Diffuse";
	setAttr ".covm[0]"  0 1 1;
	setAttr ".cdvm[0]"  0 1 1;
	setAttr -s 50 ".pt[0:49]" -type "float3"  1.049692 -1.0867225 -0.28126439 
		0.94112843 -1.0867225 -0.54336035 0.7684285 -1.0867225 -0.76842856 0.54336041 -1.0867225 
		-0.94112855 0.28126425 -1.0867225 -1.0496929 -3.2386854e-08 -1.0867225 -1.0867207 
		-0.28126436 -1.0867225 -1.0496929 -0.54336035 -1.0867225 -0.94112867 -0.76842862 
		-1.0867225 -0.76842868 -0.94112867 -1.0867225 -0.54336131 -1.049693 -1.0867225 -0.28126448 
		-1.0867225 -1.0867225 -2.5909483e-07 -1.049693 -1.0867225 0.28126419 -0.94112867 
		-1.0867225 0.54336047 -0.76842868 -1.0867225 0.76842856 -0.54336131 -1.0867225 0.94112855 
		-0.28126448 -1.0867225 1.0496929 -1.94321e-07 -1.0867225 1.0867207 0.28126425 -1.0867225 
		1.0496929 0.54336029 -1.0867225 0.94112855 0.76842856 -1.0867225 0.76842862 0.94112867 
		-1.0867225 0.54336035 1.0496929 -1.0867225 0.28126425 1.0867225 -1.0867225 -1.94321e-07 
		1.049692 -0.99999976 -0.28126439 0.94112843 -0.99999976 -0.54336035 0.7684285 -0.99999976 
		-0.76842856 0.54336041 -0.99999976 -0.94112855 0.28126425 -0.99999976 -1.0496929 
		-3.2386854e-08 -0.99999976 -1.0867207 -0.28126436 -0.99999976 -1.0496929 -0.54336035 
		-0.99999976 -0.94112867 -0.76842862 -0.99999976 -0.76842868 -0.94112867 -0.99999976 
		-0.54336131 -1.049693 -0.99999976 -0.28126448 -1.0867225 -0.99999976 -2.5909483e-07 
		-1.049693 -0.99999976 0.28126419 -0.94112867 -0.99999976 0.54336047 -0.76842868 -0.99999976 
		0.76842856 -0.54336131 -0.99999976 0.94112855 -0.28126448 -0.99999976 1.0496929 -1.94321e-07 
		-0.99999976 1.0867207 0.28126425 -0.99999976 1.0496929 0.54336029 -0.99999976 0.94112855 
		0.76842856 -0.99999976 0.76842862 0.94112867 -0.99999976 0.54336035 1.0496929 -0.99999976 
		0.28126425 1.0867225 -0.99999976 -1.94321e-07 -1.6193425e-07 -1.0867225 -1.94321e-07 
		-1.6193425e-07 -0.99999976 -1.94321e-07;
	setAttr -s 50 ".vt[0:49]"  0.96592534 -1 -0.25881881 0.86602497 -1 -0.49999964
		 0.70710647 -1 -0.70710629 0.49999982 -1 -0.86602485 0.25881901 -1 -0.96592522 1.1920929e-07 -1 -0.99999946
		 -0.25881881 -1 -0.9659254 -0.4999997 -1 -0.86602509 -0.70710647 -1 -0.70710659 -0.86602509 -1 -0.49999988
		 -0.96592551 -1 -0.25881901 -0.9999997 -1 -5.9604645e-08 -0.96592557 -1 0.25881892
		 -0.86602521 -1 0.49999982 -0.70710665 -1 0.70710659 -0.49999994 -1 0.86602521 -0.25881901 -1 0.96592563
		 -2.9802322e-08 -1 0.99999982 0.25881898 -1 0.96592569 0.49999991 -1 0.86602533 0.70710671 -1 0.70710677
		 0.86602539 -1 0.5 0.96592581 -1 0.25881904 1 -1 0 0.96592534 1 -0.25881881 0.86602497 1 -0.49999964
		 0.70710647 1 -0.70710629 0.49999982 1 -0.86602485 0.25881901 1 -0.96592522 1.1920929e-07 1 -0.99999946
		 -0.25881881 1 -0.9659254 -0.4999997 1 -0.86602509 -0.70710647 1 -0.70710659 -0.86602509 1 -0.49999988
		 -0.96592551 1 -0.25881901 -0.9999997 1 -5.9604645e-08 -0.96592557 1 0.25881892 -0.86602521 1 0.49999982
		 -0.70710665 1 0.70710659 -0.49999994 1 0.86602521 -0.25881901 1 0.96592563 -2.9802322e-08 1 0.99999982
		 0.25881898 1 0.96592569 0.49999991 1 0.86602533 0.70710671 1 0.70710677 0.86602539 1 0.5
		 0.96592581 1 0.25881904 1 1 0 0 -1 0 0 1 0;
	setAttr -s 120 ".ed[0:119]"  0 1 0 1 2 0 2 3 0 3 4 0 4 5 0 5 6 0 6 7 0
		 7 8 0 8 9 0 9 10 0 10 11 0 11 12 0 12 13 0 13 14 0 14 15 0 15 16 0 16 17 0 17 18 0
		 18 19 0 19 20 0 20 21 0 21 22 0 22 23 0 23 0 0 24 25 0 25 26 0 26 27 0 27 28 0 28 29 0
		 29 30 0 30 31 0 31 32 0 32 33 0 33 34 0 34 35 0 35 36 0 36 37 0 37 38 0 38 39 0 39 40 0
		 40 41 0 41 42 0 42 43 0 43 44 0 44 45 0 45 46 0 46 47 0 47 24 0 0 24 1 1 25 1 2 26 1
		 3 27 1 4 28 1 5 29 1 6 30 1 7 31 1 8 32 1 9 33 1 10 34 1 11 35 1 12 36 1 13 37 1
		 14 38 1 15 39 1 16 40 1 17 41 1 18 42 1 19 43 1 20 44 1 21 45 1 22 46 1 23 47 1 48 0 1
		 48 1 1 48 2 1 48 3 1 48 4 1 48 5 1 48 6 1 48 7 1 48 8 1 48 9 1 48 10 1 48 11 1 48 12 1
		 48 13 1 48 14 1 48 15 1 48 16 1 48 17 1 48 18 1 48 19 1 48 20 1 48 21 1 48 22 1 48 23 1
		 24 49 1 25 49 1 26 49 1 27 49 1 28 49 1 29 49 1 30 49 1 31 49 1 32 49 1 33 49 1 34 49 1
		 35 49 1 36 49 1 37 49 1 38 49 1 39 49 1 40 49 1 41 49 1 42 49 1 43 49 1 44 49 1 45 49 1
		 46 49 1 47 49 1;
	setAttr -s 72 -ch 240 ".fc[0:71]" -type "polyFaces" 
		f 4 0 49 -25 -49
		mu 0 4 24 25 50 49
		f 4 1 50 -26 -50
		mu 0 4 25 26 51 50
		f 4 2 51 -27 -51
		mu 0 4 26 27 52 51
		f 4 3 52 -28 -52
		mu 0 4 27 28 53 52
		f 4 4 53 -29 -53
		mu 0 4 28 29 54 53
		f 4 5 54 -30 -54
		mu 0 4 29 30 55 54
		f 4 6 55 -31 -55
		mu 0 4 30 31 56 55
		f 4 7 56 -32 -56
		mu 0 4 31 32 57 56
		f 4 8 57 -33 -57
		mu 0 4 32 33 58 57
		f 4 9 58 -34 -58
		mu 0 4 33 34 59 58
		f 4 10 59 -35 -59
		mu 0 4 34 35 60 59
		f 4 11 60 -36 -60
		mu 0 4 35 36 61 60
		f 4 12 61 -37 -61
		mu 0 4 36 37 62 61
		f 4 13 62 -38 -62
		mu 0 4 37 38 63 62
		f 4 14 63 -39 -63
		mu 0 4 38 39 64 63
		f 4 15 64 -40 -64
		mu 0 4 39 40 65 64
		f 4 16 65 -41 -65
		mu 0 4 40 41 66 65
		f 4 17 66 -42 -66
		mu 0 4 41 42 67 66
		f 4 18 67 -43 -67
		mu 0 4 42 43 68 67
		f 4 19 68 -44 -68
		mu 0 4 43 44 69 68
		f 4 20 69 -45 -69
		mu 0 4 44 45 70 69
		f 4 21 70 -46 -70
		mu 0 4 45 46 71 70
		f 4 22 71 -47 -71
		mu 0 4 46 47 72 71
		f 4 23 48 -48 -72
		mu 0 4 47 48 73 72
		f 3 -1 -73 73
		mu 0 3 1 0 98
		f 3 -2 -74 74
		mu 0 3 2 1 98
		f 3 -3 -75 75
		mu 0 3 3 2 98
		f 3 -4 -76 76
		mu 0 3 4 3 98
		f 3 -5 -77 77
		mu 0 3 5 4 98
		f 3 -6 -78 78
		mu 0 3 6 5 98
		f 3 -7 -79 79
		mu 0 3 7 6 98
		f 3 -8 -80 80
		mu 0 3 8 7 98
		f 3 -9 -81 81
		mu 0 3 9 8 98
		f 3 -10 -82 82
		mu 0 3 10 9 98
		f 3 -11 -83 83
		mu 0 3 11 10 98
		f 3 -12 -84 84
		mu 0 3 12 11 98
		f 3 -13 -85 85
		mu 0 3 13 12 98
		f 3 -14 -86 86
		mu 0 3 14 13 98
		f 3 -15 -87 87
		mu 0 3 15 14 98
		f 3 -16 -88 88
		mu 0 3 16 15 98
		f 3 -17 -89 89
		mu 0 3 17 16 98
		f 3 -18 -90 90
		mu 0 3 18 17 98
		f 3 -19 -91 91
		mu 0 3 19 18 98
		f 3 -20 -92 92
		mu 0 3 20 19 98
		f 3 -21 -93 93
		mu 0 3 21 20 98
		f 3 -22 -94 94
		mu 0 3 22 21 98
		f 3 -23 -95 95
		mu 0 3 23 22 98
		f 3 -24 -96 72
		mu 0 3 0 23 98
		f 3 24 97 -97
		mu 0 3 96 95 99
		f 3 25 98 -98
		mu 0 3 95 94 99
		f 3 26 99 -99
		mu 0 3 94 93 99
		f 3 27 100 -100
		mu 0 3 93 92 99
		f 3 28 101 -101
		mu 0 3 92 91 99
		f 3 29 102 -102
		mu 0 3 91 90 99
		f 3 30 103 -103
		mu 0 3 90 89 99
		f 3 31 104 -104
		mu 0 3 89 88 99
		f 3 32 105 -105
		mu 0 3 88 87 99
		f 3 33 106 -106
		mu 0 3 87 86 99
		f 3 34 107 -107
		mu 0 3 86 85 99
		f 3 35 108 -108
		mu 0 3 85 84 99
		f 3 36 109 -109
		mu 0 3 84 83 99
		f 3 37 110 -110
		mu 0 3 83 82 99
		f 3 38 111 -111
		mu 0 3 82 81 99
		f 3 39 112 -112
		mu 0 3 81 80 99
		f 3 40 113 -113
		mu 0 3 80 79 99
		f 3 41 114 -114
		mu 0 3 79 78 99
		f 3 42 115 -115
		mu 0 3 78 77 99
		f 3 43 116 -116
		mu 0 3 77 76 99
		f 3 44 117 -117
		mu 0 3 76 75 99
		f 3 45 118 -118
		mu 0 3 75 74 99
		f 3 46 119 -119
		mu 0 3 74 97 99
		f 3 47 96 -120
		mu 0 3 97 96 99;
	setAttr ".cd" -type "dataPolyComponent" Index_Data Edge 0 ;
	setAttr ".cvd" -type "dataPolyComponent" Index_Data Vertex 0 ;
	setAttr ".pd[0]" -type "dataPolyComponent" Index_Data UV 0 ;
	setAttr ".hfd" -type "dataPolyComponent" Index_Data Face 0 ;
createNode transform -n "pCylinder13";
	rename -uid "7ECB3E1A-4FED-2943-4298-F6B35D117F8B";
	setAttr ".t" -type "double3" 21.864880924753649 7.8814460786783478 88.201364807417619 ;
	setAttr ".s" -type "double3" 3.4398587947757928 3.4398587947757928 3.4398587947757928 ;
	setAttr ".rp" -type "double3" -3.9067308923516536e-16 -1.1194049867594043 9.3935518840942325e-07 ;
	setAttr ".sp" -type "double3" -8.8817841970012523e-16 -0.45879908671611025 3.8500391497109376e-07 ;
	setAttr ".spt" -type "double3" 4.9750533046495987e-16 -0.660605900043294 5.5435127343832949e-07 ;
createNode mesh -n "pCylinderShape13" -p "pCylinder13";
	rename -uid "899A04FB-4914-D1A3-B108-229E249E5C72";
	setAttr -k off ".v";
	setAttr ".vir" yes;
	setAttr ".vif" yes;
	setAttr ".pv" -type "double2" 0.50000002980232239 0.48437674343585968 ;
	setAttr ".uvst[0].uvsn" -type "string" "map1";
	setAttr -s 293 ".uvst[0].uvsp";
	setAttr ".uvst[0].uvsp[0:249]" -type "float2" 0.65092582 0.11580956 0.63531637
		 0.07812506 0.61048537 0.04576464 0.578125 0.020933613 0.54044044 0.0053241849 0.5
		 8.9406967e-08 0.45955956 0.0053241551 0.42187506 0.020933583 0.38951463 0.045764595
		 0.36468357 0.078125015 0.34907413 0.11580953 0.34375006 0.15625 0.34907413 0.19669044
		 0.36468357 0.23437497 0.3895146 0.2667354 0.421875 0.29156643 0.45955953 0.30717587
		 0.5 0.31249997 0.54044044 0.30717587 0.578125 0.29156646 0.61048543 0.26673543 0.63531649
		 0.234375 0.65092587 0.19669047 0.65625 0.15625 0.5 0.15625 0.62489599 0.62058413
		 0.61552089 0.68006563 0.37593746 0.68006575 0.38531247 0.62058383 0.38635406 0.68006581
		 0.39572915 0.620583 0.39677072 0.68006545 0.40614581 0.62058371 0.40718737 0.68006593
		 0.4165625 0.62058377 0.41760406 0.68006587 0.42697912 0.62058389 0.42802069 0.68006575
		 0.43739581 0.62058377 0.43843737 0.68006587 0.44781247 0.62058371 0.44885403 0.68006587
		 0.45822909 0.62058377 0.45927069 0.68006557 0.46864572 0.62058383 0.46968728 0.68006575
		 0.47906238 0.62058383 0.48010394 0.68006575 0.48947906 0.62058389 0.49052063 0.68006575
		 0.49989578 0.62058401 0.50093734 0.68006593 0.51031244 0.62058407 0.51135403 0.68006575
		 0.52072906 0.62058383 0.52177066 0.68006587 0.53114581 0.62058342 0.5321874 0.68006593
		 0.5415625 0.62058377 0.54260409 0.68006587 0.55197918 0.62058389 0.55302072 0.68006575
		 0.56239581 0.62058377 0.56343746 0.68006587 0.5728125 0.62058371 0.57385409 0.68006587
		 0.58322924 0.62058377 0.58427083 0.68006587 0.59364593 0.62058377 0.59468746 0.68006575
		 0.60406256 0.62058383 0.60510421 0.68006581 0.6144793 0.62058389 0.37500003 0.3125
		 0.38541663 0.3125 0.37500003 0.60263586 0.39583328 0.3125 0.38541663 0.60263598 0.40624994
		 0.3125 0.39583331 0.60263515 0.4166666 0.3125 0.40624994 0.60263592 0.42708328 0.3125
		 0.41666663 0.60263598 0.43749994 0.3125 0.42708328 0.60263598 0.4479166 0.3125 0.43749994
		 0.60263598 0.45833325 0.3125 0.44791663 0.60263604 0.46874988 0.3125 0.45833328 0.60263598
		 0.47916654 0.3125 0.46874988 0.60263592 0.48958322 0.3125 0.47916654 0.60263592 0.49999988
		 0.3125 0.48958319 0.60263598 0.51041657 0.3125 0.49999994 0.60263604 0.52083319 0.3125
		 0.51041657 0.60263616 0.53124988 0.3125 0.52083319 0.60263598 0.54166663 0.3125 0.53124994
		 0.60263562 0.55208331 0.3125 0.54166663 0.60263598 0.5625 0.3125 0.55208331 0.60263598
		 0.57291669 0.3125 0.5625 0.60263598 0.58333337 0.3125 0.57291669 0.60263598 0.59375006
		 0.3125 0.58333337 0.60263598 0.60416675 0.3125 0.59375006 0.60263592 0.61458343 0.3125
		 0.60416675 0.60263586 0.62500012 0.3125 0.61458343 0.60263598 0.60442948 0.90404224
		 0.58526629 0.92901629 0.5602926 0.9481799 0.53120971 0.960226 0.49999997 0.96433491
		 0.46879035 0.96022582 0.43970749 0.94817978 0.41473368 0.92901599 0.39557043 0.9040423
		 0.38352403 0.87495983 0.37941527 0.84375 0.38352391 0.81254035 0.39557052 0.7834577
		 0.41473368 0.75848407 0.43970749 0.73932022 0.46879038 0.72727406 0.50000006 0.72316521
		 0.53120965 0.72727412 0.56029248 0.73932022 0.58526647 0.75848407 0.60442942 0.78345782
		 0.61647576 0.81254029 0.62058502 0.84375 0.61647606 0.87495959 0.50000006 0.84375
		 0.62406278 0.68006587 0.61364603 0.68006569 0.37510419 0.62058377 0.62500012 0.60263622
		 0.61468756 0.62058383 0.38552079 0.62058389 0.38447922 0.68006569 0.39593747 0.620583
		 0.39489588 0.68006533 0.4063541 0.62058365 0.40531254 0.68006593 0.41677079 0.62058377
		 0.41572922 0.68006587 0.42718741 0.62058389 0.42614588 0.68006575 0.4376041 0.62058383
		 0.43656251 0.68006587 0.44802076 0.62058401 0.44697922 0.68006575 0.45843744 0.62058407
		 0.45739585 0.68006557 0.46885401 0.62058383 0.46781245 0.68006581 0.47927067 0.62058389
		 0.47822911 0.68006569 0.48968735 0.62058389 0.48864579 0.68006575 0.50010407 0.62058395
		 0.49906239 0.68006581 0.5105207 0.62058407 0.50947922 0.68006581 0.52093738 0.62058377
		 0.51989579 0.68006575 0.53135413 0.62058336 0.53031254 0.68006587 0.54177076 0.62058377
		 0.54072922 0.68006593 0.55218744 0.62058389 0.55114591 0.68006575 0.56260413 0.62058383
		 0.56156254 0.68006581 0.57302082 0.62058389 0.57197922 0.68006581 0.5834375 0.62058389
		 0.58239603 0.68006581 0.59385419 0.62058383 0.59281266 0.68006575 0.60427088 0.62058383
		 0.60322934 0.68006557 0.37604159 0.6875 0.62074393 0.87610322 0.62395865 0.68750006
		 0.62500346 0.84375 0.6135419 0.6875 0.61562502 0.6875 0.62500012 0.61314988 0.37500003
		 0.61314952 0.61458343 0.61314964 0.38541663 0.61314964 0.38645819 0.6875 0.6082561
		 0.90625167 0.3843751 0.68749994 0.39583331 0.61314881 0.39687485 0.6875 0.58839077
		 0.93214077 0.39479172 0.68750006 0.40624994 0.61314958 0.40729153 0.6875 0.56250173
		 0.95200622 0.40520844 0.68750006 0.41666663 0.61314964 0.41770819 0.6875 0.53235328
		 0.96449393 0.4156251 0.6875 0.42708328 0.61314964 0.42812482 0.6875 0.5 0.9687534
		 0.42604175 0.6875 0.43749994 0.61314964 0.4385415 0.6875 0.46764672 0.96449387 0.43645838
		 0.6875 0.44791663 0.6131497 0.44895813 0.6875 0.43749827 0.95200628 0.44687507 0.6875
		 0.45833328 0.61314964 0.45937485 0.6875 0.41160932 0.93214059 0.45729172 0.6875 0.46874988
		 0.61314958 0.46979141 0.6875 0.39174387 0.90625173 0.46770832 0.68750006 0.47916651
		 0.61314958 0.4802081 0.6875 0.37925604 0.87610322 0.47812498 0.68749994 0.48958319
		 0.61314964 0.49062479 0.6875 0.37499681 0.84375 0.48854166 0.6875 0.49999994 0.6131497;
	setAttr ".uvst[0].uvsp[250:292]" 0.50104147 0.6875 0.37925601 0.81139678 0.49895832
		 0.6875 0.51041657 0.61314982 0.51145816 0.6875 0.39174393 0.78124833 0.5093751 0.68750006
		 0.52083319 0.61314964 0.52187479 0.6875 0.41160932 0.75535947 0.51979166 0.68749994
		 0.53124994 0.61314929 0.53229153 0.6875 0.43749833 0.73549384 0.53020841 0.6875 0.54166663
		 0.61314964 0.54270822 0.6875 0.46764681 0.72300613 0.5406251 0.68750006 0.55208331
		 0.61314964 0.55312485 0.6875 0.5 0.71874672 0.55104178 0.6875 0.5625 0.61314964 0.56354159
		 0.6875 0.53235322 0.72300619 0.56145841 0.6875 0.57291669 0.61314964 0.57395822 0.6875
		 0.56250167 0.73549384 0.5718751 0.6875 0.58333337 0.61314964 0.58437496 0.6875 0.58839077
		 0.75535947 0.5822919 0.6875 0.59375006 0.61314958 0.59479159 0.6875 0.6082561 0.78124833
		 0.59270853 0.6875 0.60416675 0.61314958 0.62074375 0.81139666 0.60312521 0.68750006
		 0.60520828 0.6875;
	setAttr ".cuvs" -type "string" "map1";
	setAttr ".dcc" -type "string" "Ambient+Diffuse";
	setAttr ".covm[0]"  0 1 1;
	setAttr ".cdvm[0]"  0 1 1;
	setAttr -s 170 ".pt";
	setAttr ".pt[0:165]" -type "float3"  -0.88633192 0.45879918 0.23749258 -0.79466289 
		0.45879918 0.45879787 -0.64883977 0.45879918 0.64883888 -0.45879903 0.45879918 0.79466254 
		-0.23749201 0.45879918 0.88633132 -1.0484024e-07 0.45879918 0.91759753 0.23749186 
		0.45879918 0.88633132 0.4587988 0.45879918 0.79466254 0.64883959 0.45879918 0.64883888 
		0.79466277 0.45879918 0.45879939 0.88633192 0.45879918 0.23749258 0.91759825 0.45879918 
		0 0.88633192 0.45879918 -0.23749258 0.79466277 0.45879918 -0.45879939 0.64883959 
		0.45879918 -0.64883888 0.45879912 0.45879918 -0.79466254 0.23749186 0.45879918 -0.88633132 
		-1.0484024e-07 0.45879918 -0.91759753 -0.23749201 0.45879918 -0.88633132 -0.45879903 
		0.45879918 -0.79466254 -0.64883977 0.45879918 -0.64883888 -0.79466337 0.45879918 
		-0.45879939 -0.88633227 0.45879918 -0.23749258 -0.91759825 0.45879918 0 -1.0484024e-07 
		0.45879918 0 -1.0484024e-07 -0.45879918 0 -0.72680658 -0.44060811 0.19474798 -0.70717698 
		-0.45407352 0.18948749 -0.68401992 -0.45879918 0.18328261 -0.75244665 -0.44060811 
		0 -0.73212439 -0.45407352 0 -0.70815033 -0.45879918 0 -0.868608 -0.29506013 0.23274368 
		-0.88172352 -0.27490982 0.236258 -0.88633192 -0.25114295 0.23749258 -0.89925033 -0.29506013 
		0 -0.91282797 -0.27490982 0 -0.91759825 -0.25114295 0 -0.77877408 -0.29506013 0.44962394 
		-0.79053199 -0.27490982 0.45641258 -0.79466289 -0.25114295 0.45879787 -0.65163708 
		-0.44060811 0.37622216 -0.63403785 -0.45407352 0.36606205 -0.61327565 -0.45879918 
		0.35407326 -0.63586605 -0.29506013 0.63586569 -0.64546651 -0.27490982 0.6454671 -0.64883977 
		-0.25114295 0.64883888 -0.53206009 -0.44060811 0.53206027 -0.51768988 -0.45407352 
		0.5176878 -0.50073767 -0.45879918 0.50073564 -0.4496251 -0.29506013 0.77877378 -0.45641372 
		-0.27490982 0.79053086 -0.45879903 -0.25114295 0.79466254 -0.376223 -0.44060805 0.65163666 
		-0.36606193 -0.45407343 0.63403875 -0.35407531 -0.45879918 0.61327708 -0.23274323 
		-0.29506013 0.86860937 -0.2362572 -0.27490982 0.88172317 -0.23749201 -0.25114295 
		0.88633132 -0.19474761 -0.44060811 0.72680622 -0.18948761 -0.45407352 0.70717704 
		-0.18328287 -0.45879918 0.68401974 -1.0484024e-07 -0.29506022 0.89924961 -1.0484024e-07 
		-0.27490982 0.91282642 -1.0484024e-07 -0.25114295 0.91759753 -1.0484024e-07 -0.44060805 
		0.75244606 -1.0484024e-07 -0.45407352 0.73212409 -1.0484024e-07 -0.45879918 0.70814979 
		0.23274294 -0.29506013 0.86860937 0.23625705 -0.27490982 0.88172317 0.23749186 -0.25114295 
		0.88633132 0.194747 -0.44060811 0.72680622 0.18948761 -0.45407352 0.70717704 0.18328252 
		-0.45879918 0.68401974 0.4496246 -0.29506013 0.77877378 0.45641324 -0.27490982 0.79053086 
		0.4587988 -0.25114295 0.79466254 0.37622285 -0.44060811 0.65163666 0.36606139 -0.45407352 
		0.63403875 0.35407439 -0.45879918 0.61327708 0.63586551 -0.29506013 0.63586569 0.64546651 
		-0.27490982 0.6454671 0.64883959 -0.25114295 0.64883888 0.53206009 -0.44060811 0.53206027 
		0.51768988 -0.45407352 0.5176878 0.50073791 -0.45879918 0.50073564 0.77877313 -0.29506013 
		0.44962543 0.79053175 -0.27490982 0.4564141 0.79466277 -0.25114295 0.45879939 0.65163672 
		-0.44060805 0.37622404 0.63403755 -0.45407352 0.36606354 0.61327553 -0.45879918 0.3540749 
		0.86860824 -0.29506013 0.23274368 0.88172352 -0.27490982 0.236258 0.88633192 -0.25114295 
		0.23749258 0.72680688 -0.44060811 0.19474798 0.7071771 -0.45407352 0.18948749 0.6840198 
		-0.45879918 0.18328595 0.89925033 -0.29506013 0 0.91282797 -0.27490982 0 0.91759825 
		-0.25114295 0 0.75244594 -0.44060811 0 0.73212385 -0.45407352 0 0.70815003 -0.45879918 
		0 0.86860824 -0.29506013 -0.23274368 0.88172352 -0.27490982 -0.236258 0.88633192 
		-0.25114295 -0.23749258 0.72680688 -0.44060811 -0.19474627 0.7071771 -0.45407352 
		-0.18948749 0.6840198 -0.45879918 -0.18328261 0.77877313 -0.29506022 -0.44962543 
		0.79053175 -0.27490982 -0.4564141 0.79466277 -0.25114295 -0.45879939 0.65163743 -0.44060805 
		-0.37622404 0.63403785 -0.45407352 -0.36606354 0.61327553 -0.45879918 -0.3540749 
		0.63586551 -0.29506013 -0.63586569 0.64546651 -0.27490982 -0.6454671 0.64883959 -0.25114295 
		-0.64883888 0.53206009 -0.44060811 -0.53205687 0.51768988 -0.45407352 -0.5176878 
		0.50073791 -0.45879918 -0.50073564 0.4496251 -0.29506013 -0.77877378 0.45641392 -0.27490982 
		-0.79053086 0.45879912 -0.25114295 -0.79466254 0.376223 -0.44060811 -0.65163666 0.36606193 
		-0.45407352 -0.63403875 0.35407478 -0.45879918 -0.61327708 0.23274294 -0.29506013 
		-0.86860937 0.23625705 -0.27490982 -0.88172317 0.23749186 -0.25114295 -0.88633132 
		0.194747 -0.44060811 -0.72680622 0.18948761 -0.45407352 -0.70717704 0.18328252 -0.45879918 
		-0.68401974 -1.0484024e-07 -0.29506022 -0.89924961 -1.0484024e-07 -0.27490982 -0.91282642 
		-1.0484024e-07 -0.25114295 -0.91759753 -1.0484024e-07 -0.44060805 -0.75244606 -1.0484024e-07 
		-0.45407352 -0.73212409 -1.0484024e-07 -0.45879918 -0.70814979 -0.23274323 -0.29506013 
		-0.86860937 -0.2362572 -0.27490982 -0.88172317 -0.23749201 -0.25114295 -0.88633132 
		-0.19474761 -0.44060811 -0.72680622 -0.18948761 -0.45407352 -0.70717704 -0.18328287 
		-0.45879918 -0.68401974 -0.4496251 -0.29506022 -0.77877378 -0.45641372 -0.27490982 
		-0.79053086 -0.45879903 -0.25114295 -0.79466254 -0.376223 -0.44060805 -0.65163666 
		-0.36606193 -0.45407343 -0.63403875 -0.35407531 -0.45879918 -0.61327708 -0.63586605 
		-0.29506013 -0.63586569 -0.64546651 -0.27490982 -0.6454671 -0.64883977 -0.25114295 
		-0.64883888 -0.53206009 -0.44060811 -0.53205687 -0.51769018 -0.45407352 -0.5176878 
		-0.50073832 -0.45879918 -0.50073564 -0.77877408 -0.29506022 -0.44962543 -0.79053217 
		-0.27490982 -0.4564141 -0.79466337 -0.25114295 -0.45879939 -0.65163827 -0.44060805 
		-0.37622404 -0.63403869 -0.45407352 -0.36606354 -0.61327636 -0.45879918 -0.3540749 
		-0.86860931 -0.29506013 -0.23274368 -0.88172424 -0.27490982 -0.236258;
	setAttr ".pt[166:169]" -0.88633227 -0.25114295 -0.23749258 -0.72680736 -0.44060811 
		-0.19474627 -0.70717716 -0.45407352 -0.18948749 -0.68402046 -0.45879918 -0.18328261;
	setAttr -s 170 ".vt";
	setAttr ".vt[0:165]"  2.015617847 -2.086722374 -0.54008484 1.80715322 -2.086722374 -1.043357849
		 1.47553492 -2.086722374 -1.47553253 1.043360233 -2.086722374 -1.80715179 0.54008341 -2.086722374 -2.015617371
		 0 -2.086722374 -2.086719513 -0.54008341 -2.086722374 -2.015617371 -1.043360233 -2.086722374 -1.80715179
		 -1.47553492 -2.086722374 -1.47553253 -1.80715322 -2.086722374 -1.043361664 -2.015618324 -2.086722374 -0.54008484
		 -2.086722374 -2.086722374 0 -2.015618324 -2.086722374 0.54008484 -1.80715322 -2.086722374 1.043361664
		 -1.47553492 -2.086722374 1.47553253 -1.043361187 -2.086722374 1.80715179 -0.54008341 -2.086722374 2.015617371
		 0 -2.086722374 2.086719513 0.54008341 -2.086722374 2.015617371 1.043360233 -2.086722374 1.80715179
		 1.47553492 -2.086722374 1.47553253 1.80715418 -2.086722374 1.043361664 2.015618801 -2.086722374 0.54008484
		 2.086721897 -2.086722374 0 0 -2.086722374 0 0 2.3841858e-07 0 1.65284014 -0.041368484 -0.44287872
		 1.6081996 -0.010746479 -0.43091583 1.55553865 2.3841858e-07 -0.41680527 1.71114874 -0.041368484 0
		 1.66493273 -0.010746479 0 1.61041307 2.3841858e-07 0 1.97531271 -0.37236118 -0.52928543
		 2.0051388741 -0.418185 -0.53727722 2.015617847 -0.47223377 -0.54008484 2.044996738 -0.37236118 0
		 2.075872898 -0.418185 0 2.086721897 -0.47223377 0 1.77101946 -0.37236118 -1.02249527
		 1.79775858 -0.418185 -1.03793335 1.80715322 -0.47223377 -1.043357849 1.48189592 -0.041368484 -0.85557175
		 1.44187307 -0.010746479 -0.83246613 1.39465761 2.3841858e-07 -0.80520248 1.44603109 -0.37236118 -1.44602966
		 1.46786356 -0.418185 -1.46786499 1.47553492 -0.47223377 -1.47553253 1.20996428 -0.041368484 -1.20996475
		 1.17728472 -0.010746479 -1.17728043 1.13873339 2.3841858e-07 -1.1387291 1.022497654 -0.37236118 -1.77101898
		 1.037935734 -0.418185 -1.7977562 1.043360233 -0.47223377 -1.80715179 0.85557318 -0.041368723 -1.48189545
		 0.83246565 -0.010746717 -1.44187546 0.80520678 2.3841858e-07 -1.39466095 0.529284 -0.37236118 -1.97531509
		 0.53727531 -0.418185 -2.0051383972 0.54008341 -0.47223377 -2.015617371 0.44287777 -0.041368484 -1.65283966
		 0.43091583 -0.010746479 -1.60820007 0.41680574 2.3841858e-07 -1.55553818 0 -0.37236094 -2.044994354
		 0 -0.418185 -2.075870514 0 -0.47223377 -2.086719513 0 -0.041368723 -1.71114731 0 -0.010746479 -1.66493225
		 0 2.3841858e-07 -1.6104126 -0.529284 -0.37236118 -1.97531509 -0.53727531 -0.418185 -2.0051383972
		 -0.54008341 -0.47223377 -2.015617371 -0.44287682 -0.041368484 -1.65283966 -0.43091631 -0.010746479 -1.60820007
		 -0.41680527 2.3841858e-07 -1.55553818 -1.022497177 -0.37236118 -1.77101898 -1.037935734 -0.418185 -1.7977562
		 -1.043360233 -0.47223377 -1.80715179 -0.85557318 -0.041368484 -1.48189545 -0.83246517 -0.010746479 -1.44187546
		 -0.80520535 2.3841858e-07 -1.39466095 -1.44602966 -0.37236118 -1.44602966 -1.46786404 -0.418185 -1.46786499
		 -1.47553492 -0.47223377 -1.47553253 -1.20996475 -0.041368484 -1.20996475 -1.17728519 -0.010746479 -1.17728043
		 -1.13873434 2.3841858e-07 -1.1387291 -1.77101803 -0.37236118 -1.022499084 -1.7977581 -0.418185 -1.037937164
		 -1.80715322 -0.47223377 -1.043361664 -1.48189592 -0.041368723 -0.85557556 -1.44187307 -0.010746479 -0.83246994
		 -1.39465761 2.3841858e-07 -0.8052063 -1.97531366 -0.37236118 -0.52928543 -2.0051393509 -0.418185 -0.53727722
		 -2.015618324 -0.47223377 -0.54008484 -1.65284109 -0.041368484 -0.44287872 -1.60820055 -0.010746479 -0.43091583
		 -1.55553865 2.3841858e-07 -0.4168129 -2.044996738 -0.37236118 0 -2.075873375 -0.418185 0
		 -2.086722374 -0.47223377 0 -1.71114683 -0.041368484 0 -1.66493225 -0.010746479 0
		 -1.61041307 2.3841858e-07 0 -1.97531366 -0.37236118 0.52928543 -2.0051393509 -0.418185 0.53727722
		 -2.015618324 -0.47223377 0.54008484 -1.65284109 -0.041368484 0.44287491 -1.60820055 -0.010746479 0.43091583
		 -1.55553865 2.3841858e-07 0.41680527 -1.77101803 -0.37236094 1.022499084 -1.7977581 -0.418185 1.037937164
		 -1.80715322 -0.47223377 1.043361664 -1.48189688 -0.041368723 0.85557556 -1.44187355 -0.010746479 0.83246994
		 -1.39465761 2.3841858e-07 0.8052063 -1.44602966 -0.37236118 1.44602966 -1.46786404 -0.418185 1.46786499
		 -1.47553492 -0.47223377 1.47553253 -1.20996475 -0.041368484 1.20995712 -1.17728519 -0.010746479 1.17728043
		 -1.13873434 2.3841858e-07 1.1387291 -1.022498131 -0.37236118 1.77101898 -1.037936687 -0.418185 1.7977562
		 -1.043361187 -0.47223377 1.80715179 -0.85557365 -0.041368484 1.48189545 -0.83246613 -0.010746479 1.44187546
		 -0.8052063 2.3841858e-07 1.39466095 -0.529284 -0.37236118 1.97531509 -0.53727531 -0.418185 2.0051383972
		 -0.54008341 -0.47223377 2.015617371 -0.44287682 -0.041368484 1.65283966 -0.43091631 -0.010746479 1.60820007
		 -0.41680527 2.3841858e-07 1.55553818 0 -0.37236094 2.044994354 0 -0.418185 2.075870514
		 0 -0.47223377 2.086719513 0 -0.041368723 1.71114731 0 -0.010746479 1.66493225 0 2.3841858e-07 1.6104126
		 0.529284 -0.37236118 1.97531509 0.53727531 -0.418185 2.0051383972 0.54008341 -0.47223377 2.015617371
		 0.44287777 -0.041368484 1.65283966 0.43091583 -0.010746479 1.60820007 0.41680574 2.3841858e-07 1.55553818
		 1.022497654 -0.37236094 1.77101898 1.037935734 -0.418185 1.7977562 1.043360233 -0.47223377 1.80715179
		 0.85557318 -0.041368723 1.48189545 0.83246565 -0.010746717 1.44187546 0.80520678 2.3841858e-07 1.39466095
		 1.44603109 -0.37236118 1.44602966 1.46786356 -0.418185 1.46786499 1.47553492 -0.47223377 1.47553253
		 1.20996428 -0.041368484 1.20995712 1.17728567 -0.010746479 1.17728043 1.13873529 2.3841858e-07 1.1387291
		 1.77101946 -0.37236094 1.022499084 1.79775953 -0.418185 1.037937164 1.80715418 -0.47223377 1.043361664
		 1.48189878 -0.041368723 0.85557556 1.44187498 -0.010746479 0.83246994 1.39465952 2.3841858e-07 0.8052063
		 1.97531462 -0.37236118 0.52928543 2.0051398277 -0.418185 0.53727722;
	setAttr ".vt[166:169]" 2.015618801 -0.47223377 0.54008484 1.65284109 -0.041368484 0.44287491
		 1.60820055 -0.010746479 0.43091583 1.55553961 2.3841858e-07 0.41680527;
	setAttr -s 360 ".ed";
	setAttr ".ed[0:165]"  0 1 0 1 2 0 2 3 0 3 4 0 4 5 0 5 6 0 6 7 0 7 8 0 8 9 0
		 9 10 0 10 11 0 11 12 0 12 13 0 13 14 0 14 15 0 15 16 0 16 17 0 17 18 0 18 19 0 19 20 0
		 20 21 0 21 22 0 22 23 0 23 0 0 24 0 1 24 1 1 24 2 1 24 3 1 24 4 1 24 5 1 24 6 1 24 7 1
		 24 8 1 24 9 1 24 10 1 24 11 1 24 12 1 24 13 1 24 14 1 24 15 1 24 16 1 24 17 1 24 18 1
		 24 19 1 24 20 1 24 21 1 24 22 1 24 23 1 30 29 1 29 26 1 28 31 1 31 30 1 28 27 1 43 28 1
		 27 26 1 26 41 1 168 167 1 167 29 1 31 169 1 169 168 1 39 38 1 38 32 1 34 40 1 40 39 1
		 34 33 1 37 34 1 33 32 1 32 35 1 37 36 1 166 37 1 36 35 1 35 164 1 45 44 1 44 38 1
		 40 46 1 46 45 1 43 42 1 49 43 1 42 41 1 41 47 1 51 50 1 50 44 1 46 52 1 52 51 1 49 48 1
		 55 49 1 48 47 1 47 53 1 57 56 1 56 50 1 52 58 1 58 57 1 55 54 1 61 55 1 54 53 1 53 59 1
		 63 62 1 62 56 1 58 64 1 64 63 1 61 60 1 67 61 1 60 59 1 59 65 1 69 68 1 68 62 1 64 70 1
		 70 69 1 67 66 1 73 67 1 66 65 1 65 71 1 75 74 1 74 68 1 70 76 1 76 75 1 73 72 1 79 73 1
		 72 71 1 71 77 1 81 80 1 80 74 1 76 82 1 82 81 1 79 78 1 85 79 1 78 77 1 77 83 1 87 86 1
		 86 80 1 82 88 1 88 87 1 85 84 1 91 85 1 84 83 1 83 89 1 93 92 1 92 86 1 88 94 1 94 93 1
		 91 90 1 97 91 1 90 89 1 89 95 1 99 98 1 98 92 1 94 100 1 100 99 1 97 96 1 103 97 1
		 96 95 1 95 101 1 105 104 1 104 98 1 100 106 1 106 105 1 103 102 1 109 103 1 102 101 1
		 101 107 1 111 110 1 110 104 1 106 112 1 112 111 1 109 108 1 115 109 1;
	setAttr ".ed[166:331]" 108 107 1 107 113 1 117 116 1 116 110 1 112 118 1 118 117 1
		 115 114 1 121 115 1 114 113 1 113 119 1 123 122 1 122 116 1 118 124 1 124 123 1 121 120 1
		 127 121 1 120 119 1 119 125 1 129 128 1 128 122 1 124 130 1 130 129 1 127 126 1 133 127 1
		 126 125 1 125 131 1 135 134 1 134 128 1 130 136 1 136 135 1 133 132 1 139 133 1 132 131 1
		 131 137 1 141 140 1 140 134 1 136 142 1 142 141 1 139 138 1 145 139 1 138 137 1 137 143 1
		 147 146 1 146 140 1 142 148 1 148 147 1 145 144 1 151 145 1 144 143 1 143 149 1 153 152 1
		 152 146 1 148 154 1 154 153 1 151 150 1 157 151 1 150 149 1 149 155 1 159 158 1 158 152 1
		 154 160 1 160 159 1 157 156 1 163 157 1 156 155 1 155 161 1 165 164 1 164 158 1 160 166 1
		 166 165 1 163 162 1 169 163 1 162 161 1 161 167 1 32 26 1 29 35 1 38 41 1 44 47 1
		 50 53 1 56 59 1 62 65 1 68 71 1 74 77 1 80 83 1 86 89 1 92 95 1 98 101 1 104 107 1
		 110 113 1 116 119 1 122 125 1 128 131 1 134 137 1 140 143 1 146 149 1 152 155 1 158 161 1
		 164 167 1 1 40 1 34 0 1 2 46 1 3 52 1 4 58 1 5 64 1 6 70 1 7 76 1 8 82 1 9 88 1 10 94 1
		 11 100 1 12 106 1 13 112 1 14 118 1 15 124 1 16 130 1 17 136 1 18 142 1 19 148 1
		 20 154 1 21 160 1 22 166 1 23 37 1 43 25 1 25 28 1 49 25 1 55 25 1 61 25 1 67 25 1
		 73 25 1 79 25 1 85 25 1 91 25 1 97 25 1 103 25 1 109 25 1 115 25 1 121 25 1 127 25 1
		 133 25 1 139 25 1 145 25 1 151 25 1 157 25 1 163 25 1 169 25 1 31 25 1 27 30 1 30 168 1
		 33 39 1 33 36 1 39 45 1 27 42 1 45 51 1 42 48 1 51 57 1 48 54 1 57 63 1 54 60 1 63 69 1
		 60 66 1 69 75 1 66 72 1 75 81 1 72 78 1 81 87 1 78 84 1;
	setAttr ".ed[332:359]" 87 93 1 84 90 1 93 99 1 90 96 1 99 105 1 96 102 1 105 111 1
		 102 108 1 111 117 1 108 114 1 117 123 1 114 120 1 123 129 1 120 126 1 129 135 1 126 132 1
		 135 141 1 132 138 1 141 147 1 138 144 1 147 153 1 144 150 1 153 159 1 150 156 1 159 165 1
		 156 162 1 36 165 1 162 168 1;
	setAttr -s 192 -ch 720 ".fc[0:191]" -type "polyFaces" 
		f 3 -1 -25 25
		mu 0 3 1 0 24
		f 3 -2 -26 26
		mu 0 3 2 1 24
		f 3 -3 -27 27
		mu 0 3 3 2 24
		f 3 -4 -28 28
		mu 0 3 4 3 24
		f 3 -5 -29 29
		mu 0 3 5 4 24
		f 3 -6 -30 30
		mu 0 3 6 5 24
		f 3 -7 -31 31
		mu 0 3 7 6 24
		f 3 -8 -32 32
		mu 0 3 8 7 24
		f 3 -9 -33 33
		mu 0 3 9 8 24
		f 3 -10 -34 34
		mu 0 3 10 9 24
		f 3 -11 -35 35
		mu 0 3 11 10 24
		f 3 -12 -36 36
		mu 0 3 12 11 24
		f 3 -13 -37 37
		mu 0 3 13 12 24
		f 3 -14 -38 38
		mu 0 3 14 13 24
		f 3 -15 -39 39
		mu 0 3 15 14 24
		f 3 -16 -40 40
		mu 0 3 16 15 24
		f 3 -17 -41 41
		mu 0 3 17 16 24
		f 3 -18 -42 42
		mu 0 3 18 17 24
		f 3 -19 -43 43
		mu 0 3 19 18 24
		f 3 -20 -44 44
		mu 0 3 20 19 24
		f 3 -21 -45 45
		mu 0 3 21 20 24
		f 3 -22 -46 46
		mu 0 3 22 21 24
		f 3 -23 -47 47
		mu 0 3 23 22 24
		f 3 -24 -48 24
		mu 0 3 0 23 24
		f 4 240 -50 241 -68
		mu 0 4 25 147 26 151
		f 4 -241 -62 242 -56
		mu 0 4 27 149 28 153
		f 4 -243 -74 243 -80
		mu 0 4 29 152 30 155
		f 4 -244 -82 244 -88
		mu 0 4 31 154 32 157
		f 4 -245 -90 245 -96
		mu 0 4 33 156 34 159
		f 4 -246 -98 246 -104
		mu 0 4 35 158 36 161
		f 4 -247 -106 247 -112
		mu 0 4 37 160 38 163
		f 4 -248 -114 248 -120
		mu 0 4 39 162 40 165
		f 4 -249 -122 249 -128
		mu 0 4 41 164 42 167
		f 4 -250 -130 250 -136
		mu 0 4 43 166 44 169
		f 4 -251 -138 251 -144
		mu 0 4 45 168 46 171
		f 4 -252 -146 252 -152
		mu 0 4 47 170 48 173
		f 4 -253 -154 253 -160
		mu 0 4 49 172 50 175
		f 4 -254 -162 254 -168
		mu 0 4 51 174 52 177
		f 4 -255 -170 255 -176
		mu 0 4 53 176 54 179
		f 4 -256 -178 256 -184
		mu 0 4 55 178 56 181
		f 4 -257 -186 257 -192
		mu 0 4 57 180 58 183
		f 4 -258 -194 258 -200
		mu 0 4 59 182 60 185
		f 4 -259 -202 259 -208
		mu 0 4 61 184 62 187
		f 4 -260 -210 260 -216
		mu 0 4 63 186 64 189
		f 4 -261 -218 261 -224
		mu 0 4 65 188 66 191
		f 4 -262 -226 262 -232
		mu 0 4 67 190 68 193
		f 4 -263 -234 263 -240
		mu 0 4 69 192 70 195
		f 4 -264 -72 -242 -58
		mu 0 4 71 194 72 148
		f 4 0 264 -63 265
		mu 0 4 73 74 77 75
		f 4 1 266 -75 -265
		mu 0 4 74 76 79 77
		f 4 2 267 -83 -267
		mu 0 4 76 78 81 79
		f 4 3 268 -91 -268
		mu 0 4 78 80 83 81
		f 4 4 269 -99 -269
		mu 0 4 80 82 85 83
		f 4 5 270 -107 -270
		mu 0 4 82 84 87 85
		f 4 6 271 -115 -271
		mu 0 4 84 86 89 87
		f 4 7 272 -123 -272
		mu 0 4 86 88 91 89
		f 4 8 273 -131 -273
		mu 0 4 88 90 93 91
		f 4 9 274 -139 -274
		mu 0 4 90 92 95 93
		f 4 10 275 -147 -275
		mu 0 4 92 94 97 95
		f 4 11 276 -155 -276
		mu 0 4 94 96 99 97
		f 4 12 277 -163 -277
		mu 0 4 96 98 101 99
		f 4 13 278 -171 -278
		mu 0 4 98 100 103 101
		f 4 14 279 -179 -279
		mu 0 4 100 102 105 103
		f 4 15 280 -187 -280
		mu 0 4 102 104 107 105
		f 4 16 281 -195 -281
		mu 0 4 104 106 109 107
		f 4 17 282 -203 -282
		mu 0 4 106 108 111 109
		f 4 18 283 -211 -283
		mu 0 4 108 110 113 111
		f 4 19 284 -219 -284
		mu 0 4 110 112 115 113
		f 4 20 285 -227 -285
		mu 0 4 112 114 117 115
		f 4 21 286 -235 -286
		mu 0 4 114 116 119 117
		f 4 22 287 -70 -287
		mu 0 4 116 118 121 119
		f 4 23 -266 -66 -288
		mu 0 4 118 120 150 121
		f 3 -54 288 289
		mu 0 3 145 122 146
		f 3 -78 290 -289
		mu 0 3 122 123 146
		f 3 -86 291 -291
		mu 0 3 123 124 146
		f 3 -94 292 -292
		mu 0 3 124 125 146
		f 3 -102 293 -293
		mu 0 3 125 126 146
		f 3 -110 294 -294
		mu 0 3 126 127 146
		f 3 -118 295 -295
		mu 0 3 127 128 146
		f 3 -126 296 -296
		mu 0 3 128 129 146
		f 3 -134 297 -297
		mu 0 3 129 130 146
		f 3 -142 298 -298
		mu 0 3 130 131 146
		f 3 -150 299 -299
		mu 0 3 131 132 146
		f 3 -158 300 -300
		mu 0 3 132 133 146
		f 3 -166 301 -301
		mu 0 3 133 134 146
		f 3 -174 302 -302
		mu 0 3 134 135 146
		f 3 -182 303 -303
		mu 0 3 135 136 146
		f 3 -190 304 -304
		mu 0 3 136 137 146
		f 3 -198 305 -305
		mu 0 3 137 138 146
		f 3 -206 306 -306
		mu 0 3 138 139 146
		f 3 -214 307 -307
		mu 0 3 139 140 146
		f 3 -222 308 -308
		mu 0 3 140 141 146
		f 3 -230 309 -309
		mu 0 3 141 142 146
		f 3 -238 310 -310
		mu 0 3 142 143 146
		f 3 -59 311 -311
		mu 0 3 143 144 146
		f 3 -51 -290 -312
		mu 0 3 144 145 146
		f 4 -55 312 48 49
		mu 0 4 147 198 201 26
		f 4 -53 50 51 -313
		mu 0 4 197 145 144 199
		f 4 -49 313 56 57
		mu 0 4 148 200 292 71
		f 4 -52 58 59 -314
		mu 0 4 199 144 143 290
		f 4 -67 314 60 61
		mu 0 4 149 203 205 28
		f 4 -65 62 63 -315
		mu 0 4 203 75 77 205
		f 4 64 315 -69 65
		mu 0 4 150 202 204 121
		f 4 66 67 -71 -316
		mu 0 4 202 25 151 204
		f 4 -61 316 72 73
		mu 0 4 152 205 209 30
		f 4 -64 74 75 -317
		mu 0 4 205 77 79 209
		f 4 52 317 -77 53
		mu 0 4 145 197 207 122
		f 4 54 55 -79 -318
		mu 0 4 196 27 153 208
		f 4 -73 318 80 81
		mu 0 4 154 209 213 32
		f 4 -76 82 83 -319
		mu 0 4 209 79 81 213
		f 4 76 319 -85 77
		mu 0 4 122 207 211 123
		f 4 78 79 -87 -320
		mu 0 4 206 29 155 212
		f 4 -81 320 88 89
		mu 0 4 156 213 217 34
		f 4 -84 90 91 -321
		mu 0 4 213 81 83 217
		f 4 84 321 -93 85
		mu 0 4 123 211 215 124
		f 4 86 87 -95 -322
		mu 0 4 210 31 157 216
		f 4 -89 322 96 97
		mu 0 4 158 217 221 36
		f 4 -92 98 99 -323
		mu 0 4 217 83 85 221
		f 4 92 323 -101 93
		mu 0 4 124 215 219 125
		f 4 94 95 -103 -324
		mu 0 4 214 33 159 220
		f 4 -97 324 104 105
		mu 0 4 160 221 225 38
		f 4 -100 106 107 -325
		mu 0 4 221 85 87 225
		f 4 100 325 -109 101
		mu 0 4 125 219 223 126
		f 4 102 103 -111 -326
		mu 0 4 218 35 161 224
		f 4 -105 326 112 113
		mu 0 4 162 225 229 40
		f 4 -108 114 115 -327
		mu 0 4 225 87 89 229
		f 4 108 327 -117 109
		mu 0 4 126 223 227 127
		f 4 110 111 -119 -328
		mu 0 4 222 37 163 228
		f 4 -113 328 120 121
		mu 0 4 164 229 233 42
		f 4 -116 122 123 -329
		mu 0 4 229 89 91 233
		f 4 116 329 -125 117
		mu 0 4 127 227 231 128
		f 4 118 119 -127 -330
		mu 0 4 226 39 165 232
		f 4 -121 330 128 129
		mu 0 4 166 233 237 44
		f 4 -124 130 131 -331
		mu 0 4 233 91 93 237
		f 4 124 331 -133 125
		mu 0 4 128 231 235 129
		f 4 126 127 -135 -332
		mu 0 4 230 41 167 236
		f 4 -129 332 136 137
		mu 0 4 168 237 241 46
		f 4 -132 138 139 -333
		mu 0 4 237 93 95 241
		f 4 132 333 -141 133
		mu 0 4 129 235 239 130
		f 4 134 135 -143 -334
		mu 0 4 234 43 169 240
		f 4 -137 334 144 145
		mu 0 4 170 241 245 48
		f 4 -140 146 147 -335
		mu 0 4 241 95 97 245
		f 4 140 335 -149 141
		mu 0 4 130 239 243 131
		f 4 142 143 -151 -336
		mu 0 4 238 45 171 244
		f 4 -145 336 152 153
		mu 0 4 172 245 249 50
		f 4 -148 154 155 -337
		mu 0 4 245 97 99 249
		f 4 148 337 -157 149
		mu 0 4 131 243 247 132
		f 4 150 151 -159 -338
		mu 0 4 242 47 173 248
		f 4 -153 338 160 161
		mu 0 4 174 249 253 52
		f 4 -156 162 163 -339
		mu 0 4 249 99 101 253
		f 4 156 339 -165 157
		mu 0 4 132 247 251 133
		f 4 158 159 -167 -340
		mu 0 4 246 49 175 252
		f 4 -161 340 168 169
		mu 0 4 176 253 257 54
		f 4 -164 170 171 -341
		mu 0 4 253 101 103 257
		f 4 164 341 -173 165
		mu 0 4 133 251 255 134
		f 4 166 167 -175 -342
		mu 0 4 250 51 177 256
		f 4 -169 342 176 177
		mu 0 4 178 257 261 56
		f 4 -172 178 179 -343
		mu 0 4 257 103 105 261
		f 4 172 343 -181 173
		mu 0 4 134 255 259 135
		f 4 174 175 -183 -344
		mu 0 4 254 53 179 260
		f 4 -177 344 184 185
		mu 0 4 180 261 265 58
		f 4 -180 186 187 -345
		mu 0 4 261 105 107 265
		f 4 180 345 -189 181
		mu 0 4 135 259 263 136
		f 4 182 183 -191 -346
		mu 0 4 258 55 181 264
		f 4 -185 346 192 193
		mu 0 4 182 265 269 60
		f 4 -188 194 195 -347
		mu 0 4 265 107 109 269
		f 4 188 347 -197 189
		mu 0 4 136 263 267 137
		f 4 190 191 -199 -348
		mu 0 4 262 57 183 268
		f 4 -193 348 200 201
		mu 0 4 184 269 273 62
		f 4 -196 202 203 -349
		mu 0 4 269 109 111 273
		f 4 196 349 -205 197
		mu 0 4 137 267 271 138
		f 4 198 199 -207 -350
		mu 0 4 266 59 185 272
		f 4 -201 350 208 209
		mu 0 4 186 273 277 64
		f 4 -204 210 211 -351
		mu 0 4 273 111 113 277
		f 4 204 351 -213 205
		mu 0 4 138 271 275 139
		f 4 206 207 -215 -352
		mu 0 4 270 61 187 276
		f 4 -209 352 216 217
		mu 0 4 188 277 281 66
		f 4 -212 218 219 -353
		mu 0 4 277 113 115 281
		f 4 212 353 -221 213
		mu 0 4 139 275 279 140
		f 4 214 215 -223 -354
		mu 0 4 274 63 189 280
		f 4 -217 354 224 225
		mu 0 4 190 281 285 68
		f 4 -220 226 227 -355
		mu 0 4 281 115 117 285
		f 4 220 355 -229 221
		mu 0 4 140 279 283 141
		f 4 222 223 -231 -356
		mu 0 4 278 65 191 284
		f 4 -225 356 232 233
		mu 0 4 192 285 289 70
		f 4 -228 234 235 -357
		mu 0 4 285 117 119 289
		f 4 228 357 -237 229
		mu 0 4 141 283 287 142
		f 4 230 231 -239 -358
		mu 0 4 282 67 193 288
		f 4 68 358 -236 69
		mu 0 4 121 204 289 119
		f 4 70 71 -233 -359
		mu 0 4 204 72 194 289
		f 4 236 359 -60 237
		mu 0 4 142 287 290 143
		f 4 238 239 -57 -360
		mu 0 4 286 69 195 291;
	setAttr ".cd" -type "dataPolyComponent" Index_Data Edge 0 ;
	setAttr ".cvd" -type "dataPolyComponent" Index_Data Vertex 0 ;
	setAttr ".pd[0]" -type "dataPolyComponent" Index_Data UV 0 ;
	setAttr ".hfd" -type "dataPolyComponent" Index_Data Face 0 ;
createNode mesh -n "polySurfaceShape3" -p "pCylinder13";
	rename -uid "E5B53D0D-49A4-69B4-7799-B28595C2D54C";
	setAttr -k off ".v";
	setAttr ".io" yes;
	setAttr -s 4 ".iog";
	setAttr ".vir" yes;
	setAttr ".vif" yes;
	setAttr ".pv" -type "double2" 0.50000002980232239 0.84375 ;
	setAttr ".uvst[0].uvsn" -type "string" "map1";
	setAttr -s 100 ".uvst[0].uvsp[0:99]" -type "float2" 0.65092582 0.11580956
		 0.63531637 0.07812506 0.61048537 0.04576464 0.578125 0.020933613 0.54044044 0.0053241849
		 0.5 8.9406967e-08 0.45955956 0.0053241551 0.42187506 0.020933583 0.38951463 0.045764595
		 0.36468357 0.078125015 0.34907413 0.11580953 0.34375006 0.15625 0.34907413 0.19669044
		 0.36468357 0.23437497 0.3895146 0.2667354 0.421875 0.29156643 0.45955953 0.30717587
		 0.5 0.31249997 0.54044044 0.30717587 0.578125 0.29156646 0.61048543 0.26673543 0.63531649
		 0.234375 0.65092587 0.19669047 0.65625 0.15625 0.375 0.3125 0.38541666 0.3125 0.39583331
		 0.3125 0.40624997 0.3125 0.41666663 0.3125 0.42708328 0.3125 0.43749994 0.3125 0.4479166
		 0.3125 0.45833325 0.3125 0.46874991 0.3125 0.47916657 0.3125 0.48958322 0.3125 0.49999988
		 0.3125 0.51041657 0.3125 0.52083325 0.3125 0.53124994 0.3125 0.54166663 0.3125 0.55208331
		 0.3125 0.5625 0.3125 0.57291669 0.3125 0.58333337 0.3125 0.59375006 0.3125 0.60416675
		 0.3125 0.61458343 0.3125 0.62500012 0.3125 0.375 0.6875 0.38541666 0.6875 0.39583331
		 0.6875 0.40624997 0.6875 0.41666663 0.6875 0.42708328 0.6875 0.43749994 0.6875 0.4479166
		 0.6875 0.45833325 0.6875 0.46874991 0.6875 0.47916657 0.6875 0.48958322 0.6875 0.49999988
		 0.6875 0.51041657 0.6875 0.52083325 0.6875 0.53124994 0.6875 0.54166663 0.6875 0.55208331
		 0.6875 0.5625 0.6875 0.57291669 0.6875 0.58333337 0.6875 0.59375006 0.6875 0.60416675
		 0.6875 0.61458343 0.6875 0.62500012 0.6875 0.65092582 0.80330956 0.63531637 0.76562506
		 0.61048537 0.73326463 0.578125 0.70843363 0.54044044 0.69282418 0.5 0.68750012 0.45955956
		 0.69282413 0.42187506 0.70843357 0.38951463 0.73326457 0.36468357 0.765625 0.34907413
		 0.80330956 0.34375006 0.84375 0.34907413 0.88419044 0.36468357 0.921875 0.3895146
		 0.95423543 0.421875 0.97906643 0.45955953 0.99467587 0.5 1 0.54044044 0.99467587
		 0.578125 0.97906649 0.61048543 0.95423543 0.63531649 0.921875 0.65092587 0.88419044
		 0.65625 0.84375 0.5 0.15625 0.5 0.84375;
	setAttr ".cuvs" -type "string" "map1";
	setAttr ".dcc" -type "string" "Ambient+Diffuse";
	setAttr ".covm[0]"  0 1 1;
	setAttr ".cdvm[0]"  0 1 1;
	setAttr -s 50 ".pt[0:49]" -type "float3"  1.049692 -1.0867225 -0.28126439 
		0.94112843 -1.0867225 -0.54336035 0.7684285 -1.0867225 -0.76842856 0.54336041 -1.0867225 
		-0.94112855 0.28126425 -1.0867225 -1.0496929 -3.2386854e-08 -1.0867225 -1.0867207 
		-0.28126436 -1.0867225 -1.0496929 -0.54336035 -1.0867225 -0.94112867 -0.76842862 
		-1.0867225 -0.76842868 -0.94112867 -1.0867225 -0.54336131 -1.049693 -1.0867225 -0.28126448 
		-1.0867225 -1.0867225 -2.5909483e-07 -1.049693 -1.0867225 0.28126419 -0.94112867 
		-1.0867225 0.54336047 -0.76842868 -1.0867225 0.76842856 -0.54336131 -1.0867225 0.94112855 
		-0.28126448 -1.0867225 1.0496929 -1.94321e-07 -1.0867225 1.0867207 0.28126425 -1.0867225 
		1.0496929 0.54336029 -1.0867225 0.94112855 0.76842856 -1.0867225 0.76842862 0.94112867 
		-1.0867225 0.54336035 1.0496929 -1.0867225 0.28126425 1.0867225 -1.0867225 -1.94321e-07 
		1.049692 -0.99999976 -0.28126439 0.94112843 -0.99999976 -0.54336035 0.7684285 -0.99999976 
		-0.76842856 0.54336041 -0.99999976 -0.94112855 0.28126425 -0.99999976 -1.0496929 
		-3.2386854e-08 -0.99999976 -1.0867207 -0.28126436 -0.99999976 -1.0496929 -0.54336035 
		-0.99999976 -0.94112867 -0.76842862 -0.99999976 -0.76842868 -0.94112867 -0.99999976 
		-0.54336131 -1.049693 -0.99999976 -0.28126448 -1.0867225 -0.99999976 -2.5909483e-07 
		-1.049693 -0.99999976 0.28126419 -0.94112867 -0.99999976 0.54336047 -0.76842868 -0.99999976 
		0.76842856 -0.54336131 -0.99999976 0.94112855 -0.28126448 -0.99999976 1.0496929 -1.94321e-07 
		-0.99999976 1.0867207 0.28126425 -0.99999976 1.0496929 0.54336029 -0.99999976 0.94112855 
		0.76842856 -0.99999976 0.76842862 0.94112867 -0.99999976 0.54336035 1.0496929 -0.99999976 
		0.28126425 1.0867225 -0.99999976 -1.94321e-07 -1.6193425e-07 -1.0867225 -1.94321e-07 
		-1.6193425e-07 -0.99999976 -1.94321e-07;
	setAttr -s 50 ".vt[0:49]"  0.96592534 -1 -0.25881881 0.86602497 -1 -0.49999964
		 0.70710647 -1 -0.70710629 0.49999982 -1 -0.86602485 0.25881901 -1 -0.96592522 1.1920929e-07 -1 -0.99999946
		 -0.25881881 -1 -0.9659254 -0.4999997 -1 -0.86602509 -0.70710647 -1 -0.70710659 -0.86602509 -1 -0.49999988
		 -0.96592551 -1 -0.25881901 -0.9999997 -1 -5.9604645e-08 -0.96592557 -1 0.25881892
		 -0.86602521 -1 0.49999982 -0.70710665 -1 0.70710659 -0.49999994 -1 0.86602521 -0.25881901 -1 0.96592563
		 -2.9802322e-08 -1 0.99999982 0.25881898 -1 0.96592569 0.49999991 -1 0.86602533 0.70710671 -1 0.70710677
		 0.86602539 -1 0.5 0.96592581 -1 0.25881904 1 -1 0 0.96592534 1 -0.25881881 0.86602497 1 -0.49999964
		 0.70710647 1 -0.70710629 0.49999982 1 -0.86602485 0.25881901 1 -0.96592522 1.1920929e-07 1 -0.99999946
		 -0.25881881 1 -0.9659254 -0.4999997 1 -0.86602509 -0.70710647 1 -0.70710659 -0.86602509 1 -0.49999988
		 -0.96592551 1 -0.25881901 -0.9999997 1 -5.9604645e-08 -0.96592557 1 0.25881892 -0.86602521 1 0.49999982
		 -0.70710665 1 0.70710659 -0.49999994 1 0.86602521 -0.25881901 1 0.96592563 -2.9802322e-08 1 0.99999982
		 0.25881898 1 0.96592569 0.49999991 1 0.86602533 0.70710671 1 0.70710677 0.86602539 1 0.5
		 0.96592581 1 0.25881904 1 1 0 0 -1 0 0 1 0;
	setAttr -s 120 ".ed[0:119]"  0 1 0 1 2 0 2 3 0 3 4 0 4 5 0 5 6 0 6 7 0
		 7 8 0 8 9 0 9 10 0 10 11 0 11 12 0 12 13 0 13 14 0 14 15 0 15 16 0 16 17 0 17 18 0
		 18 19 0 19 20 0 20 21 0 21 22 0 22 23 0 23 0 0 24 25 0 25 26 0 26 27 0 27 28 0 28 29 0
		 29 30 0 30 31 0 31 32 0 32 33 0 33 34 0 34 35 0 35 36 0 36 37 0 37 38 0 38 39 0 39 40 0
		 40 41 0 41 42 0 42 43 0 43 44 0 44 45 0 45 46 0 46 47 0 47 24 0 0 24 1 1 25 1 2 26 1
		 3 27 1 4 28 1 5 29 1 6 30 1 7 31 1 8 32 1 9 33 1 10 34 1 11 35 1 12 36 1 13 37 1
		 14 38 1 15 39 1 16 40 1 17 41 1 18 42 1 19 43 1 20 44 1 21 45 1 22 46 1 23 47 1 48 0 1
		 48 1 1 48 2 1 48 3 1 48 4 1 48 5 1 48 6 1 48 7 1 48 8 1 48 9 1 48 10 1 48 11 1 48 12 1
		 48 13 1 48 14 1 48 15 1 48 16 1 48 17 1 48 18 1 48 19 1 48 20 1 48 21 1 48 22 1 48 23 1
		 24 49 1 25 49 1 26 49 1 27 49 1 28 49 1 29 49 1 30 49 1 31 49 1 32 49 1 33 49 1 34 49 1
		 35 49 1 36 49 1 37 49 1 38 49 1 39 49 1 40 49 1 41 49 1 42 49 1 43 49 1 44 49 1 45 49 1
		 46 49 1 47 49 1;
	setAttr -s 72 -ch 240 ".fc[0:71]" -type "polyFaces" 
		f 4 0 49 -25 -49
		mu 0 4 24 25 50 49
		f 4 1 50 -26 -50
		mu 0 4 25 26 51 50
		f 4 2 51 -27 -51
		mu 0 4 26 27 52 51
		f 4 3 52 -28 -52
		mu 0 4 27 28 53 52
		f 4 4 53 -29 -53
		mu 0 4 28 29 54 53
		f 4 5 54 -30 -54
		mu 0 4 29 30 55 54
		f 4 6 55 -31 -55
		mu 0 4 30 31 56 55
		f 4 7 56 -32 -56
		mu 0 4 31 32 57 56
		f 4 8 57 -33 -57
		mu 0 4 32 33 58 57
		f 4 9 58 -34 -58
		mu 0 4 33 34 59 58
		f 4 10 59 -35 -59
		mu 0 4 34 35 60 59
		f 4 11 60 -36 -60
		mu 0 4 35 36 61 60
		f 4 12 61 -37 -61
		mu 0 4 36 37 62 61
		f 4 13 62 -38 -62
		mu 0 4 37 38 63 62
		f 4 14 63 -39 -63
		mu 0 4 38 39 64 63
		f 4 15 64 -40 -64
		mu 0 4 39 40 65 64
		f 4 16 65 -41 -65
		mu 0 4 40 41 66 65
		f 4 17 66 -42 -66
		mu 0 4 41 42 67 66
		f 4 18 67 -43 -67
		mu 0 4 42 43 68 67
		f 4 19 68 -44 -68
		mu 0 4 43 44 69 68
		f 4 20 69 -45 -69
		mu 0 4 44 45 70 69
		f 4 21 70 -46 -70
		mu 0 4 45 46 71 70
		f 4 22 71 -47 -71
		mu 0 4 46 47 72 71
		f 4 23 48 -48 -72
		mu 0 4 47 48 73 72
		f 3 -1 -73 73
		mu 0 3 1 0 98
		f 3 -2 -74 74
		mu 0 3 2 1 98
		f 3 -3 -75 75
		mu 0 3 3 2 98
		f 3 -4 -76 76
		mu 0 3 4 3 98
		f 3 -5 -77 77
		mu 0 3 5 4 98
		f 3 -6 -78 78
		mu 0 3 6 5 98
		f 3 -7 -79 79
		mu 0 3 7 6 98
		f 3 -8 -80 80
		mu 0 3 8 7 98
		f 3 -9 -81 81
		mu 0 3 9 8 98
		f 3 -10 -82 82
		mu 0 3 10 9 98
		f 3 -11 -83 83
		mu 0 3 11 10 98
		f 3 -12 -84 84
		mu 0 3 12 11 98
		f 3 -13 -85 85
		mu 0 3 13 12 98
		f 3 -14 -86 86
		mu 0 3 14 13 98
		f 3 -15 -87 87
		mu 0 3 15 14 98
		f 3 -16 -88 88
		mu 0 3 16 15 98
		f 3 -17 -89 89
		mu 0 3 17 16 98
		f 3 -18 -90 90
		mu 0 3 18 17 98
		f 3 -19 -91 91
		mu 0 3 19 18 98
		f 3 -20 -92 92
		mu 0 3 20 19 98
		f 3 -21 -93 93
		mu 0 3 21 20 98
		f 3 -22 -94 94
		mu 0 3 22 21 98
		f 3 -23 -95 95
		mu 0 3 23 22 98
		f 3 -24 -96 72
		mu 0 3 0 23 98
		f 3 24 97 -97
		mu 0 3 96 95 99
		f 3 25 98 -98
		mu 0 3 95 94 99
		f 3 26 99 -99
		mu 0 3 94 93 99
		f 3 27 100 -100
		mu 0 3 93 92 99
		f 3 28 101 -101
		mu 0 3 92 91 99
		f 3 29 102 -102
		mu 0 3 91 90 99
		f 3 30 103 -103
		mu 0 3 90 89 99
		f 3 31 104 -104
		mu 0 3 89 88 99
		f 3 32 105 -105
		mu 0 3 88 87 99
		f 3 33 106 -106
		mu 0 3 87 86 99
		f 3 34 107 -107
		mu 0 3 86 85 99
		f 3 35 108 -108
		mu 0 3 85 84 99
		f 3 36 109 -109
		mu 0 3 84 83 99
		f 3 37 110 -110
		mu 0 3 83 82 99
		f 3 38 111 -111
		mu 0 3 82 81 99
		f 3 39 112 -112
		mu 0 3 81 80 99
		f 3 40 113 -113
		mu 0 3 80 79 99
		f 3 41 114 -114
		mu 0 3 79 78 99
		f 3 42 115 -115
		mu 0 3 78 77 99
		f 3 43 116 -116
		mu 0 3 77 76 99
		f 3 44 117 -117
		mu 0 3 76 75 99
		f 3 45 118 -118
		mu 0 3 75 74 99
		f 3 46 119 -119
		mu 0 3 74 97 99
		f 3 47 96 -120
		mu 0 3 97 96 99;
	setAttr ".cd" -type "dataPolyComponent" Index_Data Edge 0 ;
	setAttr ".cvd" -type "dataPolyComponent" Index_Data Vertex 0 ;
	setAttr ".pd[0]" -type "dataPolyComponent" Index_Data UV 0 ;
	setAttr ".hfd" -type "dataPolyComponent" Index_Data Face 0 ;
createNode transform -n "pCylinder14";
	rename -uid "74156C7F-4B3E-5B27-EB15-CB9B296A65C8";
	setAttr ".t" -type "double3" 31.864880924753649 7.8814460786783478 88.201364807417619 ;
	setAttr ".s" -type "double3" 3.4398587947757928 3.4398587947757928 3.4398587947757928 ;
	setAttr ".rp" -type "double3" -3.9067308923516536e-16 -1.1194049867594043 9.3935518840942325e-07 ;
	setAttr ".sp" -type "double3" -8.8817841970012523e-16 -0.45879908671611025 3.8500391497109376e-07 ;
	setAttr ".spt" -type "double3" 4.9750533046495987e-16 -0.660605900043294 5.5435127343832949e-07 ;
createNode mesh -n "pCylinderShape14" -p "pCylinder14";
	rename -uid "E9D23A31-4ABA-C283-383D-0AA72B376E6F";
	setAttr -k off ".v";
	setAttr ".vir" yes;
	setAttr ".vif" yes;
	setAttr ".pv" -type "double2" 0.50000002980232239 0.48437674343585968 ;
	setAttr ".uvst[0].uvsn" -type "string" "map1";
	setAttr -s 293 ".uvst[0].uvsp";
	setAttr ".uvst[0].uvsp[0:249]" -type "float2" 0.65092582 0.11580956 0.63531637
		 0.07812506 0.61048537 0.04576464 0.578125 0.020933613 0.54044044 0.0053241849 0.5
		 8.9406967e-08 0.45955956 0.0053241551 0.42187506 0.020933583 0.38951463 0.045764595
		 0.36468357 0.078125015 0.34907413 0.11580953 0.34375006 0.15625 0.34907413 0.19669044
		 0.36468357 0.23437497 0.3895146 0.2667354 0.421875 0.29156643 0.45955953 0.30717587
		 0.5 0.31249997 0.54044044 0.30717587 0.578125 0.29156646 0.61048543 0.26673543 0.63531649
		 0.234375 0.65092587 0.19669047 0.65625 0.15625 0.5 0.15625 0.62489599 0.62058413
		 0.61552089 0.68006563 0.37593746 0.68006575 0.38531247 0.62058383 0.38635406 0.68006581
		 0.39572915 0.620583 0.39677072 0.68006545 0.40614581 0.62058371 0.40718737 0.68006593
		 0.4165625 0.62058377 0.41760406 0.68006587 0.42697912 0.62058389 0.42802069 0.68006575
		 0.43739581 0.62058377 0.43843737 0.68006587 0.44781247 0.62058371 0.44885403 0.68006587
		 0.45822909 0.62058377 0.45927069 0.68006557 0.46864572 0.62058383 0.46968728 0.68006575
		 0.47906238 0.62058383 0.48010394 0.68006575 0.48947906 0.62058389 0.49052063 0.68006575
		 0.49989578 0.62058401 0.50093734 0.68006593 0.51031244 0.62058407 0.51135403 0.68006575
		 0.52072906 0.62058383 0.52177066 0.68006587 0.53114581 0.62058342 0.5321874 0.68006593
		 0.5415625 0.62058377 0.54260409 0.68006587 0.55197918 0.62058389 0.55302072 0.68006575
		 0.56239581 0.62058377 0.56343746 0.68006587 0.5728125 0.62058371 0.57385409 0.68006587
		 0.58322924 0.62058377 0.58427083 0.68006587 0.59364593 0.62058377 0.59468746 0.68006575
		 0.60406256 0.62058383 0.60510421 0.68006581 0.6144793 0.62058389 0.37500003 0.3125
		 0.38541663 0.3125 0.37500003 0.60263586 0.39583328 0.3125 0.38541663 0.60263598 0.40624994
		 0.3125 0.39583331 0.60263515 0.4166666 0.3125 0.40624994 0.60263592 0.42708328 0.3125
		 0.41666663 0.60263598 0.43749994 0.3125 0.42708328 0.60263598 0.4479166 0.3125 0.43749994
		 0.60263598 0.45833325 0.3125 0.44791663 0.60263604 0.46874988 0.3125 0.45833328 0.60263598
		 0.47916654 0.3125 0.46874988 0.60263592 0.48958322 0.3125 0.47916654 0.60263592 0.49999988
		 0.3125 0.48958319 0.60263598 0.51041657 0.3125 0.49999994 0.60263604 0.52083319 0.3125
		 0.51041657 0.60263616 0.53124988 0.3125 0.52083319 0.60263598 0.54166663 0.3125 0.53124994
		 0.60263562 0.55208331 0.3125 0.54166663 0.60263598 0.5625 0.3125 0.55208331 0.60263598
		 0.57291669 0.3125 0.5625 0.60263598 0.58333337 0.3125 0.57291669 0.60263598 0.59375006
		 0.3125 0.58333337 0.60263598 0.60416675 0.3125 0.59375006 0.60263592 0.61458343 0.3125
		 0.60416675 0.60263586 0.62500012 0.3125 0.61458343 0.60263598 0.60442948 0.90404224
		 0.58526629 0.92901629 0.5602926 0.9481799 0.53120971 0.960226 0.49999997 0.96433491
		 0.46879035 0.96022582 0.43970749 0.94817978 0.41473368 0.92901599 0.39557043 0.9040423
		 0.38352403 0.87495983 0.37941527 0.84375 0.38352391 0.81254035 0.39557052 0.7834577
		 0.41473368 0.75848407 0.43970749 0.73932022 0.46879038 0.72727406 0.50000006 0.72316521
		 0.53120965 0.72727412 0.56029248 0.73932022 0.58526647 0.75848407 0.60442942 0.78345782
		 0.61647576 0.81254029 0.62058502 0.84375 0.61647606 0.87495959 0.50000006 0.84375
		 0.62406278 0.68006587 0.61364603 0.68006569 0.37510419 0.62058377 0.62500012 0.60263622
		 0.61468756 0.62058383 0.38552079 0.62058389 0.38447922 0.68006569 0.39593747 0.620583
		 0.39489588 0.68006533 0.4063541 0.62058365 0.40531254 0.68006593 0.41677079 0.62058377
		 0.41572922 0.68006587 0.42718741 0.62058389 0.42614588 0.68006575 0.4376041 0.62058383
		 0.43656251 0.68006587 0.44802076 0.62058401 0.44697922 0.68006575 0.45843744 0.62058407
		 0.45739585 0.68006557 0.46885401 0.62058383 0.46781245 0.68006581 0.47927067 0.62058389
		 0.47822911 0.68006569 0.48968735 0.62058389 0.48864579 0.68006575 0.50010407 0.62058395
		 0.49906239 0.68006581 0.5105207 0.62058407 0.50947922 0.68006581 0.52093738 0.62058377
		 0.51989579 0.68006575 0.53135413 0.62058336 0.53031254 0.68006587 0.54177076 0.62058377
		 0.54072922 0.68006593 0.55218744 0.62058389 0.55114591 0.68006575 0.56260413 0.62058383
		 0.56156254 0.68006581 0.57302082 0.62058389 0.57197922 0.68006581 0.5834375 0.62058389
		 0.58239603 0.68006581 0.59385419 0.62058383 0.59281266 0.68006575 0.60427088 0.62058383
		 0.60322934 0.68006557 0.37604159 0.6875 0.62074393 0.87610322 0.62395865 0.68750006
		 0.62500346 0.84375 0.6135419 0.6875 0.61562502 0.6875 0.62500012 0.61314988 0.37500003
		 0.61314952 0.61458343 0.61314964 0.38541663 0.61314964 0.38645819 0.6875 0.6082561
		 0.90625167 0.3843751 0.68749994 0.39583331 0.61314881 0.39687485 0.6875 0.58839077
		 0.93214077 0.39479172 0.68750006 0.40624994 0.61314958 0.40729153 0.6875 0.56250173
		 0.95200622 0.40520844 0.68750006 0.41666663 0.61314964 0.41770819 0.6875 0.53235328
		 0.96449393 0.4156251 0.6875 0.42708328 0.61314964 0.42812482 0.6875 0.5 0.9687534
		 0.42604175 0.6875 0.43749994 0.61314964 0.4385415 0.6875 0.46764672 0.96449387 0.43645838
		 0.6875 0.44791663 0.6131497 0.44895813 0.6875 0.43749827 0.95200628 0.44687507 0.6875
		 0.45833328 0.61314964 0.45937485 0.6875 0.41160932 0.93214059 0.45729172 0.6875 0.46874988
		 0.61314958 0.46979141 0.6875 0.39174387 0.90625173 0.46770832 0.68750006 0.47916651
		 0.61314958 0.4802081 0.6875 0.37925604 0.87610322 0.47812498 0.68749994 0.48958319
		 0.61314964 0.49062479 0.6875 0.37499681 0.84375 0.48854166 0.6875 0.49999994 0.6131497;
	setAttr ".uvst[0].uvsp[250:292]" 0.50104147 0.6875 0.37925601 0.81139678 0.49895832
		 0.6875 0.51041657 0.61314982 0.51145816 0.6875 0.39174393 0.78124833 0.5093751 0.68750006
		 0.52083319 0.61314964 0.52187479 0.6875 0.41160932 0.75535947 0.51979166 0.68749994
		 0.53124994 0.61314929 0.53229153 0.6875 0.43749833 0.73549384 0.53020841 0.6875 0.54166663
		 0.61314964 0.54270822 0.6875 0.46764681 0.72300613 0.5406251 0.68750006 0.55208331
		 0.61314964 0.55312485 0.6875 0.5 0.71874672 0.55104178 0.6875 0.5625 0.61314964 0.56354159
		 0.6875 0.53235322 0.72300619 0.56145841 0.6875 0.57291669 0.61314964 0.57395822 0.6875
		 0.56250167 0.73549384 0.5718751 0.6875 0.58333337 0.61314964 0.58437496 0.6875 0.58839077
		 0.75535947 0.5822919 0.6875 0.59375006 0.61314958 0.59479159 0.6875 0.6082561 0.78124833
		 0.59270853 0.6875 0.60416675 0.61314958 0.62074375 0.81139666 0.60312521 0.68750006
		 0.60520828 0.6875;
	setAttr ".cuvs" -type "string" "map1";
	setAttr ".dcc" -type "string" "Ambient+Diffuse";
	setAttr ".covm[0]"  0 1 1;
	setAttr ".cdvm[0]"  0 1 1;
	setAttr -s 170 ".pt";
	setAttr ".pt[0:165]" -type "float3"  -0.88633192 0.45879918 0.23749258 -0.79466289 
		0.45879918 0.45879787 -0.64883977 0.45879918 0.64883888 -0.45879903 0.45879918 0.79466254 
		-0.23749201 0.45879918 0.88633132 -1.0484024e-07 0.45879918 0.91759753 0.23749186 
		0.45879918 0.88633132 0.4587988 0.45879918 0.79466254 0.64883959 0.45879918 0.64883888 
		0.79466277 0.45879918 0.45879939 0.88633192 0.45879918 0.23749258 0.91759825 0.45879918 
		0 0.88633192 0.45879918 -0.23749258 0.79466277 0.45879918 -0.45879939 0.64883959 
		0.45879918 -0.64883888 0.45879912 0.45879918 -0.79466254 0.23749186 0.45879918 -0.88633132 
		-1.0484024e-07 0.45879918 -0.91759753 -0.23749201 0.45879918 -0.88633132 -0.45879903 
		0.45879918 -0.79466254 -0.64883977 0.45879918 -0.64883888 -0.79466337 0.45879918 
		-0.45879939 -0.88633227 0.45879918 -0.23749258 -0.91759825 0.45879918 0 -1.0484024e-07 
		0.45879918 0 -1.0484024e-07 -0.45879918 0 -0.72680658 -0.44060811 0.19474798 -0.70717698 
		-0.45407352 0.18948749 -0.68401992 -0.45879918 0.18328261 -0.75244665 -0.44060811 
		0 -0.73212439 -0.45407352 0 -0.70815033 -0.45879918 0 -0.868608 -0.29506013 0.23274368 
		-0.88172352 -0.27490982 0.236258 -0.88633192 -0.25114295 0.23749258 -0.89925033 -0.29506013 
		0 -0.91282797 -0.27490982 0 -0.91759825 -0.25114295 0 -0.77877408 -0.29506013 0.44962394 
		-0.79053199 -0.27490982 0.45641258 -0.79466289 -0.25114295 0.45879787 -0.65163708 
		-0.44060811 0.37622216 -0.63403785 -0.45407352 0.36606205 -0.61327565 -0.45879918 
		0.35407326 -0.63586605 -0.29506013 0.63586569 -0.64546651 -0.27490982 0.6454671 -0.64883977 
		-0.25114295 0.64883888 -0.53206009 -0.44060811 0.53206027 -0.51768988 -0.45407352 
		0.5176878 -0.50073767 -0.45879918 0.50073564 -0.4496251 -0.29506013 0.77877378 -0.45641372 
		-0.27490982 0.79053086 -0.45879903 -0.25114295 0.79466254 -0.376223 -0.44060805 0.65163666 
		-0.36606193 -0.45407343 0.63403875 -0.35407531 -0.45879918 0.61327708 -0.23274323 
		-0.29506013 0.86860937 -0.2362572 -0.27490982 0.88172317 -0.23749201 -0.25114295 
		0.88633132 -0.19474761 -0.44060811 0.72680622 -0.18948761 -0.45407352 0.70717704 
		-0.18328287 -0.45879918 0.68401974 -1.0484024e-07 -0.29506022 0.89924961 -1.0484024e-07 
		-0.27490982 0.91282642 -1.0484024e-07 -0.25114295 0.91759753 -1.0484024e-07 -0.44060805 
		0.75244606 -1.0484024e-07 -0.45407352 0.73212409 -1.0484024e-07 -0.45879918 0.70814979 
		0.23274294 -0.29506013 0.86860937 0.23625705 -0.27490982 0.88172317 0.23749186 -0.25114295 
		0.88633132 0.194747 -0.44060811 0.72680622 0.18948761 -0.45407352 0.70717704 0.18328252 
		-0.45879918 0.68401974 0.4496246 -0.29506013 0.77877378 0.45641324 -0.27490982 0.79053086 
		0.4587988 -0.25114295 0.79466254 0.37622285 -0.44060811 0.65163666 0.36606139 -0.45407352 
		0.63403875 0.35407439 -0.45879918 0.61327708 0.63586551 -0.29506013 0.63586569 0.64546651 
		-0.27490982 0.6454671 0.64883959 -0.25114295 0.64883888 0.53206009 -0.44060811 0.53206027 
		0.51768988 -0.45407352 0.5176878 0.50073791 -0.45879918 0.50073564 0.77877313 -0.29506013 
		0.44962543 0.79053175 -0.27490982 0.4564141 0.79466277 -0.25114295 0.45879939 0.65163672 
		-0.44060805 0.37622404 0.63403755 -0.45407352 0.36606354 0.61327553 -0.45879918 0.3540749 
		0.86860824 -0.29506013 0.23274368 0.88172352 -0.27490982 0.236258 0.88633192 -0.25114295 
		0.23749258 0.72680688 -0.44060811 0.19474798 0.7071771 -0.45407352 0.18948749 0.6840198 
		-0.45879918 0.18328595 0.89925033 -0.29506013 0 0.91282797 -0.27490982 0 0.91759825 
		-0.25114295 0 0.75244594 -0.44060811 0 0.73212385 -0.45407352 0 0.70815003 -0.45879918 
		0 0.86860824 -0.29506013 -0.23274368 0.88172352 -0.27490982 -0.236258 0.88633192 
		-0.25114295 -0.23749258 0.72680688 -0.44060811 -0.19474627 0.7071771 -0.45407352 
		-0.18948749 0.6840198 -0.45879918 -0.18328261 0.77877313 -0.29506022 -0.44962543 
		0.79053175 -0.27490982 -0.4564141 0.79466277 -0.25114295 -0.45879939 0.65163743 -0.44060805 
		-0.37622404 0.63403785 -0.45407352 -0.36606354 0.61327553 -0.45879918 -0.3540749 
		0.63586551 -0.29506013 -0.63586569 0.64546651 -0.27490982 -0.6454671 0.64883959 -0.25114295 
		-0.64883888 0.53206009 -0.44060811 -0.53205687 0.51768988 -0.45407352 -0.5176878 
		0.50073791 -0.45879918 -0.50073564 0.4496251 -0.29506013 -0.77877378 0.45641392 -0.27490982 
		-0.79053086 0.45879912 -0.25114295 -0.79466254 0.376223 -0.44060811 -0.65163666 0.36606193 
		-0.45407352 -0.63403875 0.35407478 -0.45879918 -0.61327708 0.23274294 -0.29506013 
		-0.86860937 0.23625705 -0.27490982 -0.88172317 0.23749186 -0.25114295 -0.88633132 
		0.194747 -0.44060811 -0.72680622 0.18948761 -0.45407352 -0.70717704 0.18328252 -0.45879918 
		-0.68401974 -1.0484024e-07 -0.29506022 -0.89924961 -1.0484024e-07 -0.27490982 -0.91282642 
		-1.0484024e-07 -0.25114295 -0.91759753 -1.0484024e-07 -0.44060805 -0.75244606 -1.0484024e-07 
		-0.45407352 -0.73212409 -1.0484024e-07 -0.45879918 -0.70814979 -0.23274323 -0.29506013 
		-0.86860937 -0.2362572 -0.27490982 -0.88172317 -0.23749201 -0.25114295 -0.88633132 
		-0.19474761 -0.44060811 -0.72680622 -0.18948761 -0.45407352 -0.70717704 -0.18328287 
		-0.45879918 -0.68401974 -0.4496251 -0.29506022 -0.77877378 -0.45641372 -0.27490982 
		-0.79053086 -0.45879903 -0.25114295 -0.79466254 -0.376223 -0.44060805 -0.65163666 
		-0.36606193 -0.45407343 -0.63403875 -0.35407531 -0.45879918 -0.61327708 -0.63586605 
		-0.29506013 -0.63586569 -0.64546651 -0.27490982 -0.6454671 -0.64883977 -0.25114295 
		-0.64883888 -0.53206009 -0.44060811 -0.53205687 -0.51769018 -0.45407352 -0.5176878 
		-0.50073832 -0.45879918 -0.50073564 -0.77877408 -0.29506022 -0.44962543 -0.79053217 
		-0.27490982 -0.4564141 -0.79466337 -0.25114295 -0.45879939 -0.65163827 -0.44060805 
		-0.37622404 -0.63403869 -0.45407352 -0.36606354 -0.61327636 -0.45879918 -0.3540749 
		-0.86860931 -0.29506013 -0.23274368 -0.88172424 -0.27490982 -0.236258;
	setAttr ".pt[166:169]" -0.88633227 -0.25114295 -0.23749258 -0.72680736 -0.44060811 
		-0.19474627 -0.70717716 -0.45407352 -0.18948749 -0.68402046 -0.45879918 -0.18328261;
	setAttr -s 170 ".vt";
	setAttr ".vt[0:165]"  2.015617847 -2.086722374 -0.54008484 1.80715322 -2.086722374 -1.043357849
		 1.47553492 -2.086722374 -1.47553253 1.043360233 -2.086722374 -1.80715179 0.54008341 -2.086722374 -2.015617371
		 0 -2.086722374 -2.086719513 -0.54008341 -2.086722374 -2.015617371 -1.043360233 -2.086722374 -1.80715179
		 -1.47553492 -2.086722374 -1.47553253 -1.80715322 -2.086722374 -1.043361664 -2.015618324 -2.086722374 -0.54008484
		 -2.086722374 -2.086722374 0 -2.015618324 -2.086722374 0.54008484 -1.80715322 -2.086722374 1.043361664
		 -1.47553492 -2.086722374 1.47553253 -1.043361187 -2.086722374 1.80715179 -0.54008341 -2.086722374 2.015617371
		 0 -2.086722374 2.086719513 0.54008341 -2.086722374 2.015617371 1.043360233 -2.086722374 1.80715179
		 1.47553492 -2.086722374 1.47553253 1.80715418 -2.086722374 1.043361664 2.015618801 -2.086722374 0.54008484
		 2.086721897 -2.086722374 0 0 -2.086722374 0 0 2.3841858e-07 0 1.65284014 -0.041368484 -0.44287872
		 1.6081996 -0.010746479 -0.43091583 1.55553865 2.3841858e-07 -0.41680527 1.71114874 -0.041368484 0
		 1.66493273 -0.010746479 0 1.61041307 2.3841858e-07 0 1.97531271 -0.37236118 -0.52928543
		 2.0051388741 -0.418185 -0.53727722 2.015617847 -0.47223377 -0.54008484 2.044996738 -0.37236118 0
		 2.075872898 -0.418185 0 2.086721897 -0.47223377 0 1.77101946 -0.37236118 -1.02249527
		 1.79775858 -0.418185 -1.03793335 1.80715322 -0.47223377 -1.043357849 1.48189592 -0.041368484 -0.85557175
		 1.44187307 -0.010746479 -0.83246613 1.39465761 2.3841858e-07 -0.80520248 1.44603109 -0.37236118 -1.44602966
		 1.46786356 -0.418185 -1.46786499 1.47553492 -0.47223377 -1.47553253 1.20996428 -0.041368484 -1.20996475
		 1.17728472 -0.010746479 -1.17728043 1.13873339 2.3841858e-07 -1.1387291 1.022497654 -0.37236118 -1.77101898
		 1.037935734 -0.418185 -1.7977562 1.043360233 -0.47223377 -1.80715179 0.85557318 -0.041368723 -1.48189545
		 0.83246565 -0.010746717 -1.44187546 0.80520678 2.3841858e-07 -1.39466095 0.529284 -0.37236118 -1.97531509
		 0.53727531 -0.418185 -2.0051383972 0.54008341 -0.47223377 -2.015617371 0.44287777 -0.041368484 -1.65283966
		 0.43091583 -0.010746479 -1.60820007 0.41680574 2.3841858e-07 -1.55553818 0 -0.37236094 -2.044994354
		 0 -0.418185 -2.075870514 0 -0.47223377 -2.086719513 0 -0.041368723 -1.71114731 0 -0.010746479 -1.66493225
		 0 2.3841858e-07 -1.6104126 -0.529284 -0.37236118 -1.97531509 -0.53727531 -0.418185 -2.0051383972
		 -0.54008341 -0.47223377 -2.015617371 -0.44287682 -0.041368484 -1.65283966 -0.43091631 -0.010746479 -1.60820007
		 -0.41680527 2.3841858e-07 -1.55553818 -1.022497177 -0.37236118 -1.77101898 -1.037935734 -0.418185 -1.7977562
		 -1.043360233 -0.47223377 -1.80715179 -0.85557318 -0.041368484 -1.48189545 -0.83246517 -0.010746479 -1.44187546
		 -0.80520535 2.3841858e-07 -1.39466095 -1.44602966 -0.37236118 -1.44602966 -1.46786404 -0.418185 -1.46786499
		 -1.47553492 -0.47223377 -1.47553253 -1.20996475 -0.041368484 -1.20996475 -1.17728519 -0.010746479 -1.17728043
		 -1.13873434 2.3841858e-07 -1.1387291 -1.77101803 -0.37236118 -1.022499084 -1.7977581 -0.418185 -1.037937164
		 -1.80715322 -0.47223377 -1.043361664 -1.48189592 -0.041368723 -0.85557556 -1.44187307 -0.010746479 -0.83246994
		 -1.39465761 2.3841858e-07 -0.8052063 -1.97531366 -0.37236118 -0.52928543 -2.0051393509 -0.418185 -0.53727722
		 -2.015618324 -0.47223377 -0.54008484 -1.65284109 -0.041368484 -0.44287872 -1.60820055 -0.010746479 -0.43091583
		 -1.55553865 2.3841858e-07 -0.4168129 -2.044996738 -0.37236118 0 -2.075873375 -0.418185 0
		 -2.086722374 -0.47223377 0 -1.71114683 -0.041368484 0 -1.66493225 -0.010746479 0
		 -1.61041307 2.3841858e-07 0 -1.97531366 -0.37236118 0.52928543 -2.0051393509 -0.418185 0.53727722
		 -2.015618324 -0.47223377 0.54008484 -1.65284109 -0.041368484 0.44287491 -1.60820055 -0.010746479 0.43091583
		 -1.55553865 2.3841858e-07 0.41680527 -1.77101803 -0.37236094 1.022499084 -1.7977581 -0.418185 1.037937164
		 -1.80715322 -0.47223377 1.043361664 -1.48189688 -0.041368723 0.85557556 -1.44187355 -0.010746479 0.83246994
		 -1.39465761 2.3841858e-07 0.8052063 -1.44602966 -0.37236118 1.44602966 -1.46786404 -0.418185 1.46786499
		 -1.47553492 -0.47223377 1.47553253 -1.20996475 -0.041368484 1.20995712 -1.17728519 -0.010746479 1.17728043
		 -1.13873434 2.3841858e-07 1.1387291 -1.022498131 -0.37236118 1.77101898 -1.037936687 -0.418185 1.7977562
		 -1.043361187 -0.47223377 1.80715179 -0.85557365 -0.041368484 1.48189545 -0.83246613 -0.010746479 1.44187546
		 -0.8052063 2.3841858e-07 1.39466095 -0.529284 -0.37236118 1.97531509 -0.53727531 -0.418185 2.0051383972
		 -0.54008341 -0.47223377 2.015617371 -0.44287682 -0.041368484 1.65283966 -0.43091631 -0.010746479 1.60820007
		 -0.41680527 2.3841858e-07 1.55553818 0 -0.37236094 2.044994354 0 -0.418185 2.075870514
		 0 -0.47223377 2.086719513 0 -0.041368723 1.71114731 0 -0.010746479 1.66493225 0 2.3841858e-07 1.6104126
		 0.529284 -0.37236118 1.97531509 0.53727531 -0.418185 2.0051383972 0.54008341 -0.47223377 2.015617371
		 0.44287777 -0.041368484 1.65283966 0.43091583 -0.010746479 1.60820007 0.41680574 2.3841858e-07 1.55553818
		 1.022497654 -0.37236094 1.77101898 1.037935734 -0.418185 1.7977562 1.043360233 -0.47223377 1.80715179
		 0.85557318 -0.041368723 1.48189545 0.83246565 -0.010746717 1.44187546 0.80520678 2.3841858e-07 1.39466095
		 1.44603109 -0.37236118 1.44602966 1.46786356 -0.418185 1.46786499 1.47553492 -0.47223377 1.47553253
		 1.20996428 -0.041368484 1.20995712 1.17728567 -0.010746479 1.17728043 1.13873529 2.3841858e-07 1.1387291
		 1.77101946 -0.37236094 1.022499084 1.79775953 -0.418185 1.037937164 1.80715418 -0.47223377 1.043361664
		 1.48189878 -0.041368723 0.85557556 1.44187498 -0.010746479 0.83246994 1.39465952 2.3841858e-07 0.8052063
		 1.97531462 -0.37236118 0.52928543 2.0051398277 -0.418185 0.53727722;
	setAttr ".vt[166:169]" 2.015618801 -0.47223377 0.54008484 1.65284109 -0.041368484 0.44287491
		 1.60820055 -0.010746479 0.43091583 1.55553961 2.3841858e-07 0.41680527;
	setAttr -s 360 ".ed";
	setAttr ".ed[0:165]"  0 1 0 1 2 0 2 3 0 3 4 0 4 5 0 5 6 0 6 7 0 7 8 0 8 9 0
		 9 10 0 10 11 0 11 12 0 12 13 0 13 14 0 14 15 0 15 16 0 16 17 0 17 18 0 18 19 0 19 20 0
		 20 21 0 21 22 0 22 23 0 23 0 0 24 0 1 24 1 1 24 2 1 24 3 1 24 4 1 24 5 1 24 6 1 24 7 1
		 24 8 1 24 9 1 24 10 1 24 11 1 24 12 1 24 13 1 24 14 1 24 15 1 24 16 1 24 17 1 24 18 1
		 24 19 1 24 20 1 24 21 1 24 22 1 24 23 1 30 29 1 29 26 1 28 31 1 31 30 1 28 27 1 43 28 1
		 27 26 1 26 41 1 168 167 1 167 29 1 31 169 1 169 168 1 39 38 1 38 32 1 34 40 1 40 39 1
		 34 33 1 37 34 1 33 32 1 32 35 1 37 36 1 166 37 1 36 35 1 35 164 1 45 44 1 44 38 1
		 40 46 1 46 45 1 43 42 1 49 43 1 42 41 1 41 47 1 51 50 1 50 44 1 46 52 1 52 51 1 49 48 1
		 55 49 1 48 47 1 47 53 1 57 56 1 56 50 1 52 58 1 58 57 1 55 54 1 61 55 1 54 53 1 53 59 1
		 63 62 1 62 56 1 58 64 1 64 63 1 61 60 1 67 61 1 60 59 1 59 65 1 69 68 1 68 62 1 64 70 1
		 70 69 1 67 66 1 73 67 1 66 65 1 65 71 1 75 74 1 74 68 1 70 76 1 76 75 1 73 72 1 79 73 1
		 72 71 1 71 77 1 81 80 1 80 74 1 76 82 1 82 81 1 79 78 1 85 79 1 78 77 1 77 83 1 87 86 1
		 86 80 1 82 88 1 88 87 1 85 84 1 91 85 1 84 83 1 83 89 1 93 92 1 92 86 1 88 94 1 94 93 1
		 91 90 1 97 91 1 90 89 1 89 95 1 99 98 1 98 92 1 94 100 1 100 99 1 97 96 1 103 97 1
		 96 95 1 95 101 1 105 104 1 104 98 1 100 106 1 106 105 1 103 102 1 109 103 1 102 101 1
		 101 107 1 111 110 1 110 104 1 106 112 1 112 111 1 109 108 1 115 109 1;
	setAttr ".ed[166:331]" 108 107 1 107 113 1 117 116 1 116 110 1 112 118 1 118 117 1
		 115 114 1 121 115 1 114 113 1 113 119 1 123 122 1 122 116 1 118 124 1 124 123 1 121 120 1
		 127 121 1 120 119 1 119 125 1 129 128 1 128 122 1 124 130 1 130 129 1 127 126 1 133 127 1
		 126 125 1 125 131 1 135 134 1 134 128 1 130 136 1 136 135 1 133 132 1 139 133 1 132 131 1
		 131 137 1 141 140 1 140 134 1 136 142 1 142 141 1 139 138 1 145 139 1 138 137 1 137 143 1
		 147 146 1 146 140 1 142 148 1 148 147 1 145 144 1 151 145 1 144 143 1 143 149 1 153 152 1
		 152 146 1 148 154 1 154 153 1 151 150 1 157 151 1 150 149 1 149 155 1 159 158 1 158 152 1
		 154 160 1 160 159 1 157 156 1 163 157 1 156 155 1 155 161 1 165 164 1 164 158 1 160 166 1
		 166 165 1 163 162 1 169 163 1 162 161 1 161 167 1 32 26 1 29 35 1 38 41 1 44 47 1
		 50 53 1 56 59 1 62 65 1 68 71 1 74 77 1 80 83 1 86 89 1 92 95 1 98 101 1 104 107 1
		 110 113 1 116 119 1 122 125 1 128 131 1 134 137 1 140 143 1 146 149 1 152 155 1 158 161 1
		 164 167 1 1 40 1 34 0 1 2 46 1 3 52 1 4 58 1 5 64 1 6 70 1 7 76 1 8 82 1 9 88 1 10 94 1
		 11 100 1 12 106 1 13 112 1 14 118 1 15 124 1 16 130 1 17 136 1 18 142 1 19 148 1
		 20 154 1 21 160 1 22 166 1 23 37 1 43 25 1 25 28 1 49 25 1 55 25 1 61 25 1 67 25 1
		 73 25 1 79 25 1 85 25 1 91 25 1 97 25 1 103 25 1 109 25 1 115 25 1 121 25 1 127 25 1
		 133 25 1 139 25 1 145 25 1 151 25 1 157 25 1 163 25 1 169 25 1 31 25 1 27 30 1 30 168 1
		 33 39 1 33 36 1 39 45 1 27 42 1 45 51 1 42 48 1 51 57 1 48 54 1 57 63 1 54 60 1 63 69 1
		 60 66 1 69 75 1 66 72 1 75 81 1 72 78 1 81 87 1 78 84 1;
	setAttr ".ed[332:359]" 87 93 1 84 90 1 93 99 1 90 96 1 99 105 1 96 102 1 105 111 1
		 102 108 1 111 117 1 108 114 1 117 123 1 114 120 1 123 129 1 120 126 1 129 135 1 126 132 1
		 135 141 1 132 138 1 141 147 1 138 144 1 147 153 1 144 150 1 153 159 1 150 156 1 159 165 1
		 156 162 1 36 165 1 162 168 1;
	setAttr -s 192 -ch 720 ".fc[0:191]" -type "polyFaces" 
		f 3 -1 -25 25
		mu 0 3 1 0 24
		f 3 -2 -26 26
		mu 0 3 2 1 24
		f 3 -3 -27 27
		mu 0 3 3 2 24
		f 3 -4 -28 28
		mu 0 3 4 3 24
		f 3 -5 -29 29
		mu 0 3 5 4 24
		f 3 -6 -30 30
		mu 0 3 6 5 24
		f 3 -7 -31 31
		mu 0 3 7 6 24
		f 3 -8 -32 32
		mu 0 3 8 7 24
		f 3 -9 -33 33
		mu 0 3 9 8 24
		f 3 -10 -34 34
		mu 0 3 10 9 24
		f 3 -11 -35 35
		mu 0 3 11 10 24
		f 3 -12 -36 36
		mu 0 3 12 11 24
		f 3 -13 -37 37
		mu 0 3 13 12 24
		f 3 -14 -38 38
		mu 0 3 14 13 24
		f 3 -15 -39 39
		mu 0 3 15 14 24
		f 3 -16 -40 40
		mu 0 3 16 15 24
		f 3 -17 -41 41
		mu 0 3 17 16 24
		f 3 -18 -42 42
		mu 0 3 18 17 24
		f 3 -19 -43 43
		mu 0 3 19 18 24
		f 3 -20 -44 44
		mu 0 3 20 19 24
		f 3 -21 -45 45
		mu 0 3 21 20 24
		f 3 -22 -46 46
		mu 0 3 22 21 24
		f 3 -23 -47 47
		mu 0 3 23 22 24
		f 3 -24 -48 24
		mu 0 3 0 23 24
		f 4 240 -50 241 -68
		mu 0 4 25 147 26 151
		f 4 -241 -62 242 -56
		mu 0 4 27 149 28 153
		f 4 -243 -74 243 -80
		mu 0 4 29 152 30 155
		f 4 -244 -82 244 -88
		mu 0 4 31 154 32 157
		f 4 -245 -90 245 -96
		mu 0 4 33 156 34 159
		f 4 -246 -98 246 -104
		mu 0 4 35 158 36 161
		f 4 -247 -106 247 -112
		mu 0 4 37 160 38 163
		f 4 -248 -114 248 -120
		mu 0 4 39 162 40 165
		f 4 -249 -122 249 -128
		mu 0 4 41 164 42 167
		f 4 -250 -130 250 -136
		mu 0 4 43 166 44 169
		f 4 -251 -138 251 -144
		mu 0 4 45 168 46 171
		f 4 -252 -146 252 -152
		mu 0 4 47 170 48 173
		f 4 -253 -154 253 -160
		mu 0 4 49 172 50 175
		f 4 -254 -162 254 -168
		mu 0 4 51 174 52 177
		f 4 -255 -170 255 -176
		mu 0 4 53 176 54 179
		f 4 -256 -178 256 -184
		mu 0 4 55 178 56 181
		f 4 -257 -186 257 -192
		mu 0 4 57 180 58 183
		f 4 -258 -194 258 -200
		mu 0 4 59 182 60 185
		f 4 -259 -202 259 -208
		mu 0 4 61 184 62 187
		f 4 -260 -210 260 -216
		mu 0 4 63 186 64 189
		f 4 -261 -218 261 -224
		mu 0 4 65 188 66 191
		f 4 -262 -226 262 -232
		mu 0 4 67 190 68 193
		f 4 -263 -234 263 -240
		mu 0 4 69 192 70 195
		f 4 -264 -72 -242 -58
		mu 0 4 71 194 72 148
		f 4 0 264 -63 265
		mu 0 4 73 74 77 75
		f 4 1 266 -75 -265
		mu 0 4 74 76 79 77
		f 4 2 267 -83 -267
		mu 0 4 76 78 81 79
		f 4 3 268 -91 -268
		mu 0 4 78 80 83 81
		f 4 4 269 -99 -269
		mu 0 4 80 82 85 83
		f 4 5 270 -107 -270
		mu 0 4 82 84 87 85
		f 4 6 271 -115 -271
		mu 0 4 84 86 89 87
		f 4 7 272 -123 -272
		mu 0 4 86 88 91 89
		f 4 8 273 -131 -273
		mu 0 4 88 90 93 91
		f 4 9 274 -139 -274
		mu 0 4 90 92 95 93
		f 4 10 275 -147 -275
		mu 0 4 92 94 97 95
		f 4 11 276 -155 -276
		mu 0 4 94 96 99 97
		f 4 12 277 -163 -277
		mu 0 4 96 98 101 99
		f 4 13 278 -171 -278
		mu 0 4 98 100 103 101
		f 4 14 279 -179 -279
		mu 0 4 100 102 105 103
		f 4 15 280 -187 -280
		mu 0 4 102 104 107 105
		f 4 16 281 -195 -281
		mu 0 4 104 106 109 107
		f 4 17 282 -203 -282
		mu 0 4 106 108 111 109
		f 4 18 283 -211 -283
		mu 0 4 108 110 113 111
		f 4 19 284 -219 -284
		mu 0 4 110 112 115 113
		f 4 20 285 -227 -285
		mu 0 4 112 114 117 115
		f 4 21 286 -235 -286
		mu 0 4 114 116 119 117
		f 4 22 287 -70 -287
		mu 0 4 116 118 121 119
		f 4 23 -266 -66 -288
		mu 0 4 118 120 150 121
		f 3 -54 288 289
		mu 0 3 145 122 146
		f 3 -78 290 -289
		mu 0 3 122 123 146
		f 3 -86 291 -291
		mu 0 3 123 124 146
		f 3 -94 292 -292
		mu 0 3 124 125 146
		f 3 -102 293 -293
		mu 0 3 125 126 146
		f 3 -110 294 -294
		mu 0 3 126 127 146
		f 3 -118 295 -295
		mu 0 3 127 128 146
		f 3 -126 296 -296
		mu 0 3 128 129 146
		f 3 -134 297 -297
		mu 0 3 129 130 146
		f 3 -142 298 -298
		mu 0 3 130 131 146
		f 3 -150 299 -299
		mu 0 3 131 132 146
		f 3 -158 300 -300
		mu 0 3 132 133 146
		f 3 -166 301 -301
		mu 0 3 133 134 146
		f 3 -174 302 -302
		mu 0 3 134 135 146
		f 3 -182 303 -303
		mu 0 3 135 136 146
		f 3 -190 304 -304
		mu 0 3 136 137 146
		f 3 -198 305 -305
		mu 0 3 137 138 146
		f 3 -206 306 -306
		mu 0 3 138 139 146
		f 3 -214 307 -307
		mu 0 3 139 140 146
		f 3 -222 308 -308
		mu 0 3 140 141 146
		f 3 -230 309 -309
		mu 0 3 141 142 146
		f 3 -238 310 -310
		mu 0 3 142 143 146
		f 3 -59 311 -311
		mu 0 3 143 144 146
		f 3 -51 -290 -312
		mu 0 3 144 145 146
		f 4 -55 312 48 49
		mu 0 4 147 198 201 26
		f 4 -53 50 51 -313
		mu 0 4 197 145 144 199
		f 4 -49 313 56 57
		mu 0 4 148 200 292 71
		f 4 -52 58 59 -314
		mu 0 4 199 144 143 290
		f 4 -67 314 60 61
		mu 0 4 149 203 205 28
		f 4 -65 62 63 -315
		mu 0 4 203 75 77 205
		f 4 64 315 -69 65
		mu 0 4 150 202 204 121
		f 4 66 67 -71 -316
		mu 0 4 202 25 151 204
		f 4 -61 316 72 73
		mu 0 4 152 205 209 30
		f 4 -64 74 75 -317
		mu 0 4 205 77 79 209
		f 4 52 317 -77 53
		mu 0 4 145 197 207 122
		f 4 54 55 -79 -318
		mu 0 4 196 27 153 208
		f 4 -73 318 80 81
		mu 0 4 154 209 213 32
		f 4 -76 82 83 -319
		mu 0 4 209 79 81 213
		f 4 76 319 -85 77
		mu 0 4 122 207 211 123
		f 4 78 79 -87 -320
		mu 0 4 206 29 155 212
		f 4 -81 320 88 89
		mu 0 4 156 213 217 34
		f 4 -84 90 91 -321
		mu 0 4 213 81 83 217
		f 4 84 321 -93 85
		mu 0 4 123 211 215 124
		f 4 86 87 -95 -322
		mu 0 4 210 31 157 216
		f 4 -89 322 96 97
		mu 0 4 158 217 221 36
		f 4 -92 98 99 -323
		mu 0 4 217 83 85 221
		f 4 92 323 -101 93
		mu 0 4 124 215 219 125
		f 4 94 95 -103 -324
		mu 0 4 214 33 159 220
		f 4 -97 324 104 105
		mu 0 4 160 221 225 38
		f 4 -100 106 107 -325
		mu 0 4 221 85 87 225
		f 4 100 325 -109 101
		mu 0 4 125 219 223 126
		f 4 102 103 -111 -326
		mu 0 4 218 35 161 224
		f 4 -105 326 112 113
		mu 0 4 162 225 229 40
		f 4 -108 114 115 -327
		mu 0 4 225 87 89 229
		f 4 108 327 -117 109
		mu 0 4 126 223 227 127
		f 4 110 111 -119 -328
		mu 0 4 222 37 163 228
		f 4 -113 328 120 121
		mu 0 4 164 229 233 42
		f 4 -116 122 123 -329
		mu 0 4 229 89 91 233
		f 4 116 329 -125 117
		mu 0 4 127 227 231 128
		f 4 118 119 -127 -330
		mu 0 4 226 39 165 232
		f 4 -121 330 128 129
		mu 0 4 166 233 237 44
		f 4 -124 130 131 -331
		mu 0 4 233 91 93 237
		f 4 124 331 -133 125
		mu 0 4 128 231 235 129
		f 4 126 127 -135 -332
		mu 0 4 230 41 167 236
		f 4 -129 332 136 137
		mu 0 4 168 237 241 46
		f 4 -132 138 139 -333
		mu 0 4 237 93 95 241
		f 4 132 333 -141 133
		mu 0 4 129 235 239 130
		f 4 134 135 -143 -334
		mu 0 4 234 43 169 240
		f 4 -137 334 144 145
		mu 0 4 170 241 245 48
		f 4 -140 146 147 -335
		mu 0 4 241 95 97 245
		f 4 140 335 -149 141
		mu 0 4 130 239 243 131
		f 4 142 143 -151 -336
		mu 0 4 238 45 171 244
		f 4 -145 336 152 153
		mu 0 4 172 245 249 50
		f 4 -148 154 155 -337
		mu 0 4 245 97 99 249
		f 4 148 337 -157 149
		mu 0 4 131 243 247 132
		f 4 150 151 -159 -338
		mu 0 4 242 47 173 248
		f 4 -153 338 160 161
		mu 0 4 174 249 253 52
		f 4 -156 162 163 -339
		mu 0 4 249 99 101 253
		f 4 156 339 -165 157
		mu 0 4 132 247 251 133
		f 4 158 159 -167 -340
		mu 0 4 246 49 175 252
		f 4 -161 340 168 169
		mu 0 4 176 253 257 54
		f 4 -164 170 171 -341
		mu 0 4 253 101 103 257
		f 4 164 341 -173 165
		mu 0 4 133 251 255 134
		f 4 166 167 -175 -342
		mu 0 4 250 51 177 256
		f 4 -169 342 176 177
		mu 0 4 178 257 261 56
		f 4 -172 178 179 -343
		mu 0 4 257 103 105 261
		f 4 172 343 -181 173
		mu 0 4 134 255 259 135
		f 4 174 175 -183 -344
		mu 0 4 254 53 179 260
		f 4 -177 344 184 185
		mu 0 4 180 261 265 58
		f 4 -180 186 187 -345
		mu 0 4 261 105 107 265
		f 4 180 345 -189 181
		mu 0 4 135 259 263 136
		f 4 182 183 -191 -346
		mu 0 4 258 55 181 264
		f 4 -185 346 192 193
		mu 0 4 182 265 269 60
		f 4 -188 194 195 -347
		mu 0 4 265 107 109 269
		f 4 188 347 -197 189
		mu 0 4 136 263 267 137
		f 4 190 191 -199 -348
		mu 0 4 262 57 183 268
		f 4 -193 348 200 201
		mu 0 4 184 269 273 62
		f 4 -196 202 203 -349
		mu 0 4 269 109 111 273
		f 4 196 349 -205 197
		mu 0 4 137 267 271 138
		f 4 198 199 -207 -350
		mu 0 4 266 59 185 272
		f 4 -201 350 208 209
		mu 0 4 186 273 277 64
		f 4 -204 210 211 -351
		mu 0 4 273 111 113 277
		f 4 204 351 -213 205
		mu 0 4 138 271 275 139
		f 4 206 207 -215 -352
		mu 0 4 270 61 187 276
		f 4 -209 352 216 217
		mu 0 4 188 277 281 66
		f 4 -212 218 219 -353
		mu 0 4 277 113 115 281
		f 4 212 353 -221 213
		mu 0 4 139 275 279 140
		f 4 214 215 -223 -354
		mu 0 4 274 63 189 280
		f 4 -217 354 224 225
		mu 0 4 190 281 285 68
		f 4 -220 226 227 -355
		mu 0 4 281 115 117 285
		f 4 220 355 -229 221
		mu 0 4 140 279 283 141
		f 4 222 223 -231 -356
		mu 0 4 278 65 191 284
		f 4 -225 356 232 233
		mu 0 4 192 285 289 70
		f 4 -228 234 235 -357
		mu 0 4 285 117 119 289
		f 4 228 357 -237 229
		mu 0 4 141 283 287 142
		f 4 230 231 -239 -358
		mu 0 4 282 67 193 288
		f 4 68 358 -236 69
		mu 0 4 121 204 289 119
		f 4 70 71 -233 -359
		mu 0 4 204 72 194 289
		f 4 236 359 -60 237
		mu 0 4 142 287 290 143
		f 4 238 239 -57 -360
		mu 0 4 286 69 195 291;
	setAttr ".cd" -type "dataPolyComponent" Index_Data Edge 0 ;
	setAttr ".cvd" -type "dataPolyComponent" Index_Data Vertex 0 ;
	setAttr ".pd[0]" -type "dataPolyComponent" Index_Data UV 0 ;
	setAttr ".hfd" -type "dataPolyComponent" Index_Data Face 0 ;
createNode mesh -n "polySurfaceShape3" -p "pCylinder14";
	rename -uid "009BA953-44A4-7A08-08DE-1A8DC3BA0313";
	setAttr -k off ".v";
	setAttr ".io" yes;
	setAttr -s 4 ".iog";
	setAttr ".vir" yes;
	setAttr ".vif" yes;
	setAttr ".pv" -type "double2" 0.50000002980232239 0.84375 ;
	setAttr ".uvst[0].uvsn" -type "string" "map1";
	setAttr -s 100 ".uvst[0].uvsp[0:99]" -type "float2" 0.65092582 0.11580956
		 0.63531637 0.07812506 0.61048537 0.04576464 0.578125 0.020933613 0.54044044 0.0053241849
		 0.5 8.9406967e-08 0.45955956 0.0053241551 0.42187506 0.020933583 0.38951463 0.045764595
		 0.36468357 0.078125015 0.34907413 0.11580953 0.34375006 0.15625 0.34907413 0.19669044
		 0.36468357 0.23437497 0.3895146 0.2667354 0.421875 0.29156643 0.45955953 0.30717587
		 0.5 0.31249997 0.54044044 0.30717587 0.578125 0.29156646 0.61048543 0.26673543 0.63531649
		 0.234375 0.65092587 0.19669047 0.65625 0.15625 0.375 0.3125 0.38541666 0.3125 0.39583331
		 0.3125 0.40624997 0.3125 0.41666663 0.3125 0.42708328 0.3125 0.43749994 0.3125 0.4479166
		 0.3125 0.45833325 0.3125 0.46874991 0.3125 0.47916657 0.3125 0.48958322 0.3125 0.49999988
		 0.3125 0.51041657 0.3125 0.52083325 0.3125 0.53124994 0.3125 0.54166663 0.3125 0.55208331
		 0.3125 0.5625 0.3125 0.57291669 0.3125 0.58333337 0.3125 0.59375006 0.3125 0.60416675
		 0.3125 0.61458343 0.3125 0.62500012 0.3125 0.375 0.6875 0.38541666 0.6875 0.39583331
		 0.6875 0.40624997 0.6875 0.41666663 0.6875 0.42708328 0.6875 0.43749994 0.6875 0.4479166
		 0.6875 0.45833325 0.6875 0.46874991 0.6875 0.47916657 0.6875 0.48958322 0.6875 0.49999988
		 0.6875 0.51041657 0.6875 0.52083325 0.6875 0.53124994 0.6875 0.54166663 0.6875 0.55208331
		 0.6875 0.5625 0.6875 0.57291669 0.6875 0.58333337 0.6875 0.59375006 0.6875 0.60416675
		 0.6875 0.61458343 0.6875 0.62500012 0.6875 0.65092582 0.80330956 0.63531637 0.76562506
		 0.61048537 0.73326463 0.578125 0.70843363 0.54044044 0.69282418 0.5 0.68750012 0.45955956
		 0.69282413 0.42187506 0.70843357 0.38951463 0.73326457 0.36468357 0.765625 0.34907413
		 0.80330956 0.34375006 0.84375 0.34907413 0.88419044 0.36468357 0.921875 0.3895146
		 0.95423543 0.421875 0.97906643 0.45955953 0.99467587 0.5 1 0.54044044 0.99467587
		 0.578125 0.97906649 0.61048543 0.95423543 0.63531649 0.921875 0.65092587 0.88419044
		 0.65625 0.84375 0.5 0.15625 0.5 0.84375;
	setAttr ".cuvs" -type "string" "map1";
	setAttr ".dcc" -type "string" "Ambient+Diffuse";
	setAttr ".covm[0]"  0 1 1;
	setAttr ".cdvm[0]"  0 1 1;
	setAttr -s 50 ".pt[0:49]" -type "float3"  1.049692 -1.0867225 -0.28126439 
		0.94112843 -1.0867225 -0.54336035 0.7684285 -1.0867225 -0.76842856 0.54336041 -1.0867225 
		-0.94112855 0.28126425 -1.0867225 -1.0496929 -3.2386854e-08 -1.0867225 -1.0867207 
		-0.28126436 -1.0867225 -1.0496929 -0.54336035 -1.0867225 -0.94112867 -0.76842862 
		-1.0867225 -0.76842868 -0.94112867 -1.0867225 -0.54336131 -1.049693 -1.0867225 -0.28126448 
		-1.0867225 -1.0867225 -2.5909483e-07 -1.049693 -1.0867225 0.28126419 -0.94112867 
		-1.0867225 0.54336047 -0.76842868 -1.0867225 0.76842856 -0.54336131 -1.0867225 0.94112855 
		-0.28126448 -1.0867225 1.0496929 -1.94321e-07 -1.0867225 1.0867207 0.28126425 -1.0867225 
		1.0496929 0.54336029 -1.0867225 0.94112855 0.76842856 -1.0867225 0.76842862 0.94112867 
		-1.0867225 0.54336035 1.0496929 -1.0867225 0.28126425 1.0867225 -1.0867225 -1.94321e-07 
		1.049692 -0.99999976 -0.28126439 0.94112843 -0.99999976 -0.54336035 0.7684285 -0.99999976 
		-0.76842856 0.54336041 -0.99999976 -0.94112855 0.28126425 -0.99999976 -1.0496929 
		-3.2386854e-08 -0.99999976 -1.0867207 -0.28126436 -0.99999976 -1.0496929 -0.54336035 
		-0.99999976 -0.94112867 -0.76842862 -0.99999976 -0.76842868 -0.94112867 -0.99999976 
		-0.54336131 -1.049693 -0.99999976 -0.28126448 -1.0867225 -0.99999976 -2.5909483e-07 
		-1.049693 -0.99999976 0.28126419 -0.94112867 -0.99999976 0.54336047 -0.76842868 -0.99999976 
		0.76842856 -0.54336131 -0.99999976 0.94112855 -0.28126448 -0.99999976 1.0496929 -1.94321e-07 
		-0.99999976 1.0867207 0.28126425 -0.99999976 1.0496929 0.54336029 -0.99999976 0.94112855 
		0.76842856 -0.99999976 0.76842862 0.94112867 -0.99999976 0.54336035 1.0496929 -0.99999976 
		0.28126425 1.0867225 -0.99999976 -1.94321e-07 -1.6193425e-07 -1.0867225 -1.94321e-07 
		-1.6193425e-07 -0.99999976 -1.94321e-07;
	setAttr -s 50 ".vt[0:49]"  0.96592534 -1 -0.25881881 0.86602497 -1 -0.49999964
		 0.70710647 -1 -0.70710629 0.49999982 -1 -0.86602485 0.25881901 -1 -0.96592522 1.1920929e-07 -1 -0.99999946
		 -0.25881881 -1 -0.9659254 -0.4999997 -1 -0.86602509 -0.70710647 -1 -0.70710659 -0.86602509 -1 -0.49999988
		 -0.96592551 -1 -0.25881901 -0.9999997 -1 -5.9604645e-08 -0.96592557 -1 0.25881892
		 -0.86602521 -1 0.49999982 -0.70710665 -1 0.70710659 -0.49999994 -1 0.86602521 -0.25881901 -1 0.96592563
		 -2.9802322e-08 -1 0.99999982 0.25881898 -1 0.96592569 0.49999991 -1 0.86602533 0.70710671 -1 0.70710677
		 0.86602539 -1 0.5 0.96592581 -1 0.25881904 1 -1 0 0.96592534 1 -0.25881881 0.86602497 1 -0.49999964
		 0.70710647 1 -0.70710629 0.49999982 1 -0.86602485 0.25881901 1 -0.96592522 1.1920929e-07 1 -0.99999946
		 -0.25881881 1 -0.9659254 -0.4999997 1 -0.86602509 -0.70710647 1 -0.70710659 -0.86602509 1 -0.49999988
		 -0.96592551 1 -0.25881901 -0.9999997 1 -5.9604645e-08 -0.96592557 1 0.25881892 -0.86602521 1 0.49999982
		 -0.70710665 1 0.70710659 -0.49999994 1 0.86602521 -0.25881901 1 0.96592563 -2.9802322e-08 1 0.99999982
		 0.25881898 1 0.96592569 0.49999991 1 0.86602533 0.70710671 1 0.70710677 0.86602539 1 0.5
		 0.96592581 1 0.25881904 1 1 0 0 -1 0 0 1 0;
	setAttr -s 120 ".ed[0:119]"  0 1 0 1 2 0 2 3 0 3 4 0 4 5 0 5 6 0 6 7 0
		 7 8 0 8 9 0 9 10 0 10 11 0 11 12 0 12 13 0 13 14 0 14 15 0 15 16 0 16 17 0 17 18 0
		 18 19 0 19 20 0 20 21 0 21 22 0 22 23 0 23 0 0 24 25 0 25 26 0 26 27 0 27 28 0 28 29 0
		 29 30 0 30 31 0 31 32 0 32 33 0 33 34 0 34 35 0 35 36 0 36 37 0 37 38 0 38 39 0 39 40 0
		 40 41 0 41 42 0 42 43 0 43 44 0 44 45 0 45 46 0 46 47 0 47 24 0 0 24 1 1 25 1 2 26 1
		 3 27 1 4 28 1 5 29 1 6 30 1 7 31 1 8 32 1 9 33 1 10 34 1 11 35 1 12 36 1 13 37 1
		 14 38 1 15 39 1 16 40 1 17 41 1 18 42 1 19 43 1 20 44 1 21 45 1 22 46 1 23 47 1 48 0 1
		 48 1 1 48 2 1 48 3 1 48 4 1 48 5 1 48 6 1 48 7 1 48 8 1 48 9 1 48 10 1 48 11 1 48 12 1
		 48 13 1 48 14 1 48 15 1 48 16 1 48 17 1 48 18 1 48 19 1 48 20 1 48 21 1 48 22 1 48 23 1
		 24 49 1 25 49 1 26 49 1 27 49 1 28 49 1 29 49 1 30 49 1 31 49 1 32 49 1 33 49 1 34 49 1
		 35 49 1 36 49 1 37 49 1 38 49 1 39 49 1 40 49 1 41 49 1 42 49 1 43 49 1 44 49 1 45 49 1
		 46 49 1 47 49 1;
	setAttr -s 72 -ch 240 ".fc[0:71]" -type "polyFaces" 
		f 4 0 49 -25 -49
		mu 0 4 24 25 50 49
		f 4 1 50 -26 -50
		mu 0 4 25 26 51 50
		f 4 2 51 -27 -51
		mu 0 4 26 27 52 51
		f 4 3 52 -28 -52
		mu 0 4 27 28 53 52
		f 4 4 53 -29 -53
		mu 0 4 28 29 54 53
		f 4 5 54 -30 -54
		mu 0 4 29 30 55 54
		f 4 6 55 -31 -55
		mu 0 4 30 31 56 55
		f 4 7 56 -32 -56
		mu 0 4 31 32 57 56
		f 4 8 57 -33 -57
		mu 0 4 32 33 58 57
		f 4 9 58 -34 -58
		mu 0 4 33 34 59 58
		f 4 10 59 -35 -59
		mu 0 4 34 35 60 59
		f 4 11 60 -36 -60
		mu 0 4 35 36 61 60
		f 4 12 61 -37 -61
		mu 0 4 36 37 62 61
		f 4 13 62 -38 -62
		mu 0 4 37 38 63 62
		f 4 14 63 -39 -63
		mu 0 4 38 39 64 63
		f 4 15 64 -40 -64
		mu 0 4 39 40 65 64
		f 4 16 65 -41 -65
		mu 0 4 40 41 66 65
		f 4 17 66 -42 -66
		mu 0 4 41 42 67 66
		f 4 18 67 -43 -67
		mu 0 4 42 43 68 67
		f 4 19 68 -44 -68
		mu 0 4 43 44 69 68
		f 4 20 69 -45 -69
		mu 0 4 44 45 70 69
		f 4 21 70 -46 -70
		mu 0 4 45 46 71 70
		f 4 22 71 -47 -71
		mu 0 4 46 47 72 71
		f 4 23 48 -48 -72
		mu 0 4 47 48 73 72
		f 3 -1 -73 73
		mu 0 3 1 0 98
		f 3 -2 -74 74
		mu 0 3 2 1 98
		f 3 -3 -75 75
		mu 0 3 3 2 98
		f 3 -4 -76 76
		mu 0 3 4 3 98
		f 3 -5 -77 77
		mu 0 3 5 4 98
		f 3 -6 -78 78
		mu 0 3 6 5 98
		f 3 -7 -79 79
		mu 0 3 7 6 98
		f 3 -8 -80 80
		mu 0 3 8 7 98
		f 3 -9 -81 81
		mu 0 3 9 8 98
		f 3 -10 -82 82
		mu 0 3 10 9 98
		f 3 -11 -83 83
		mu 0 3 11 10 98
		f 3 -12 -84 84
		mu 0 3 12 11 98
		f 3 -13 -85 85
		mu 0 3 13 12 98
		f 3 -14 -86 86
		mu 0 3 14 13 98
		f 3 -15 -87 87
		mu 0 3 15 14 98
		f 3 -16 -88 88
		mu 0 3 16 15 98
		f 3 -17 -89 89
		mu 0 3 17 16 98
		f 3 -18 -90 90
		mu 0 3 18 17 98
		f 3 -19 -91 91
		mu 0 3 19 18 98
		f 3 -20 -92 92
		mu 0 3 20 19 98
		f 3 -21 -93 93
		mu 0 3 21 20 98
		f 3 -22 -94 94
		mu 0 3 22 21 98
		f 3 -23 -95 95
		mu 0 3 23 22 98
		f 3 -24 -96 72
		mu 0 3 0 23 98
		f 3 24 97 -97
		mu 0 3 96 95 99
		f 3 25 98 -98
		mu 0 3 95 94 99
		f 3 26 99 -99
		mu 0 3 94 93 99
		f 3 27 100 -100
		mu 0 3 93 92 99
		f 3 28 101 -101
		mu 0 3 92 91 99
		f 3 29 102 -102
		mu 0 3 91 90 99
		f 3 30 103 -103
		mu 0 3 90 89 99
		f 3 31 104 -104
		mu 0 3 89 88 99
		f 3 32 105 -105
		mu 0 3 88 87 99
		f 3 33 106 -106
		mu 0 3 87 86 99
		f 3 34 107 -107
		mu 0 3 86 85 99
		f 3 35 108 -108
		mu 0 3 85 84 99
		f 3 36 109 -109
		mu 0 3 84 83 99
		f 3 37 110 -110
		mu 0 3 83 82 99
		f 3 38 111 -111
		mu 0 3 82 81 99
		f 3 39 112 -112
		mu 0 3 81 80 99
		f 3 40 113 -113
		mu 0 3 80 79 99
		f 3 41 114 -114
		mu 0 3 79 78 99
		f 3 42 115 -115
		mu 0 3 78 77 99
		f 3 43 116 -116
		mu 0 3 77 76 99
		f 3 44 117 -117
		mu 0 3 76 75 99
		f 3 45 118 -118
		mu 0 3 75 74 99
		f 3 46 119 -119
		mu 0 3 74 97 99
		f 3 47 96 -120
		mu 0 3 97 96 99;
	setAttr ".cd" -type "dataPolyComponent" Index_Data Edge 0 ;
	setAttr ".cvd" -type "dataPolyComponent" Index_Data Vertex 0 ;
	setAttr ".pd[0]" -type "dataPolyComponent" Index_Data UV 0 ;
	setAttr ".hfd" -type "dataPolyComponent" Index_Data Face 0 ;
parent -s -nc -r -add "|pCube6|pCubeShape6" "pCube7" ;
parent -s -nc -r -add "|pCube6|pCubeShape6" "pCube8" ;
parent -s -nc -r -add "|pCube6|pCubeShape6" "pCube9" ;
createNode lightLinker -s -n "lightLinker1";
	rename -uid "EB317575-4347-88EF-62D2-2F910FB1A582";
	setAttr -s 2 ".lnk";
	setAttr -s 2 ".slnk";
createNode shapeEditorManager -n "shapeEditorManager";
	rename -uid "D261F579-487A-035C-9B5D-9A8E760703E7";
createNode poseInterpolatorManager -n "poseInterpolatorManager";
	rename -uid "D77FBA53-46BD-31E0-BB85-18A67860D183";
createNode displayLayerManager -n "layerManager";
	rename -uid "E4222892-4FB0-7720-D612-3C9BBC36CE18";
createNode displayLayer -n "defaultLayer";
	rename -uid "AECF1DD9-4910-9FB9-E387-AFAC9E2A8BCA";
createNode renderLayerManager -n "renderLayerManager";
	rename -uid "0336FA15-4599-7FED-EAC3-8AA44DBEFE5D";
createNode renderLayer -n "defaultRenderLayer";
	rename -uid "6714C944-486E-8E66-AA29-14B828509494";
	setAttr ".g" yes;
createNode polyExtrudeFace -n "polyExtrudeFace1";
	rename -uid "88557C1A-4766-EFD2-A1B6-DFBDC28BE404";
	setAttr ".ics" -type "componentList" 1 "f[183]";
	setAttr ".ix" -type "matrix" 60 0 0 0 0 30 0 0 0 0 60 0 0 23.809207916259819 0 1;
	setAttr ".ws" yes;
	setAttr ".pvt" -type "float3" 7.6889992e-05 23.83592 27.224464 ;
	setAttr ".rs" 58036;
	setAttr ".c[0]"  0 1 1;
	setAttr ".cbn" -type "double3" -26.312277317047119 11.615323364734703 27.224464416503906 ;
	setAttr ".cbx" -type "double3" 26.31243109703064 36.056516706943569 27.22446620464325 ;
createNode polyCylinder -n "polyCylinder1";
	rename -uid "1D023F5E-4888-32CB-2142-889E150740F5";
	setAttr ".sa" 32;
	setAttr ".sc" 1;
	setAttr ".cuv" 3;
createNode polyCube -n "polyCube1";
	rename -uid "FA0C2906-43E3-DEC9-B457-01814A2EB80D";
	setAttr ".cuv" 4;
createNode polySplitRing -n "polySplitRing1";
	rename -uid "B5122A24-4CDE-7434-5182-1DB6D342E7ED";
	setAttr ".uopa" yes;
	setAttr ".ics" -type "componentList" 1 "e[0:3]";
	setAttr ".ix" -type "matrix" 100 0 0 0 0 5.3200244500532401 0 0 0 0 40 0 -4.5671375038222113 2.6600122349277635 81.433921207464962 1;
	setAttr ".wt" 0.26661521196365356;
	setAttr ".re" 2;
	setAttr ".sma" 29.999999999999996;
	setAttr ".stp" 2;
	setAttr ".div" 1;
	setAttr ".p[0]"  0 0 1;
	setAttr ".fq" yes;
createNode polyExtrudeFace -n "polyExtrudeFace2";
	rename -uid "30EC2F43-458E-699A-D69D-CDAFB5AB1A77";
	setAttr ".ics" -type "componentList" 1 "f[1]";
	setAttr ".ix" -type "matrix" 100 0 0 0 0 5.3200244500532401 0 0 0 0 40 0 0 2.6600122349277635 81.433921207464962 1;
	setAttr ".ws" yes;
	setAttr ".pvt" -type "float3" -45.685551 5.3200245 81.433922 ;
	setAttr ".rs" 64779;
	setAttr ".off" 3;
	setAttr ".c[0]"  0 1 1;
	setAttr ".tk" 2;
	setAttr ".cbn" -type "double3" -59.936589002609253 5.320024459954384 61.433921207464962 ;
	setAttr ".cbx" -type "double3" -31.434515118598938 5.320024459954384 101.43392120746496 ;
createNode polyTweak -n "polyTweak1";
	rename -uid "393F2952-42A5-9EE7-AD85-EABF7B926763";
	setAttr ".uopa" yes;
	setAttr -s 7 ".tk";
	setAttr ".tk[0]" -type "float3" -0.09936589 0 0 ;
	setAttr ".tk[2]" -type "float3" -0.099365905 0 -1.4901161e-08 ;
	setAttr ".tk[4]" -type "float3" 1.8626451e-09 0 -1.4901161e-08 ;
	setAttr ".tk[8]" -type "float3" -0.31434515 0 -1.4901161e-08 ;
	setAttr ".tk[9]" -type "float3" -0.31434515 0 0 ;
	setAttr ".tk[10]" -type "float3" -0.31434515 0 0 ;
	setAttr ".tk[11]" -type "float3" -0.31434515 0 -1.4901161e-08 ;
createNode polyCube -n "polyCube2";
	rename -uid "8320C411-4561-EFD6-23EC-9588E4A21A87";
	setAttr ".cuv" 4;
createNode polySplitRing -n "polySplitRing17";
	rename -uid "D38E2092-4183-F3B5-4D6F-3A8125DF0B14";
	setAttr ".uopa" yes;
	setAttr ".ics" -type "componentList" 3 "e[12:13]" "e[15]" "e[17]";
	setAttr ".ix" -type "matrix" 100 0 0 0 0 5.3200244500532401 0 0 0 0 40 0 0 2.6600122349277635 81.433921207464962 1;
	setAttr ".wt" 0.92076116800308228;
	setAttr ".dr" no;
	setAttr ".re" 17;
	setAttr ".sma" 29.999999999999996;
	setAttr ".div" 1;
	setAttr ".p[0]"  0 0 1;
	setAttr ".fq" yes;
createNode polyTweak -n "polyTweak2";
	rename -uid "94F961D1-4D47-E449-559E-ABAE91936CD6";
	setAttr ".uopa" yes;
	setAttr -s 12 ".tk";
	setAttr ".tk[0]" -type "float3" -0.0625 0 0 ;
	setAttr ".tk[2]" -type "float3" -0.0625 0 0 ;
	setAttr ".tk[4]" -type "float3" -0.0625 0 0 ;
	setAttr ".tk[6]" -type "float3" -0.0625 0 0 ;
	setAttr ".tk[8]" -type "float3" -0.0625 0 0 ;
	setAttr ".tk[9]" -type "float3" -0.0625 0 0 ;
	setAttr ".tk[10]" -type "float3" -0.0625 0 0 ;
	setAttr ".tk[11]" -type "float3" -0.0625 0 0 ;
	setAttr ".tk[12]" -type "float3" -0.0625 0 0 ;
	setAttr ".tk[13]" -type "float3" -0.0625 0 0 ;
	setAttr ".tk[14]" -type "float3" -0.0625 0 0 ;
	setAttr ".tk[15]" -type "float3" -0.0625 0 0 ;
createNode polyCylinder -n "polyCylinder2";
	rename -uid "0E19A350-484A-5C7D-AEE7-9FA399775121";
	setAttr ".sa" 24;
	setAttr ".sc" 1;
	setAttr ".cuv" 3;
createNode polySplitRing -n "polySplitRing18";
	rename -uid "994595D5-4E99-8ED9-F0AC-72A0BD4D15BF";
	setAttr ".uopa" yes;
	setAttr ".ics" -type "componentList" 3 "e[12:13]" "e[15]" "e[17]";
	setAttr ".ix" -type "matrix" 100 0 0 0 0 5.3200244500532401 0 0 0 0 40 0 0 2.6600122349277635 81.433921207464962 1;
	setAttr ".wt" 0.51740455627441406;
	setAttr ".dr" no;
	setAttr ".re" 17;
	setAttr ".sma" 29.999999999999996;
	setAttr ".stp" 2;
	setAttr ".div" 1;
	setAttr ".p[0]"  0 0 1;
	setAttr ".fq" yes;
createNode polyTweak -n "polyTweak3";
	rename -uid "5F6C69AD-4CE2-0148-F931-DBBCBBEAD640";
	setAttr ".uopa" yes;
	setAttr -s 8 ".tk";
	setAttr ".tk[16]" -type "float3" 0.0069801807 0 0 ;
	setAttr ".tk[17]" -type "float3" 0.0069801807 0 0 ;
	setAttr ".tk[18]" -type "float3" 0.0069801807 0 0 ;
	setAttr ".tk[19]" -type "float3" 0.0069801807 0 0 ;
createNode polySplitRing -n "polySplitRing21";
	rename -uid "3C5A03DE-4405-796B-EE9F-288E073F1AA7";
	setAttr ".uopa" yes;
	setAttr ".ics" -type "componentList" 1 "e[0:3]";
	setAttr ".ix" -type "matrix" 25 0 0 0 0 2.0271516731969643 0 0 0 0 25 0 -18.749999748674039 6.3336005668540674 81.071744133076521 1;
	setAttr ".wt" 0.52582794427871704;
	setAttr ".dr" no;
	setAttr ".re" 1;
	setAttr ".sma" 29.999999999999996;
	setAttr ".stp" 2;
	setAttr ".div" 1;
	setAttr ".p[0]"  0 0 1;
	setAttr ".fq" yes;
createNode polySplitRing -n "polySplitRing22";
	rename -uid "95258341-428F-3F33-F087-729AB4FACCAC";
	setAttr ".uopa" yes;
	setAttr ".ics" -type "componentList" 4 "e[6:7]" "e[10:11]" "e[14]" "e[18]";
	setAttr ".ix" -type "matrix" 25 0 0 0 0 2.0271516731969643 0 0 0 0 25 0 -18.749999748674039 6.3336005668540674 81.071744133076521 1;
	setAttr ".wt" 0.47787657380104065;
	setAttr ".re" 14;
	setAttr ".sma" 29.999999999999996;
	setAttr ".stp" 2;
	setAttr ".div" 1;
	setAttr ".p[0]"  0 0 1;
	setAttr ".fq" yes;
createNode polyCube -n "polyCube4";
	rename -uid "EE227CDC-447D-3750-681E-C1B3E75A66BF";
	setAttr ".cuv" 4;
createNode polySplitRing -n "polySplitRing23";
	rename -uid "F28706AF-4CC6-28DA-0B59-2088302D184C";
	setAttr ".uopa" yes;
	setAttr ".ics" -type "componentList" 1 "e[0:3]";
	setAttr ".ix" -type "matrix" 5.0350663137843421 0 0 0 0 5.0350663137843421 0 0 0 0 7.4983719377031832 0
		 -18.75 7.3471765518188477 74.544801191402556 1;
	setAttr ".wt" 0.49380829930305481;
	setAttr ".re" 1;
	setAttr ".sma" 29.999999999999996;
	setAttr ".stp" 2;
	setAttr ".div" 1;
	setAttr ".p[0]"  0 0 1;
	setAttr ".fq" yes;
createNode polyBevel3 -n "polyBevel1";
	rename -uid "AF054950-4BA1-EBC0-A2B2-BFB3A16AB92B";
	setAttr ".uopa" yes;
	setAttr ".ics" -type "componentList" 1 "e[24:47]";
	setAttr ".ix" -type "matrix" 2.1118119054334099 0 0 0 0 2.1118119054334099 0 0 0 0 2.1118119054334099 0
		 15.625 7.3471765518188477 74.821746826171875 1;
	setAttr ".ws" yes;
	setAttr ".oaf" yes;
	setAttr ".f" 0.2;
	setAttr ".at" 180;
	setAttr ".sn" yes;
	setAttr ".mv" yes;
	setAttr ".mvt" 0.0001;
	setAttr ".sa" 30;
createNode polyTweak -n "polyTweak4";
	rename -uid "CE38AAD0-4D67-A493-343B-F19F9AF99E8D";
	setAttr ".uopa" yes;
	setAttr -s 12 ".tk[0:11]" -type "float3"  -0.15648723 -0.050828535 -0.25309503
		 0.15648723 -0.050828535 -0.25309503 -0.15648723 -0.62436146 -0.25309503 0.15648723
		 -0.62436146 -0.25309503 -0.15648723 -0.62436157 -0.38449693 0.15648723 -0.62436157
		 -0.38449693 -0.15648723 -0.050828535 -0.38449693 0.15648723 -0.050828535 -0.38449693
		 1.3898855e-16 -0.6243614 0.19443589 1.3898855e-16 -0.62436157 -0.38449693 1.3898855e-16
		 -0.050828535 -0.38449693 1.3898855e-16 -0.050828535 0.19443589;
createNode polySplit -n "polySplit1";
	rename -uid "7855C241-4E56-F733-59BF-199D6E983B51";
	setAttr -s 3 ".e[0:2]"  0 0.28343901 0;
	setAttr -s 3 ".d[0:2]"  -2147483647 -2147483634 -2147483641;
	setAttr ".sma" 180;
	setAttr ".m2015" yes;
createNode polySplit -n "polySplit2";
	rename -uid "A0AFC1BF-4073-2CE4-127E-F0A53F5C5D74";
	setAttr -s 3 ".e[0:2]"  1 0.71656102 0;
	setAttr -s 3 ".d[0:2]"  -2147483637 -2147483630 -2147483648;
	setAttr ".sma" 180;
	setAttr ".m2015" yes;
createNode polyBevel3 -n "polyBevel2";
	rename -uid "4F0A6226-4B53-CA24-623E-A2B897607F43";
	setAttr ".uopa" yes;
	setAttr ".ics" -type "componentList" 1 "e[*]";
	setAttr ".ix" -type "matrix" 5.0350663137843421 0 0 0 0 5.0350663137843421 0 0 0 0 7.4983719377031832 0
		 -18.75 7.3471765518188459 74.544801191402556 1;
	setAttr ".ws" yes;
	setAttr ".oaf" yes;
	setAttr ".f" 0.4;
	setAttr ".sg" 4;
	setAttr ".at" 180;
	setAttr ".sn" yes;
	setAttr ".mv" yes;
	setAttr ".mvt" 0.0001;
	setAttr ".sa" 30;
createNode polyBevel3 -n "polyBevel3";
	rename -uid "DB4A3BF6-4155-64CB-6251-21ACCE122950";
	setAttr ".uopa" yes;
	setAttr ".ics" -type "componentList" 24 "e[49]" "e[51:52]" "e[54:55]" "e[57:58]" "e[60:61]" "e[63:64]" "e[66:67]" "e[69:70]" "e[72:73]" "e[75:76]" "e[78:79]" "e[81:82]" "e[84:85]" "e[87:88]" "e[90:91]" "e[93:94]" "e[96:97]" "e[99:100]" "e[102:103]" "e[105:106]" "e[108:109]" "e[111:112]" "e[114:115]" "e[117:119]";
	setAttr ".ix" -type "matrix" 2.1118119054334099 0 0 0 0 2.1118119054334099 0 0 0 0 2.1118119054334099 0
		 15.625 7.3471765518188477 74.821746826171875 1;
	setAttr ".ws" yes;
	setAttr ".oaf" yes;
	setAttr ".f" 0.20000000000000004;
	setAttr ".sg" 2;
	setAttr ".at" 180;
	setAttr ".sn" yes;
	setAttr ".mv" yes;
	setAttr ".mvt" 0.0001;
	setAttr ".sa" 30;
createNode polyExtrudeFace -n "polyExtrudeFace3";
	rename -uid "2EB81506-422D-FE58-F0B0-7686C39B9422";
	setAttr ".ics" -type "componentList" 1 "f[14]";
	setAttr ".ix" -type "matrix" 100 0 0 0 0 5.3200244500532401 0 0 0 0 40 0 0 2.6600122349277635 81.433921207464962 1;
	setAttr ".ws" yes;
	setAttr ".pvt" -type "float3" 46.875 5.3200245 81.433922 ;
	setAttr ".rs" 40305;
	setAttr ".off" 1;
	setAttr ".c[0]"  0 1 1;
	setAttr ".cbn" -type "double3" 43.75 5.320024459954384 61.43391643909338 ;
	setAttr ".cbx" -type "double3" 50 5.320024459954384 101.43392120746496 ;
createNode polyTweak -n "polyTweak5";
	rename -uid "61C3B334-4CF1-C9A1-FE07-D39414474A5A";
	setAttr ".uopa" yes;
	setAttr -s 4 ".tk[20:23]" -type "float3"  -0.030327424 0 0 -0.030327424
		 0 0 -0.030327424 0 0 -0.030327424 0 0;
createNode polySoftEdge -n "polySoftEdge1";
	rename -uid "80E7A893-4D28-9EC5-BC80-5DA58343F433";
	setAttr ".uopa" yes;
	setAttr ".ics" -type "componentList" 1 "e[*]";
	setAttr ".ix" -type "matrix" 100 0 0 0 0 5.3200244500532401 0 0 0 0 40 0 0 2.6600122349277635 81.433921207464962 1;
	setAttr ".a" 0;
createNode polyTweak -n "polyTweak6";
	rename -uid "E32342CA-40CC-D094-C34A-C6A310F66083";
	setAttr ".uopa" yes;
	setAttr -s 4 ".tk[24:27]" -type "float3"  0 0.37593803 0 0 0.37593803
		 0 0 0.37593803 0 0 0.37593803 0;
createNode polyBevel3 -n "polyBevel4";
	rename -uid "BDD4352C-41FF-9495-6938-CE817BE4E2E4";
	setAttr ".uopa" yes;
	setAttr ".ics" -type "componentList" 8 "e[4:5]" "e[8:9]" "e[20:21]" "e[23]" "e[25]" "e[44:45]" "e[47]" "e[49]";
	setAttr ".ix" -type "matrix" 100 0 0 0 0 5.3200244500532401 0 0 0 0 40 0 0 2.6600122349277635 81.433921207464962 1;
	setAttr ".ws" yes;
	setAttr ".oaf" yes;
	setAttr ".f" 1;
	setAttr ".sg" 4;
	setAttr ".at" 180;
	setAttr ".sn" yes;
	setAttr ".mv" yes;
	setAttr ".mvt" 0.0001;
	setAttr ".sa" 30;
createNode polySoftEdge -n "polySoftEdge2";
	rename -uid "6D9B3A81-4CB2-8558-96DF-F4B52FE04998";
	setAttr ".uopa" yes;
	setAttr ".ics" -type "componentList" 17 "e[20:21]" "e[27]" "e[33]" "e[66]" "e[68:69]" "e[71]" "e[91]" "e[93:94]" "e[96]" "e[131]" "e[134]" "e[137]" "e[139]" "e[142]" "e[145]" "e[148]" "e[150]";
	setAttr ".ix" -type "matrix" 100 0 0 0 0 5.3200244500532401 0 0 0 0 40 0 0 2.6600122349277635 81.433921207464962 1;
	setAttr ".a" 0;
createNode polySplit -n "polySplit3";
	rename -uid "2DDB76DE-4C79-ED69-A72C-DDA44A51D5F5";
	setAttr -s 3 ".e[0:2]"  0 0.904342 1;
	setAttr -s 3 ".d[0:2]"  -2147483519 -2147483452 -2147483451;
	setAttr ".sma" 180;
	setAttr ".m2015" yes;
createNode polyMergeVert -n "polyMergeVert1";
	rename -uid "3E425BB0-4D43-00C3-995B-D680A3FD70B8";
	setAttr ".ics" -type "componentList" 2 "vtx[57]" "vtx[117]";
	setAttr ".ix" -type "matrix" 100 0 0 0 0 5.3200244500532401 0 0 0 0 40 0 0 2.6600122349277635 81.433921207464962 1;
	setAttr ".d" 1e-06;
createNode polyTweak -n "polyTweak7";
	rename -uid "88BCF296-4737-BDC0-2AD6-2E81F04ED089";
	setAttr ".uopa" yes;
	setAttr -s 6 ".tk";
	setAttr ".tk[57]" -type "float3" 0 0.085803151 0 ;
	setAttr ".tk[117]" -type "float3" 0 -0.085803151 0 ;
	setAttr ".tk[128]" -type "float3" 0.011861932 0.016415512 0.0036567897 ;
createNode polyMergeVert -n "polyMergeVert2";
	rename -uid "81815141-4018-A92B-850D-50BEB055EE57";
	setAttr ".ics" -type "componentList" 2 "vtx[58]" "vtx[116]";
	setAttr ".ix" -type "matrix" 100 0 0 0 0 5.3200244500532401 0 0 0 0 40 0 0 2.6600122349277635 81.433921207464962 1;
	setAttr ".d" 1e-06;
createNode polyTweak -n "polyTweak8";
	rename -uid "FFCC5CF5-4A55-97B1-92C3-52B3F2178E49";
	setAttr ".uopa" yes;
	setAttr -s 3 ".tk";
	setAttr ".tk[57]" -type "float3" -1.7881394e-08 0.25740945 1.5162497e-08 ;
	setAttr ".tk[58]" -type "float3" -0.0045647621 0 0 ;
	setAttr ".tk[116]" -type "float3" 0.0045647621 0 0 ;
createNode polyMergeVert -n "polyMergeVert3";
	rename -uid "288D90FE-4E6A-6647-9CDD-D78D4F3492D4";
	setAttr ".ics" -type "componentList" 3 "vtx[57:58]" "vtx[116]" "vtx[126]";
	setAttr ".ix" -type "matrix" 100 0 0 0 0 5.3200244500532401 0 0 0 0 40 0 0 2.6600122349277635 81.433921207464962 1;
	setAttr ".d" 1e-06;
createNode polyTweak -n "polyTweak9";
	rename -uid "D2E60981-4928-2239-F5D4-F98C0FC30177";
	setAttr ".uopa" yes;
	setAttr -s 4 ".tk";
	setAttr ".tk[58]" -type "float3" -0.013694244 5.714647e-09 1.5162497e-08 ;
	setAttr ".tk[116]" -type "float3" -2.9802322e-08 0 0 ;
createNode polyMergeVert -n "polyMergeVert4";
	rename -uid "BF3B6C4A-49D7-682B-6625-0CA6798A4A99";
	setAttr ".ics" -type "componentList" 2 "vtx[68:69]" "vtx[115:116]";
	setAttr ".ix" -type "matrix" 100 0 0 0 0 5.3200244500532401 0 0 0 0 40 0 0 2.6600122349277635 81.433921207464962 1;
	setAttr ".d" 1e-06;
createNode polyTweak -n "polyTweak10";
	rename -uid "44666979-4CDF-AD42-0B0B-848B09B0C903";
	setAttr ".uopa" yes;
	setAttr -s 6 ".tk";
	setAttr ".tk[1]" -type "float3" -0.0016174205 0 0 ;
	setAttr ".tk[57]" -type "float3" -0.001617372 0 0 ;
	setAttr ".tk[68]" -type "float3" -0.011411875 -0.12870473 0 ;
	setAttr ".tk[69]" -type "float3" 0.0068471134 0.21450788 0 ;
	setAttr ".tk[115]" -type "float3" 0.0068471134 0.042901576 0 ;
	setAttr ".tk[116]" -type "float3" -0.0022823513 -0.12870473 0 ;
createNode polyMergeVert -n "polyMergeVert5";
	rename -uid "BF40524F-4EAF-07AD-5D96-94AAFEA949C3";
	setAttr ".ics" -type "componentList" 2 "vtx[68]" "vtx[114]";
	setAttr ".ix" -type "matrix" 100 0 0 0 0 5.3200244500532401 0 0 0 0 40 0 0 2.6600122349277635 81.433921207464962 1;
	setAttr ".d" 1e-06;
createNode polyTweak -n "polyTweak11";
	rename -uid "81E1673F-4C6D-1E30-FB51-68A36F4B0A31";
	setAttr ".uopa" yes;
	setAttr -s 2 ".tk";
	setAttr ".tk[68]" -type "float3" -0.0068471339 0.12870473 -2.0600289e-08 ;
	setAttr ".tk[114]" -type "float3" -3.2829121e-08 0 0 ;
createNode polyMergeVert -n "polyMergeVert6";
	rename -uid "23E2FB01-483C-2227-6D35-BEBD1BC9867D";
	setAttr ".ics" -type "componentList" 2 "vtx[84:85]" "vtx[114:115]";
	setAttr ".ix" -type "matrix" 100 0 0 0 0 5.3200244500532401 0 0 0 0 40 0 0 2.6600122349277635 81.433921207464962 1;
	setAttr ".d" 1e-06;
createNode polyTweak -n "polyTweak12";
	rename -uid "BDF53C98-4B4D-F62B-EFC7-BFBEC3725481";
	setAttr ".uopa" yes;
	setAttr -s 6 ".tk";
	setAttr ".tk[84]" -type "float3" 0.011630386 -0.13116884 0 ;
	setAttr ".tk[85]" -type "float3" -0.0069782138 0.21861476 0 ;
	setAttr ".tk[114]" -type "float3" -0.0069782138 0.043722928 0 ;
	setAttr ".tk[115]" -type "float3" 0.0023260713 -0.13116884 0 ;
createNode polyMergeVert -n "polyMergeVert7";
	rename -uid "CC298C47-4752-1D30-32B6-FCB78A8486D6";
	setAttr ".ics" -type "componentList" 2 "vtx[84]" "vtx[113]";
	setAttr ".ix" -type "matrix" 100 0 0 0 0 5.3200244500532401 0 0 0 0 40 0 0 2.6600122349277635 81.433921207464962 1;
	setAttr ".d" 1e-06;
createNode polyTweak -n "polyTweak13";
	rename -uid "833DB7B3-4AB7-EC7A-B11A-DE877FBBB5B3";
	setAttr ".uopa" yes;
	setAttr -s 3 ".tk";
	setAttr ".tk[84]" -type "float3" 0.0069782138 0.13116884 1.5162497e-08 ;
createNode polySoftEdge -n "polySoftEdge3";
	rename -uid "E07E9028-44EA-4F1D-5833-738E9BB759BF";
	setAttr ".uopa" yes;
	setAttr ".ics" -type "componentList" 1 "e[176]";
	setAttr ".ix" -type "matrix" 100 0 0 0 0 5.3200244500532401 0 0 0 0 40 0 0 2.6600122349277635 81.433921207464962 1;
	setAttr ".a" 0;
createNode polySoftEdge -n "polySoftEdge4";
	rename -uid "F4B05922-4496-7B1D-FDBC-5982E480888D";
	setAttr ".uopa" yes;
	setAttr ".ics" -type "componentList" 19 "e[32]" "e[71]" "e[75]" "e[78]" "e[81]" "e[113]" "e[117]" "e[120]" "e[123]" "e[148]" "e[151]" "e[154]" "e[157]" "e[159]" "e[162]" "e[165]" "e[168]" "e[172]" "e[174:175]";
	setAttr ".ix" -type "matrix" 100 0 0 0 0 5.3200244500532401 0 0 0 0 40 0 0 2.6600122349277635 81.433921207464962 1;
	setAttr ".a" 0;
createNode polySoftEdge -n "polySoftEdge5";
	rename -uid "35C89DE3-4C3A-CC10-508A-ADAA5CADA21D";
	setAttr ".uopa" yes;
	setAttr ".ics" -type "componentList" 19 "e[23]" "e[52]" "e[56]" "e[59]" "e[62]" "e[94]" "e[98]" "e[101]" "e[104]" "e[126]" "e[129]" "e[132]" "e[135]" "e[137]" "e[140]" "e[143]" "e[146]" "e[170:171]" "e[173]";
	setAttr ".ix" -type "matrix" 100 0 0 0 0 5.3200244500532401 0 0 0 0 40 0 0 2.6600122349277635 81.433921207464962 1;
	setAttr ".a" 0;
createNode polySoftEdge -n "polySoftEdge6";
	rename -uid "069649E6-4F10-9C5F-440F-08AFC8026F24";
	setAttr ".uopa" yes;
	setAttr ".ics" -type "componentList" 1 "e[24]";
	setAttr ".ix" -type "matrix" 100 0 0 0 0 5.3200244500532401 0 0 0 0 40 0 0 2.6600122349277635 81.433921207464962 1;
	setAttr ".a" 0;
createNode polyMergeVert -n "polyMergeVert8";
	rename -uid "5A939AC2-410B-8699-FC40-86A41ABF858F";
	setAttr ".ics" -type "componentList" 2 "vtx[95:96]" "vtx[113:114]";
	setAttr ".ix" -type "matrix" 100 0 0 0 0 5.3200244500532401 0 0 0 0 40 0 0 2.6600122349277635 81.433921207464962 1;
	setAttr ".d" 1e-06;
createNode polyTweak -n "polyTweak14";
	rename -uid "79D7F47D-454A-DE5D-8762-D8B832ED4A96";
	setAttr ".uopa" yes;
	setAttr -s 4 ".tk";
	setAttr ".tk[95]" -type "float3" -0.0069782138 0.21861482 0 ;
	setAttr ".tk[96]" -type "float3" 0.011630386 -0.13116884 0 ;
	setAttr ".tk[113]" -type "float3" 0.0023260713 -0.13116884 0 ;
	setAttr ".tk[114]" -type "float3" -0.0069782138 0.043722928 0 ;
createNode polyMergeVert -n "polyMergeVert9";
	rename -uid "16961E37-4868-9529-6045-62BCE6391460";
	setAttr ".ics" -type "componentList" 2 "vtx[95]" "vtx[112]";
	setAttr ".ix" -type "matrix" 100 0 0 0 0 5.3200244500532401 0 0 0 0 40 0 0 2.6600122349277635 81.433921207464962 1;
	setAttr ".d" 1e-06;
createNode polyTweak -n "polyTweak15";
	rename -uid "90BE2589-400A-99AB-9E29-0DB34333F14B";
	setAttr ".uopa" yes;
	setAttr -s 2 ".tk";
	setAttr ".tk[95]" -type "float3" 0.0069782138 0.13116884 -2.0600289e-08 ;
createNode polySoftEdge -n "polySoftEdge7";
	rename -uid "197D2512-449C-9A52-7640-E68CFA1C4E98";
	setAttr ".uopa" yes;
	setAttr ".ics" -type "componentList" 19 "e[32]" "e[70]" "e[74]" "e[77]" "e[80]" "e[112]" "e[116]" "e[119]" "e[122]" "e[147]" "e[150]" "e[153]" "e[156]" "e[158]" "e[161]" "e[164]" "e[167]" "e[171]" "e[173:174]";
	setAttr ".ix" -type "matrix" 100 0 0 0 0 5.3200244500532401 0 0 0 0 40 0 0 2.6600122349277635 81.433921207464962 1;
	setAttr ".a" 0;
createNode polySoftEdge -n "polySoftEdge8";
	rename -uid "C5CB22CA-4720-6983-C101-2987EB75AA59";
	setAttr ".uopa" yes;
	setAttr ".ics" -type "componentList" 1 "e[37]";
	setAttr ".ix" -type "matrix" 100 0 0 0 0 5.3200244500532401 0 0 0 0 40 0 0 2.6600122349277635 81.433921207464962 1;
	setAttr ".a" 0;
createNode polySoftEdge -n "polySoftEdge9";
	rename -uid "9B3448FA-48BA-D034-12C3-C1B2565922BA";
	setAttr ".uopa" yes;
	setAttr ".ics" -type "componentList" 1 "e[9]";
	setAttr ".ix" -type "matrix" 100 0 0 0 0 5.3200244500532401 0 0 0 0 40 0 0 2.6600122349277635 81.433921207464962 1;
	setAttr ".a" 0;
createNode script -n "uiConfigurationScriptNode";
	rename -uid "721E006C-4C55-9D67-D4BE-CDB00D22B976";
	setAttr ".b" -type "string" (
		"// Maya Mel UI Configuration File.\n//\n//  This script is machine generated.  Edit at your own risk.\n//\n//\n\nglobal string $gMainPane;\nif (`paneLayout -exists $gMainPane`) {\n\n\tglobal int $gUseScenePanelConfig;\n\tint    $useSceneConfig = $gUseScenePanelConfig;\n\tint    $nodeEditorPanelVisible = stringArrayContains(\"nodeEditorPanel1\", `getPanel -vis`);\n\tint    $nodeEditorWorkspaceControlOpen = (`workspaceControl -exists nodeEditorPanel1Window` && `workspaceControl -q -visible nodeEditorPanel1Window`);\n\tint    $menusOkayInPanels = `optionVar -q allowMenusInPanels`;\n\tint    $nVisPanes = `paneLayout -q -nvp $gMainPane`;\n\tint    $nPanes = 0;\n\tstring $editorName;\n\tstring $panelName;\n\tstring $itemFilterName;\n\tstring $panelConfig;\n\n\t//\n\t//  get current state of the UI\n\t//\n\tsceneUIReplacement -update $gMainPane;\n\n\t$panelName = `sceneUIReplacement -getNextPanel \"modelPanel\" (localizedPanelLabel(\"Top View\")) `;\n\tif (\"\" != $panelName) {\n\t\t$label = `panel -q -label $panelName`;\n\t\tmodelPanel -edit -l (localizedPanelLabel(\"Top View\")) -mbv $menusOkayInPanels  $panelName;\n"
		+ "\t\t$editorName = $panelName;\n        modelEditor -e \n            -camera \"|top\" \n            -useInteractiveMode 0\n            -displayLights \"default\" \n            -displayAppearance \"smoothShaded\" \n            -activeOnly 0\n            -ignorePanZoom 0\n            -wireframeOnShaded 0\n            -headsUpDisplay 1\n            -holdOuts 1\n            -selectionHiliteDisplay 1\n            -useDefaultMaterial 0\n            -bufferMode \"double\" \n            -twoSidedLighting 0\n            -backfaceCulling 0\n            -xray 0\n            -jointXray 0\n            -activeComponentsXray 0\n            -displayTextures 0\n            -smoothWireframe 0\n            -lineWidth 1\n            -textureAnisotropic 0\n            -textureHilight 1\n            -textureSampling 2\n            -textureDisplay \"modulate\" \n            -textureMaxSize 32768\n            -fogging 0\n            -fogSource \"fragment\" \n            -fogMode \"linear\" \n            -fogStart 0\n            -fogEnd 100\n            -fogDensity 0.1\n            -fogColor 0.5 0.5 0.5 1 \n"
		+ "            -depthOfFieldPreview 1\n            -maxConstantTransparency 1\n            -rendererName \"vp2Renderer\" \n            -objectFilterShowInHUD 1\n            -isFiltered 0\n            -colorResolution 256 256 \n            -bumpResolution 512 512 \n            -textureCompression 0\n            -transparencyAlgorithm \"frontAndBackCull\" \n            -transpInShadows 0\n            -cullingOverride \"none\" \n            -lowQualityLighting 0\n            -maximumNumHardwareLights 1\n            -occlusionCulling 0\n            -shadingModel 0\n            -useBaseRenderer 0\n            -useReducedRenderer 0\n            -smallObjectCulling 0\n            -smallObjectThreshold -1 \n            -interactiveDisableShadows 0\n            -interactiveBackFaceCull 0\n            -sortTransparent 1\n            -controllers 1\n            -nurbsCurves 1\n            -nurbsSurfaces 1\n            -polymeshes 1\n            -subdivSurfaces 1\n            -planes 1\n            -lights 1\n            -cameras 1\n            -controlVertices 1\n"
		+ "            -hulls 1\n            -grid 1\n            -imagePlane 1\n            -joints 1\n            -ikHandles 1\n            -deformers 1\n            -dynamics 1\n            -particleInstancers 1\n            -fluids 1\n            -hairSystems 1\n            -follicles 1\n            -nCloths 1\n            -nParticles 1\n            -nRigids 1\n            -dynamicConstraints 1\n            -locators 1\n            -manipulators 1\n            -pluginShapes 1\n            -dimensions 1\n            -handles 1\n            -pivots 1\n            -textures 1\n            -strokes 1\n            -motionTrails 1\n            -clipGhosts 1\n            -greasePencils 0\n            -shadows 0\n            -captureSequenceNumber -1\n            -width 1\n            -height 1\n            -sceneRenderFilter 0\n            $editorName;\n        modelEditor -e -viewSelected 0 $editorName;\n        modelEditor -e \n            -pluginObjects \"gpuCacheDisplayFilter\" 1 \n            $editorName;\n\t\tif (!$useSceneConfig) {\n\t\t\tpanel -e -l $label $panelName;\n"
		+ "\t\t}\n\t}\n\n\n\t$panelName = `sceneUIReplacement -getNextPanel \"modelPanel\" (localizedPanelLabel(\"Side View\")) `;\n\tif (\"\" != $panelName) {\n\t\t$label = `panel -q -label $panelName`;\n\t\tmodelPanel -edit -l (localizedPanelLabel(\"Side View\")) -mbv $menusOkayInPanels  $panelName;\n\t\t$editorName = $panelName;\n        modelEditor -e \n            -camera \"|side\" \n            -useInteractiveMode 0\n            -displayLights \"default\" \n            -displayAppearance \"smoothShaded\" \n            -activeOnly 0\n            -ignorePanZoom 0\n            -wireframeOnShaded 0\n            -headsUpDisplay 1\n            -holdOuts 1\n            -selectionHiliteDisplay 1\n            -useDefaultMaterial 0\n            -bufferMode \"double\" \n            -twoSidedLighting 0\n            -backfaceCulling 0\n            -xray 0\n            -jointXray 0\n            -activeComponentsXray 0\n            -displayTextures 0\n            -smoothWireframe 0\n            -lineWidth 1\n            -textureAnisotropic 0\n            -textureHilight 1\n            -textureSampling 2\n"
		+ "            -textureDisplay \"modulate\" \n            -textureMaxSize 32768\n            -fogging 0\n            -fogSource \"fragment\" \n            -fogMode \"linear\" \n            -fogStart 0\n            -fogEnd 100\n            -fogDensity 0.1\n            -fogColor 0.5 0.5 0.5 1 \n            -depthOfFieldPreview 1\n            -maxConstantTransparency 1\n            -rendererName \"vp2Renderer\" \n            -objectFilterShowInHUD 1\n            -isFiltered 0\n            -colorResolution 256 256 \n            -bumpResolution 512 512 \n            -textureCompression 0\n            -transparencyAlgorithm \"frontAndBackCull\" \n            -transpInShadows 0\n            -cullingOverride \"none\" \n            -lowQualityLighting 0\n            -maximumNumHardwareLights 1\n            -occlusionCulling 0\n            -shadingModel 0\n            -useBaseRenderer 0\n            -useReducedRenderer 0\n            -smallObjectCulling 0\n            -smallObjectThreshold -1 \n            -interactiveDisableShadows 0\n            -interactiveBackFaceCull 0\n"
		+ "            -sortTransparent 1\n            -controllers 1\n            -nurbsCurves 1\n            -nurbsSurfaces 1\n            -polymeshes 1\n            -subdivSurfaces 1\n            -planes 1\n            -lights 1\n            -cameras 1\n            -controlVertices 1\n            -hulls 1\n            -grid 1\n            -imagePlane 1\n            -joints 1\n            -ikHandles 1\n            -deformers 1\n            -dynamics 1\n            -particleInstancers 1\n            -fluids 1\n            -hairSystems 1\n            -follicles 1\n            -nCloths 1\n            -nParticles 1\n            -nRigids 1\n            -dynamicConstraints 1\n            -locators 1\n            -manipulators 1\n            -pluginShapes 1\n            -dimensions 1\n            -handles 1\n            -pivots 1\n            -textures 1\n            -strokes 1\n            -motionTrails 1\n            -clipGhosts 1\n            -greasePencils 0\n            -shadows 0\n            -captureSequenceNumber -1\n            -width 1\n            -height 1\n"
		+ "            -sceneRenderFilter 0\n            $editorName;\n        modelEditor -e -viewSelected 0 $editorName;\n        modelEditor -e \n            -pluginObjects \"gpuCacheDisplayFilter\" 1 \n            $editorName;\n\t\tif (!$useSceneConfig) {\n\t\t\tpanel -e -l $label $panelName;\n\t\t}\n\t}\n\n\n\t$panelName = `sceneUIReplacement -getNextPanel \"modelPanel\" (localizedPanelLabel(\"Front View\")) `;\n\tif (\"\" != $panelName) {\n\t\t$label = `panel -q -label $panelName`;\n\t\tmodelPanel -edit -l (localizedPanelLabel(\"Front View\")) -mbv $menusOkayInPanels  $panelName;\n\t\t$editorName = $panelName;\n        modelEditor -e \n            -camera \"|front\" \n            -useInteractiveMode 0\n            -displayLights \"default\" \n            -displayAppearance \"smoothShaded\" \n            -activeOnly 0\n            -ignorePanZoom 0\n            -wireframeOnShaded 0\n            -headsUpDisplay 1\n            -holdOuts 1\n            -selectionHiliteDisplay 1\n            -useDefaultMaterial 0\n            -bufferMode \"double\" \n            -twoSidedLighting 0\n            -backfaceCulling 0\n"
		+ "            -xray 0\n            -jointXray 0\n            -activeComponentsXray 0\n            -displayTextures 0\n            -smoothWireframe 0\n            -lineWidth 1\n            -textureAnisotropic 0\n            -textureHilight 1\n            -textureSampling 2\n            -textureDisplay \"modulate\" \n            -textureMaxSize 32768\n            -fogging 0\n            -fogSource \"fragment\" \n            -fogMode \"linear\" \n            -fogStart 0\n            -fogEnd 100\n            -fogDensity 0.1\n            -fogColor 0.5 0.5 0.5 1 \n            -depthOfFieldPreview 1\n            -maxConstantTransparency 1\n            -rendererName \"vp2Renderer\" \n            -objectFilterShowInHUD 1\n            -isFiltered 0\n            -colorResolution 256 256 \n            -bumpResolution 512 512 \n            -textureCompression 0\n            -transparencyAlgorithm \"frontAndBackCull\" \n            -transpInShadows 0\n            -cullingOverride \"none\" \n            -lowQualityLighting 0\n            -maximumNumHardwareLights 1\n            -occlusionCulling 0\n"
		+ "            -shadingModel 0\n            -useBaseRenderer 0\n            -useReducedRenderer 0\n            -smallObjectCulling 0\n            -smallObjectThreshold -1 \n            -interactiveDisableShadows 0\n            -interactiveBackFaceCull 0\n            -sortTransparent 1\n            -controllers 1\n            -nurbsCurves 1\n            -nurbsSurfaces 1\n            -polymeshes 1\n            -subdivSurfaces 1\n            -planes 1\n            -lights 1\n            -cameras 1\n            -controlVertices 1\n            -hulls 1\n            -grid 1\n            -imagePlane 1\n            -joints 1\n            -ikHandles 1\n            -deformers 1\n            -dynamics 1\n            -particleInstancers 1\n            -fluids 1\n            -hairSystems 1\n            -follicles 1\n            -nCloths 1\n            -nParticles 1\n            -nRigids 1\n            -dynamicConstraints 1\n            -locators 1\n            -manipulators 1\n            -pluginShapes 1\n            -dimensions 1\n            -handles 1\n            -pivots 1\n"
		+ "            -textures 1\n            -strokes 1\n            -motionTrails 1\n            -clipGhosts 1\n            -greasePencils 0\n            -shadows 0\n            -captureSequenceNumber -1\n            -width 1319\n            -height 726\n            -sceneRenderFilter 0\n            $editorName;\n        modelEditor -e -viewSelected 0 $editorName;\n        modelEditor -e \n            -pluginObjects \"gpuCacheDisplayFilter\" 1 \n            $editorName;\n\t\tif (!$useSceneConfig) {\n\t\t\tpanel -e -l $label $panelName;\n\t\t}\n\t}\n\n\n\t$panelName = `sceneUIReplacement -getNextPanel \"modelPanel\" (localizedPanelLabel(\"Persp View\")) `;\n\tif (\"\" != $panelName) {\n\t\t$label = `panel -q -label $panelName`;\n\t\tmodelPanel -edit -l (localizedPanelLabel(\"Persp View\")) -mbv $menusOkayInPanels  $panelName;\n\t\t$editorName = $panelName;\n        modelEditor -e \n            -camera \"|persp\" \n            -useInteractiveMode 0\n            -displayLights \"default\" \n            -displayAppearance \"smoothShaded\" \n            -activeOnly 0\n            -ignorePanZoom 0\n"
		+ "            -wireframeOnShaded 0\n            -headsUpDisplay 1\n            -holdOuts 1\n            -selectionHiliteDisplay 1\n            -useDefaultMaterial 0\n            -bufferMode \"double\" \n            -twoSidedLighting 0\n            -backfaceCulling 0\n            -xray 0\n            -jointXray 0\n            -activeComponentsXray 0\n            -displayTextures 0\n            -smoothWireframe 0\n            -lineWidth 1\n            -textureAnisotropic 0\n            -textureHilight 1\n            -textureSampling 2\n            -textureDisplay \"modulate\" \n            -textureMaxSize 32768\n            -fogging 0\n            -fogSource \"fragment\" \n            -fogMode \"linear\" \n            -fogStart 0\n            -fogEnd 100\n            -fogDensity 0.1\n            -fogColor 0.5 0.5 0.5 1 \n            -depthOfFieldPreview 1\n            -maxConstantTransparency 1\n            -rendererName \"vp2Renderer\" \n            -objectFilterShowInHUD 1\n            -isFiltered 0\n            -colorResolution 256 256 \n            -bumpResolution 512 512 \n"
		+ "            -textureCompression 0\n            -transparencyAlgorithm \"frontAndBackCull\" \n            -transpInShadows 0\n            -cullingOverride \"none\" \n            -lowQualityLighting 0\n            -maximumNumHardwareLights 1\n            -occlusionCulling 0\n            -shadingModel 0\n            -useBaseRenderer 0\n            -useReducedRenderer 0\n            -smallObjectCulling 0\n            -smallObjectThreshold -1 \n            -interactiveDisableShadows 0\n            -interactiveBackFaceCull 0\n            -sortTransparent 1\n            -controllers 1\n            -nurbsCurves 1\n            -nurbsSurfaces 1\n            -polymeshes 1\n            -subdivSurfaces 1\n            -planes 1\n            -lights 1\n            -cameras 1\n            -controlVertices 1\n            -hulls 1\n            -grid 1\n            -imagePlane 1\n            -joints 1\n            -ikHandles 1\n            -deformers 1\n            -dynamics 1\n            -particleInstancers 1\n            -fluids 1\n            -hairSystems 1\n            -follicles 1\n"
		+ "            -nCloths 1\n            -nParticles 1\n            -nRigids 1\n            -dynamicConstraints 1\n            -locators 1\n            -manipulators 1\n            -pluginShapes 1\n            -dimensions 1\n            -handles 1\n            -pivots 1\n            -textures 1\n            -strokes 1\n            -motionTrails 1\n            -clipGhosts 1\n            -greasePencils 0\n            -shadows 0\n            -captureSequenceNumber -1\n            -width 1117\n            -height 726\n            -sceneRenderFilter 0\n            $editorName;\n        modelEditor -e -viewSelected 0 $editorName;\n        modelEditor -e \n            -pluginObjects \"gpuCacheDisplayFilter\" 1 \n            $editorName;\n\t\tif (!$useSceneConfig) {\n\t\t\tpanel -e -l $label $panelName;\n\t\t}\n\t}\n\n\n\t$panelName = `sceneUIReplacement -getNextPanel \"outlinerPanel\" (localizedPanelLabel(\"ToggledOutliner\")) `;\n\tif (\"\" != $panelName) {\n\t\t$label = `panel -q -label $panelName`;\n\t\toutlinerPanel -edit -l (localizedPanelLabel(\"ToggledOutliner\")) -mbv $menusOkayInPanels  $panelName;\n"
		+ "\t\t$editorName = $panelName;\n        outlinerEditor -e \n            -docTag \"isolOutln_fromSeln\" \n            -showShapes 0\n            -showAssignedMaterials 0\n            -showTimeEditor 1\n            -showReferenceNodes 1\n            -showReferenceMembers 1\n            -showAttributes 0\n            -showConnected 0\n            -showAnimCurvesOnly 0\n            -showMuteInfo 0\n            -organizeByLayer 1\n            -organizeByClip 1\n            -showAnimLayerWeight 1\n            -autoExpandLayers 1\n            -autoExpand 0\n            -showDagOnly 1\n            -showAssets 1\n            -showContainedOnly 1\n            -showPublishedAsConnected 0\n            -showParentContainers 0\n            -showContainerContents 1\n            -ignoreDagHierarchy 0\n            -expandConnections 0\n            -showUpstreamCurves 1\n            -showUnitlessCurves 1\n            -showCompounds 1\n            -showLeafs 1\n            -showNumericAttrsOnly 0\n            -highlightActive 1\n            -autoSelectNewObjects 0\n"
		+ "            -doNotSelectNewObjects 0\n            -dropIsParent 1\n            -transmitFilters 0\n            -setFilter \"defaultSetFilter\" \n            -showSetMembers 1\n            -allowMultiSelection 1\n            -alwaysToggleSelect 0\n            -directSelect 0\n            -isSet 0\n            -isSetMember 0\n            -displayMode \"DAG\" \n            -expandObjects 0\n            -setsIgnoreFilters 1\n            -containersIgnoreFilters 0\n            -editAttrName 0\n            -showAttrValues 0\n            -highlightSecondary 0\n            -showUVAttrsOnly 0\n            -showTextureNodesOnly 0\n            -attrAlphaOrder \"default\" \n            -animLayerFilterOptions \"allAffecting\" \n            -sortOrder \"none\" \n            -longNames 0\n            -niceNames 1\n            -showNamespace 1\n            -showPinIcons 0\n            -mapMotionTrails 0\n            -ignoreHiddenAttribute 0\n            -ignoreOutlinerColor 0\n            -renderFilterVisible 0\n            -renderFilterIndex 0\n            -selectionOrder \"chronological\" \n"
		+ "            -expandAttribute 0\n            $editorName;\n\t\tif (!$useSceneConfig) {\n\t\t\tpanel -e -l $label $panelName;\n\t\t}\n\t}\n\n\n\t$panelName = `sceneUIReplacement -getNextPanel \"outlinerPanel\" (localizedPanelLabel(\"Outliner\")) `;\n\tif (\"\" != $panelName) {\n\t\t$label = `panel -q -label $panelName`;\n\t\toutlinerPanel -edit -l (localizedPanelLabel(\"Outliner\")) -mbv $menusOkayInPanels  $panelName;\n\t\t$editorName = $panelName;\n        outlinerEditor -e \n            -showShapes 0\n            -showAssignedMaterials 0\n            -showTimeEditor 1\n            -showReferenceNodes 0\n            -showReferenceMembers 0\n            -showAttributes 0\n            -showConnected 0\n            -showAnimCurvesOnly 0\n            -showMuteInfo 0\n            -organizeByLayer 1\n            -organizeByClip 1\n            -showAnimLayerWeight 1\n            -autoExpandLayers 1\n            -autoExpand 0\n            -showDagOnly 1\n            -showAssets 1\n            -showContainedOnly 1\n            -showPublishedAsConnected 0\n            -showParentContainers 0\n"
		+ "            -showContainerContents 1\n            -ignoreDagHierarchy 0\n            -expandConnections 0\n            -showUpstreamCurves 1\n            -showUnitlessCurves 1\n            -showCompounds 1\n            -showLeafs 1\n            -showNumericAttrsOnly 0\n            -highlightActive 1\n            -autoSelectNewObjects 0\n            -doNotSelectNewObjects 0\n            -dropIsParent 1\n            -transmitFilters 0\n            -setFilter \"0\" \n            -showSetMembers 1\n            -allowMultiSelection 1\n            -alwaysToggleSelect 0\n            -directSelect 0\n            -displayMode \"DAG\" \n            -expandObjects 0\n            -setsIgnoreFilters 1\n            -containersIgnoreFilters 0\n            -editAttrName 0\n            -showAttrValues 0\n            -highlightSecondary 0\n            -showUVAttrsOnly 0\n            -showTextureNodesOnly 0\n            -attrAlphaOrder \"default\" \n            -animLayerFilterOptions \"allAffecting\" \n            -sortOrder \"none\" \n            -longNames 0\n            -niceNames 1\n"
		+ "            -showNamespace 1\n            -showPinIcons 0\n            -mapMotionTrails 0\n            -ignoreHiddenAttribute 0\n            -ignoreOutlinerColor 0\n            -renderFilterVisible 0\n            $editorName;\n\t\tif (!$useSceneConfig) {\n\t\t\tpanel -e -l $label $panelName;\n\t\t}\n\t}\n\n\n\t$panelName = `sceneUIReplacement -getNextScriptedPanel \"graphEditor\" (localizedPanelLabel(\"Graph Editor\")) `;\n\tif (\"\" != $panelName) {\n\t\t$label = `panel -q -label $panelName`;\n\t\tscriptedPanel -edit -l (localizedPanelLabel(\"Graph Editor\")) -mbv $menusOkayInPanels  $panelName;\n\n\t\t\t$editorName = ($panelName+\"OutlineEd\");\n            outlinerEditor -e \n                -showShapes 1\n                -showAssignedMaterials 0\n                -showTimeEditor 1\n                -showReferenceNodes 0\n                -showReferenceMembers 0\n                -showAttributes 1\n                -showConnected 1\n                -showAnimCurvesOnly 1\n                -showMuteInfo 0\n                -organizeByLayer 1\n                -organizeByClip 1\n"
		+ "                -showAnimLayerWeight 1\n                -autoExpandLayers 1\n                -autoExpand 1\n                -showDagOnly 0\n                -showAssets 1\n                -showContainedOnly 0\n                -showPublishedAsConnected 0\n                -showParentContainers 0\n                -showContainerContents 0\n                -ignoreDagHierarchy 0\n                -expandConnections 1\n                -showUpstreamCurves 1\n                -showUnitlessCurves 1\n                -showCompounds 0\n                -showLeafs 1\n                -showNumericAttrsOnly 1\n                -highlightActive 0\n                -autoSelectNewObjects 1\n                -doNotSelectNewObjects 0\n                -dropIsParent 1\n                -transmitFilters 1\n                -setFilter \"0\" \n                -showSetMembers 0\n                -allowMultiSelection 1\n                -alwaysToggleSelect 0\n                -directSelect 0\n                -displayMode \"DAG\" \n                -expandObjects 0\n                -setsIgnoreFilters 1\n"
		+ "                -containersIgnoreFilters 0\n                -editAttrName 0\n                -showAttrValues 0\n                -highlightSecondary 0\n                -showUVAttrsOnly 0\n                -showTextureNodesOnly 0\n                -attrAlphaOrder \"default\" \n                -animLayerFilterOptions \"allAffecting\" \n                -sortOrder \"none\" \n                -longNames 0\n                -niceNames 1\n                -showNamespace 1\n                -showPinIcons 1\n                -mapMotionTrails 1\n                -ignoreHiddenAttribute 0\n                -ignoreOutlinerColor 0\n                -renderFilterVisible 0\n                $editorName;\n\n\t\t\t$editorName = ($panelName+\"GraphEd\");\n            animCurveEditor -e \n                -displayValues 0\n                -snapTime \"integer\" \n                -snapValue \"none\" \n                -showPlayRangeShades \"on\" \n                -lockPlayRangeShades \"off\" \n                -smoothness \"fine\" \n                -resultSamples 1\n                -resultScreenSamples 0\n"
		+ "                -resultUpdate \"delayed\" \n                -showUpstreamCurves 1\n                -keyMinScale 1\n                -stackedCurvesMin -1\n                -stackedCurvesMax 1\n                -stackedCurvesSpace 0.2\n                -preSelectionHighlight 0\n                -constrainDrag 0\n                -valueLinesToggle 1\n                -outliner \"graphEditor1OutlineEd\" \n                -highlightAffectedCurves 0\n                $editorName;\n\t\tif (!$useSceneConfig) {\n\t\t\tpanel -e -l $label $panelName;\n\t\t}\n\t}\n\n\n\t$panelName = `sceneUIReplacement -getNextScriptedPanel \"dopeSheetPanel\" (localizedPanelLabel(\"Dope Sheet\")) `;\n\tif (\"\" != $panelName) {\n\t\t$label = `panel -q -label $panelName`;\n\t\tscriptedPanel -edit -l (localizedPanelLabel(\"Dope Sheet\")) -mbv $menusOkayInPanels  $panelName;\n\n\t\t\t$editorName = ($panelName+\"OutlineEd\");\n            outlinerEditor -e \n                -showShapes 1\n                -showAssignedMaterials 0\n                -showTimeEditor 1\n                -showReferenceNodes 0\n                -showReferenceMembers 0\n"
		+ "                -showAttributes 1\n                -showConnected 1\n                -showAnimCurvesOnly 1\n                -showMuteInfo 0\n                -organizeByLayer 1\n                -organizeByClip 1\n                -showAnimLayerWeight 1\n                -autoExpandLayers 1\n                -autoExpand 0\n                -showDagOnly 0\n                -showAssets 1\n                -showContainedOnly 0\n                -showPublishedAsConnected 0\n                -showParentContainers 0\n                -showContainerContents 0\n                -ignoreDagHierarchy 0\n                -expandConnections 1\n                -showUpstreamCurves 1\n                -showUnitlessCurves 0\n                -showCompounds 1\n                -showLeafs 1\n                -showNumericAttrsOnly 1\n                -highlightActive 0\n                -autoSelectNewObjects 0\n                -doNotSelectNewObjects 1\n                -dropIsParent 1\n                -transmitFilters 0\n                -setFilter \"0\" \n                -showSetMembers 0\n"
		+ "                -allowMultiSelection 1\n                -alwaysToggleSelect 0\n                -directSelect 0\n                -displayMode \"DAG\" \n                -expandObjects 0\n                -setsIgnoreFilters 1\n                -containersIgnoreFilters 0\n                -editAttrName 0\n                -showAttrValues 0\n                -highlightSecondary 0\n                -showUVAttrsOnly 0\n                -showTextureNodesOnly 0\n                -attrAlphaOrder \"default\" \n                -animLayerFilterOptions \"allAffecting\" \n                -sortOrder \"none\" \n                -longNames 0\n                -niceNames 1\n                -showNamespace 1\n                -showPinIcons 0\n                -mapMotionTrails 1\n                -ignoreHiddenAttribute 0\n                -ignoreOutlinerColor 0\n                -renderFilterVisible 0\n                $editorName;\n\n\t\t\t$editorName = ($panelName+\"DopeSheetEd\");\n            dopeSheetEditor -e \n                -displayValues 0\n                -snapTime \"integer\" \n"
		+ "                -snapValue \"none\" \n                -outliner \"dopeSheetPanel1OutlineEd\" \n                -showSummary 1\n                -showScene 0\n                -hierarchyBelow 0\n                -showTicks 1\n                -selectionWindow 0 0 0 0 \n                $editorName;\n\t\tif (!$useSceneConfig) {\n\t\t\tpanel -e -l $label $panelName;\n\t\t}\n\t}\n\n\n\t$panelName = `sceneUIReplacement -getNextScriptedPanel \"timeEditorPanel\" (localizedPanelLabel(\"Time Editor\")) `;\n\tif (\"\" != $panelName) {\n\t\t$label = `panel -q -label $panelName`;\n\t\tscriptedPanel -edit -l (localizedPanelLabel(\"Time Editor\")) -mbv $menusOkayInPanels  $panelName;\n\t\tif (!$useSceneConfig) {\n\t\t\tpanel -e -l $label $panelName;\n\t\t}\n\t}\n\n\n\t$panelName = `sceneUIReplacement -getNextScriptedPanel \"clipEditorPanel\" (localizedPanelLabel(\"Trax Editor\")) `;\n\tif (\"\" != $panelName) {\n\t\t$label = `panel -q -label $panelName`;\n\t\tscriptedPanel -edit -l (localizedPanelLabel(\"Trax Editor\")) -mbv $menusOkayInPanels  $panelName;\n\n\t\t\t$editorName = clipEditorNameFromPanel($panelName);\n"
		+ "            clipEditor -e \n                -displayValues 0\n                -snapTime \"none\" \n                -snapValue \"none\" \n                -initialized 0\n                -manageSequencer 0 \n                $editorName;\n\t\tif (!$useSceneConfig) {\n\t\t\tpanel -e -l $label $panelName;\n\t\t}\n\t}\n\n\n\t$panelName = `sceneUIReplacement -getNextScriptedPanel \"sequenceEditorPanel\" (localizedPanelLabel(\"Camera Sequencer\")) `;\n\tif (\"\" != $panelName) {\n\t\t$label = `panel -q -label $panelName`;\n\t\tscriptedPanel -edit -l (localizedPanelLabel(\"Camera Sequencer\")) -mbv $menusOkayInPanels  $panelName;\n\n\t\t\t$editorName = sequenceEditorNameFromPanel($panelName);\n            clipEditor -e \n                -displayValues 0\n                -snapTime \"none\" \n                -snapValue \"none\" \n                -initialized 0\n                -manageSequencer 1 \n                $editorName;\n\t\tif (!$useSceneConfig) {\n\t\t\tpanel -e -l $label $panelName;\n\t\t}\n\t}\n\n\n\t$panelName = `sceneUIReplacement -getNextScriptedPanel \"hyperGraphPanel\" (localizedPanelLabel(\"Hypergraph Hierarchy\")) `;\n"
		+ "\tif (\"\" != $panelName) {\n\t\t$label = `panel -q -label $panelName`;\n\t\tscriptedPanel -edit -l (localizedPanelLabel(\"Hypergraph Hierarchy\")) -mbv $menusOkayInPanels  $panelName;\n\n\t\t\t$editorName = ($panelName+\"HyperGraphEd\");\n            hyperGraph -e \n                -graphLayoutStyle \"hierarchicalLayout\" \n                -orientation \"horiz\" \n                -mergeConnections 0\n                -zoom 1\n                -animateTransition 0\n                -showRelationships 1\n                -showShapes 0\n                -showDeformers 0\n                -showExpressions 0\n                -showConstraints 0\n                -showConnectionFromSelected 0\n                -showConnectionToSelected 0\n                -showConstraintLabels 0\n                -showUnderworld 0\n                -showInvisible 0\n                -transitionFrames 1\n                -opaqueContainers 0\n                -freeform 0\n                -imagePosition 0 0 \n                -imageScale 1\n                -imageEnabled 0\n                -graphType \"DAG\" \n"
		+ "                -heatMapDisplay 0\n                -updateSelection 1\n                -updateNodeAdded 1\n                -useDrawOverrideColor 0\n                -limitGraphTraversal -1\n                -range 0 0 \n                -iconSize \"smallIcons\" \n                -showCachedConnections 0\n                $editorName;\n\t\tif (!$useSceneConfig) {\n\t\t\tpanel -e -l $label $panelName;\n\t\t}\n\t}\n\n\n\t$panelName = `sceneUIReplacement -getNextScriptedPanel \"hyperShadePanel\" (localizedPanelLabel(\"Hypershade\")) `;\n\tif (\"\" != $panelName) {\n\t\t$label = `panel -q -label $panelName`;\n\t\tscriptedPanel -edit -l (localizedPanelLabel(\"Hypershade\")) -mbv $menusOkayInPanels  $panelName;\n\t\tif (!$useSceneConfig) {\n\t\t\tpanel -e -l $label $panelName;\n\t\t}\n\t}\n\n\n\t$panelName = `sceneUIReplacement -getNextScriptedPanel \"visorPanel\" (localizedPanelLabel(\"Visor\")) `;\n\tif (\"\" != $panelName) {\n\t\t$label = `panel -q -label $panelName`;\n\t\tscriptedPanel -edit -l (localizedPanelLabel(\"Visor\")) -mbv $menusOkayInPanels  $panelName;\n\t\tif (!$useSceneConfig) {\n"
		+ "\t\t\tpanel -e -l $label $panelName;\n\t\t}\n\t}\n\n\n\t$panelName = `sceneUIReplacement -getNextScriptedPanel \"nodeEditorPanel\" (localizedPanelLabel(\"Node Editor\")) `;\n\tif ($nodeEditorPanelVisible || $nodeEditorWorkspaceControlOpen) {\n\t\tif (\"\" == $panelName) {\n\t\t\tif ($useSceneConfig) {\n\t\t\t\t$panelName = `scriptedPanel -unParent  -type \"nodeEditorPanel\" -l (localizedPanelLabel(\"Node Editor\")) -mbv $menusOkayInPanels `;\n\n\t\t\t$editorName = ($panelName+\"NodeEditorEd\");\n            nodeEditor -e \n                -allAttributes 0\n                -allNodes 0\n                -autoSizeNodes 1\n                -consistentNameSize 1\n                -createNodeCommand \"nodeEdCreateNodeCommand\" \n                -connectNodeOnCreation 0\n                -connectOnDrop 0\n                -copyConnectionsOnPaste 0\n                -connectionStyle \"bezier\" \n                -defaultPinnedState 0\n                -additiveGraphingMode 0\n                -connectedGraphingMode 1\n                -settingsChangedCallback \"nodeEdSyncControls\" \n                -traversalDepthLimit -1\n"
		+ "                -keyPressCommand \"nodeEdKeyPressCommand\" \n                -nodeTitleMode \"name\" \n                -gridSnap 0\n                -gridVisibility 1\n                -crosshairOnEdgeDragging 0\n                -popupMenuScript \"nodeEdBuildPanelMenus\" \n                -showNamespace 1\n                -showShapes 1\n                -showSGShapes 0\n                -showTransforms 1\n                -useAssets 1\n                -syncedSelection 1\n                -extendToShapes 1\n                -showUnitConversions 0\n                -editorMode \"default\" \n                -hasWatchpoint 0\n                $editorName;\n\t\t\t}\n\t\t} else {\n\t\t\t$label = `panel -q -label $panelName`;\n\t\t\tscriptedPanel -edit -l (localizedPanelLabel(\"Node Editor\")) -mbv $menusOkayInPanels  $panelName;\n\n\t\t\t$editorName = ($panelName+\"NodeEditorEd\");\n            nodeEditor -e \n                -allAttributes 0\n                -allNodes 0\n                -autoSizeNodes 1\n                -consistentNameSize 1\n                -createNodeCommand \"nodeEdCreateNodeCommand\" \n"
		+ "                -connectNodeOnCreation 0\n                -connectOnDrop 0\n                -copyConnectionsOnPaste 0\n                -connectionStyle \"bezier\" \n                -defaultPinnedState 0\n                -additiveGraphingMode 0\n                -connectedGraphingMode 1\n                -settingsChangedCallback \"nodeEdSyncControls\" \n                -traversalDepthLimit -1\n                -keyPressCommand \"nodeEdKeyPressCommand\" \n                -nodeTitleMode \"name\" \n                -gridSnap 0\n                -gridVisibility 1\n                -crosshairOnEdgeDragging 0\n                -popupMenuScript \"nodeEdBuildPanelMenus\" \n                -showNamespace 1\n                -showShapes 1\n                -showSGShapes 0\n                -showTransforms 1\n                -useAssets 1\n                -syncedSelection 1\n                -extendToShapes 1\n                -showUnitConversions 0\n                -editorMode \"default\" \n                -hasWatchpoint 0\n                $editorName;\n\t\t\tif (!$useSceneConfig) {\n"
		+ "\t\t\t\tpanel -e -l $label $panelName;\n\t\t\t}\n\t\t}\n\t}\n\n\n\t$panelName = `sceneUIReplacement -getNextScriptedPanel \"createNodePanel\" (localizedPanelLabel(\"Create Node\")) `;\n\tif (\"\" != $panelName) {\n\t\t$label = `panel -q -label $panelName`;\n\t\tscriptedPanel -edit -l (localizedPanelLabel(\"Create Node\")) -mbv $menusOkayInPanels  $panelName;\n\t\tif (!$useSceneConfig) {\n\t\t\tpanel -e -l $label $panelName;\n\t\t}\n\t}\n\n\n\t$panelName = `sceneUIReplacement -getNextScriptedPanel \"polyTexturePlacementPanel\" (localizedPanelLabel(\"UV Editor\")) `;\n\tif (\"\" != $panelName) {\n\t\t$label = `panel -q -label $panelName`;\n\t\tscriptedPanel -edit -l (localizedPanelLabel(\"UV Editor\")) -mbv $menusOkayInPanels  $panelName;\n\t\tif (!$useSceneConfig) {\n\t\t\tpanel -e -l $label $panelName;\n\t\t}\n\t}\n\n\n\t$panelName = `sceneUIReplacement -getNextScriptedPanel \"renderWindowPanel\" (localizedPanelLabel(\"Render View\")) `;\n\tif (\"\" != $panelName) {\n\t\t$label = `panel -q -label $panelName`;\n\t\tscriptedPanel -edit -l (localizedPanelLabel(\"Render View\")) -mbv $menusOkayInPanels  $panelName;\n"
		+ "\t\tif (!$useSceneConfig) {\n\t\t\tpanel -e -l $label $panelName;\n\t\t}\n\t}\n\n\n\t$panelName = `sceneUIReplacement -getNextPanel \"shapePanel\" (localizedPanelLabel(\"Shape Editor\")) `;\n\tif (\"\" != $panelName) {\n\t\t$label = `panel -q -label $panelName`;\n\t\tshapePanel -edit -l (localizedPanelLabel(\"Shape Editor\")) -mbv $menusOkayInPanels  $panelName;\n\t\tif (!$useSceneConfig) {\n\t\t\tpanel -e -l $label $panelName;\n\t\t}\n\t}\n\n\n\t$panelName = `sceneUIReplacement -getNextPanel \"posePanel\" (localizedPanelLabel(\"Pose Editor\")) `;\n\tif (\"\" != $panelName) {\n\t\t$label = `panel -q -label $panelName`;\n\t\tposePanel -edit -l (localizedPanelLabel(\"Pose Editor\")) -mbv $menusOkayInPanels  $panelName;\n\t\tif (!$useSceneConfig) {\n\t\t\tpanel -e -l $label $panelName;\n\t\t}\n\t}\n\n\n\t$panelName = `sceneUIReplacement -getNextScriptedPanel \"dynRelEdPanel\" (localizedPanelLabel(\"Dynamic Relationships\")) `;\n\tif (\"\" != $panelName) {\n\t\t$label = `panel -q -label $panelName`;\n\t\tscriptedPanel -edit -l (localizedPanelLabel(\"Dynamic Relationships\")) -mbv $menusOkayInPanels  $panelName;\n"
		+ "\t\tif (!$useSceneConfig) {\n\t\t\tpanel -e -l $label $panelName;\n\t\t}\n\t}\n\n\n\t$panelName = `sceneUIReplacement -getNextScriptedPanel \"relationshipPanel\" (localizedPanelLabel(\"Relationship Editor\")) `;\n\tif (\"\" != $panelName) {\n\t\t$label = `panel -q -label $panelName`;\n\t\tscriptedPanel -edit -l (localizedPanelLabel(\"Relationship Editor\")) -mbv $menusOkayInPanels  $panelName;\n\t\tif (!$useSceneConfig) {\n\t\t\tpanel -e -l $label $panelName;\n\t\t}\n\t}\n\n\n\t$panelName = `sceneUIReplacement -getNextScriptedPanel \"referenceEditorPanel\" (localizedPanelLabel(\"Reference Editor\")) `;\n\tif (\"\" != $panelName) {\n\t\t$label = `panel -q -label $panelName`;\n\t\tscriptedPanel -edit -l (localizedPanelLabel(\"Reference Editor\")) -mbv $menusOkayInPanels  $panelName;\n\t\tif (!$useSceneConfig) {\n\t\t\tpanel -e -l $label $panelName;\n\t\t}\n\t}\n\n\n\t$panelName = `sceneUIReplacement -getNextScriptedPanel \"dynPaintScriptedPanelType\" (localizedPanelLabel(\"Paint Effects\")) `;\n\tif (\"\" != $panelName) {\n\t\t$label = `panel -q -label $panelName`;\n\t\tscriptedPanel -edit -l (localizedPanelLabel(\"Paint Effects\")) -mbv $menusOkayInPanels  $panelName;\n"
		+ "\t\tif (!$useSceneConfig) {\n\t\t\tpanel -e -l $label $panelName;\n\t\t}\n\t}\n\n\n\t$panelName = `sceneUIReplacement -getNextScriptedPanel \"scriptEditorPanel\" (localizedPanelLabel(\"Script Editor\")) `;\n\tif (\"\" != $panelName) {\n\t\t$label = `panel -q -label $panelName`;\n\t\tscriptedPanel -edit -l (localizedPanelLabel(\"Script Editor\")) -mbv $menusOkayInPanels  $panelName;\n\t\tif (!$useSceneConfig) {\n\t\t\tpanel -e -l $label $panelName;\n\t\t}\n\t}\n\n\n\t$panelName = `sceneUIReplacement -getNextScriptedPanel \"profilerPanel\" (localizedPanelLabel(\"Profiler Tool\")) `;\n\tif (\"\" != $panelName) {\n\t\t$label = `panel -q -label $panelName`;\n\t\tscriptedPanel -edit -l (localizedPanelLabel(\"Profiler Tool\")) -mbv $menusOkayInPanels  $panelName;\n\t\tif (!$useSceneConfig) {\n\t\t\tpanel -e -l $label $panelName;\n\t\t}\n\t}\n\n\n\t$panelName = `sceneUIReplacement -getNextScriptedPanel \"contentBrowserPanel\" (localizedPanelLabel(\"Content Browser\")) `;\n\tif (\"\" != $panelName) {\n\t\t$label = `panel -q -label $panelName`;\n\t\tscriptedPanel -edit -l (localizedPanelLabel(\"Content Browser\")) -mbv $menusOkayInPanels  $panelName;\n"
		+ "\t\tif (!$useSceneConfig) {\n\t\t\tpanel -e -l $label $panelName;\n\t\t}\n\t}\n\n\n\tif ($useSceneConfig) {\n        string $configName = `getPanel -cwl (localizedPanelLabel(\"Current Layout\"))`;\n        if (\"\" != $configName) {\n\t\t\tpanelConfiguration -edit -label (localizedPanelLabel(\"Current Layout\")) \n\t\t\t\t-userCreated false\n\t\t\t\t-defaultImage \"vacantCell.xP:/\"\n\t\t\t\t-image \"\"\n\t\t\t\t-sc false\n\t\t\t\t-configString \"global string $gMainPane; paneLayout -e -cn \\\"single\\\" -ps 1 100 100 $gMainPane;\"\n\t\t\t\t-removeAllPanels\n\t\t\t\t-ap false\n\t\t\t\t\t(localizedPanelLabel(\"Persp View\")) \n\t\t\t\t\t\"modelPanel\"\n"
		+ "\t\t\t\t\t\"$panelName = `modelPanel -unParent -l (localizedPanelLabel(\\\"Persp View\\\")) -mbv $menusOkayInPanels `;\\n$editorName = $panelName;\\nmodelEditor -e \\n    -cam `findStartUpCamera persp` \\n    -useInteractiveMode 0\\n    -displayLights \\\"default\\\" \\n    -displayAppearance \\\"smoothShaded\\\" \\n    -activeOnly 0\\n    -ignorePanZoom 0\\n    -wireframeOnShaded 0\\n    -headsUpDisplay 1\\n    -holdOuts 1\\n    -selectionHiliteDisplay 1\\n    -useDefaultMaterial 0\\n    -bufferMode \\\"double\\\" \\n    -twoSidedLighting 0\\n    -backfaceCulling 0\\n    -xray 0\\n    -jointXray 0\\n    -activeComponentsXray 0\\n    -displayTextures 0\\n    -smoothWireframe 0\\n    -lineWidth 1\\n    -textureAnisotropic 0\\n    -textureHilight 1\\n    -textureSampling 2\\n    -textureDisplay \\\"modulate\\\" \\n    -textureMaxSize 32768\\n    -fogging 0\\n    -fogSource \\\"fragment\\\" \\n    -fogMode \\\"linear\\\" \\n    -fogStart 0\\n    -fogEnd 100\\n    -fogDensity 0.1\\n    -fogColor 0.5 0.5 0.5 1 \\n    -depthOfFieldPreview 1\\n    -maxConstantTransparency 1\\n    -rendererName \\\"vp2Renderer\\\" \\n    -objectFilterShowInHUD 1\\n    -isFiltered 0\\n    -colorResolution 256 256 \\n    -bumpResolution 512 512 \\n    -textureCompression 0\\n    -transparencyAlgorithm \\\"frontAndBackCull\\\" \\n    -transpInShadows 0\\n    -cullingOverride \\\"none\\\" \\n    -lowQualityLighting 0\\n    -maximumNumHardwareLights 1\\n    -occlusionCulling 0\\n    -shadingModel 0\\n    -useBaseRenderer 0\\n    -useReducedRenderer 0\\n    -smallObjectCulling 0\\n    -smallObjectThreshold -1 \\n    -interactiveDisableShadows 0\\n    -interactiveBackFaceCull 0\\n    -sortTransparent 1\\n    -controllers 1\\n    -nurbsCurves 1\\n    -nurbsSurfaces 1\\n    -polymeshes 1\\n    -subdivSurfaces 1\\n    -planes 1\\n    -lights 1\\n    -cameras 1\\n    -controlVertices 1\\n    -hulls 1\\n    -grid 1\\n    -imagePlane 1\\n    -joints 1\\n    -ikHandles 1\\n    -deformers 1\\n    -dynamics 1\\n    -particleInstancers 1\\n    -fluids 1\\n    -hairSystems 1\\n    -follicles 1\\n    -nCloths 1\\n    -nParticles 1\\n    -nRigids 1\\n    -dynamicConstraints 1\\n    -locators 1\\n    -manipulators 1\\n    -pluginShapes 1\\n    -dimensions 1\\n    -handles 1\\n    -pivots 1\\n    -textures 1\\n    -strokes 1\\n    -motionTrails 1\\n    -clipGhosts 1\\n    -greasePencils 0\\n    -shadows 0\\n    -captureSequenceNumber -1\\n    -width 1117\\n    -height 726\\n    -sceneRenderFilter 0\\n    $editorName;\\nmodelEditor -e -viewSelected 0 $editorName;\\nmodelEditor -e \\n    -pluginObjects \\\"gpuCacheDisplayFilter\\\" 1 \\n    $editorName\"\n"
		+ "\t\t\t\t\t\"modelPanel -edit -l (localizedPanelLabel(\\\"Persp View\\\")) -mbv $menusOkayInPanels  $panelName;\\n$editorName = $panelName;\\nmodelEditor -e \\n    -cam `findStartUpCamera persp` \\n    -useInteractiveMode 0\\n    -displayLights \\\"default\\\" \\n    -displayAppearance \\\"smoothShaded\\\" \\n    -activeOnly 0\\n    -ignorePanZoom 0\\n    -wireframeOnShaded 0\\n    -headsUpDisplay 1\\n    -holdOuts 1\\n    -selectionHiliteDisplay 1\\n    -useDefaultMaterial 0\\n    -bufferMode \\\"double\\\" \\n    -twoSidedLighting 0\\n    -backfaceCulling 0\\n    -xray 0\\n    -jointXray 0\\n    -activeComponentsXray 0\\n    -displayTextures 0\\n    -smoothWireframe 0\\n    -lineWidth 1\\n    -textureAnisotropic 0\\n    -textureHilight 1\\n    -textureSampling 2\\n    -textureDisplay \\\"modulate\\\" \\n    -textureMaxSize 32768\\n    -fogging 0\\n    -fogSource \\\"fragment\\\" \\n    -fogMode \\\"linear\\\" \\n    -fogStart 0\\n    -fogEnd 100\\n    -fogDensity 0.1\\n    -fogColor 0.5 0.5 0.5 1 \\n    -depthOfFieldPreview 1\\n    -maxConstantTransparency 1\\n    -rendererName \\\"vp2Renderer\\\" \\n    -objectFilterShowInHUD 1\\n    -isFiltered 0\\n    -colorResolution 256 256 \\n    -bumpResolution 512 512 \\n    -textureCompression 0\\n    -transparencyAlgorithm \\\"frontAndBackCull\\\" \\n    -transpInShadows 0\\n    -cullingOverride \\\"none\\\" \\n    -lowQualityLighting 0\\n    -maximumNumHardwareLights 1\\n    -occlusionCulling 0\\n    -shadingModel 0\\n    -useBaseRenderer 0\\n    -useReducedRenderer 0\\n    -smallObjectCulling 0\\n    -smallObjectThreshold -1 \\n    -interactiveDisableShadows 0\\n    -interactiveBackFaceCull 0\\n    -sortTransparent 1\\n    -controllers 1\\n    -nurbsCurves 1\\n    -nurbsSurfaces 1\\n    -polymeshes 1\\n    -subdivSurfaces 1\\n    -planes 1\\n    -lights 1\\n    -cameras 1\\n    -controlVertices 1\\n    -hulls 1\\n    -grid 1\\n    -imagePlane 1\\n    -joints 1\\n    -ikHandles 1\\n    -deformers 1\\n    -dynamics 1\\n    -particleInstancers 1\\n    -fluids 1\\n    -hairSystems 1\\n    -follicles 1\\n    -nCloths 1\\n    -nParticles 1\\n    -nRigids 1\\n    -dynamicConstraints 1\\n    -locators 1\\n    -manipulators 1\\n    -pluginShapes 1\\n    -dimensions 1\\n    -handles 1\\n    -pivots 1\\n    -textures 1\\n    -strokes 1\\n    -motionTrails 1\\n    -clipGhosts 1\\n    -greasePencils 0\\n    -shadows 0\\n    -captureSequenceNumber -1\\n    -width 1117\\n    -height 726\\n    -sceneRenderFilter 0\\n    $editorName;\\nmodelEditor -e -viewSelected 0 $editorName;\\nmodelEditor -e \\n    -pluginObjects \\\"gpuCacheDisplayFilter\\\" 1 \\n    $editorName\"\n"
		+ "\t\t\t\t$configName;\n\n            setNamedPanelLayout (localizedPanelLabel(\"Current Layout\"));\n        }\n\n        panelHistory -e -clear mainPanelHistory;\n        sceneUIReplacement -clear;\n\t}\n\n\ngrid -spacing 500 -size 2000 -divisions 5 -displayAxes yes -displayGridLines yes -displayDivisionLines yes -displayPerspectiveLabels no -displayOrthographicLabels no -displayAxesBold yes -perspectiveLabelPosition axis -orthographicLabelPosition edge;\nviewManip -drawCompass 0 -compassAngle 0 -frontParameters \"\" -homeParameters \"\" -selectionLockParameters \"\";\n}\n");
	setAttr ".st" 3;
createNode script -n "sceneConfigurationScriptNode";
	rename -uid "295F07DB-49E5-4705-E937-00A500165B39";
	setAttr ".b" -type "string" "playbackOptions -min 100 -max 160 -ast 0 -aet 250 ";
	setAttr ".st" 6;
select -ne :time1;
	setAttr ".o" 100;
	setAttr ".unw" 100;
select -ne :hardwareRenderingGlobals;
	setAttr ".otfna" -type "stringArray" 22 "NURBS Curves" "NURBS Surfaces" "Polygons" "Subdiv Surface" "Particles" "Particle Instance" "Fluids" "Strokes" "Image Planes" "UI" "Lights" "Cameras" "Locators" "Joints" "IK Handles" "Deformers" "Motion Trails" "Components" "Hair Systems" "Follicles" "Misc. UI" "Ornaments"  ;
	setAttr ".otfva" -type "Int32Array" 22 0 1 1 1 1 1
		 1 1 1 0 0 0 0 0 0 0 0 0
		 0 0 0 0 ;
	setAttr ".fprt" yes;
select -ne :renderPartition;
	setAttr -s 2 ".st";
select -ne :renderGlobalsList1;
select -ne :defaultShaderList1;
	setAttr -s 5 ".s";
select -ne :postProcessList1;
	setAttr -s 2 ".p";
select -ne :defaultRenderingList1;
select -ne :initialShadingGroup;
	setAttr -s 21 ".dsm";
	setAttr ".ro" yes;
select -ne :initialParticleSE;
	setAttr ".ro" yes;
select -ne :defaultRenderGlobals;
	addAttr -ci true -h true -sn "dss" -ln "defaultSurfaceShader" -dt "string";
	setAttr ".ren" -type "string" "arnold";
	setAttr ".dss" -type "string" "lambert1";
select -ne :defaultResolution;
	setAttr ".pa" 1;
select -ne :defaultColorMgtGlobals;
	setAttr ".cfe" yes;
	setAttr ".cfp" -type "string" "<MAYA_RESOURCES>/OCIO-configs/Maya2022-default/config.ocio";
	setAttr ".vtn" -type "string" "ACES 1.0 SDR-video (sRGB)";
	setAttr ".vn" -type "string" "ACES 1.0 SDR-video";
	setAttr ".dn" -type "string" "sRGB";
	setAttr ".wsn" -type "string" "ACEScg";
	setAttr ".otn" -type "string" "ACES 1.0 SDR-video (sRGB)";
	setAttr ".potn" -type "string" "ACES 1.0 SDR-video (sRGB)";
select -ne :hardwareRenderGlobals;
	setAttr ".ctrs" 256;
	setAttr ".btrs" 512;
select -ne :ikSystem;
	setAttr -s 4 ".sol";
connectAttr "polyExtrudeFace1.out" "pCubeShape1.i";
connectAttr "polyCylinder1.out" "pCylinderShape1.i";
connectAttr "polySoftEdge9.out" "pCubeShape2.i";
connectAttr "polySplitRing22.out" "pCubeShape3.i";
connectAttr "polyCylinder2.out" "pCylinderShape5.i";
connectAttr "polyBevel2.out" "|pCube6|pCubeShape6.i";
connectAttr "polyBevel3.out" "pCylinderShape7.i";
relationship "link" ":lightLinker1" ":initialShadingGroup.message" ":defaultLightSet.message";
relationship "link" ":lightLinker1" ":initialParticleSE.message" ":defaultLightSet.message";
relationship "shadowLink" ":lightLinker1" ":initialShadingGroup.message" ":defaultLightSet.message";
relationship "shadowLink" ":lightLinker1" ":initialParticleSE.message" ":defaultLightSet.message";
connectAttr "layerManager.dli[0]" "defaultLayer.id";
connectAttr "renderLayerManager.rlmi[0]" "defaultRenderLayer.rlid";
connectAttr "polySurfaceShape1.o" "polyExtrudeFace1.ip";
connectAttr "pCubeShape1.wm" "polyExtrudeFace1.mp";
connectAttr "polyCube1.out" "polySplitRing1.ip";
connectAttr "pCubeShape2.wm" "polySplitRing1.mp";
connectAttr "polyTweak1.out" "polyExtrudeFace2.ip";
connectAttr "pCubeShape2.wm" "polyExtrudeFace2.mp";
connectAttr "polySplitRing1.out" "polyTweak1.ip";
connectAttr "polyTweak2.out" "polySplitRing17.ip";
connectAttr "pCubeShape2.wm" "polySplitRing17.mp";
connectAttr "polyExtrudeFace2.out" "polyTweak2.ip";
connectAttr "polyTweak3.out" "polySplitRing18.ip";
connectAttr "pCubeShape2.wm" "polySplitRing18.mp";
connectAttr "polySplitRing17.out" "polyTweak3.ip";
connectAttr "polyCube2.out" "polySplitRing21.ip";
connectAttr "pCubeShape3.wm" "polySplitRing21.mp";
connectAttr "polySplitRing21.out" "polySplitRing22.ip";
connectAttr "pCubeShape3.wm" "polySplitRing22.mp";
connectAttr "polyCube4.out" "polySplitRing23.ip";
connectAttr "|pCube6|pCubeShape6.wm" "polySplitRing23.mp";
connectAttr "|pCylinder7|polySurfaceShape3.o" "polyBevel1.ip";
connectAttr "pCylinderShape7.wm" "polyBevel1.mp";
connectAttr "polySplitRing23.out" "polyTweak4.ip";
connectAttr "polyTweak4.out" "polySplit1.ip";
connectAttr "polySplit1.out" "polySplit2.ip";
connectAttr "polySplit2.out" "polyBevel2.ip";
connectAttr "|pCube6|pCubeShape6.wm" "polyBevel2.mp";
connectAttr "polyBevel1.out" "polyBevel3.ip";
connectAttr "pCylinderShape7.wm" "polyBevel3.mp";
connectAttr "polyTweak5.out" "polyExtrudeFace3.ip";
connectAttr "pCubeShape2.wm" "polyExtrudeFace3.mp";
connectAttr "polySplitRing18.out" "polyTweak5.ip";
connectAttr "polyTweak6.out" "polySoftEdge1.ip";
connectAttr "pCubeShape2.wm" "polySoftEdge1.mp";
connectAttr "polyExtrudeFace3.out" "polyTweak6.ip";
connectAttr "polySoftEdge1.out" "polyBevel4.ip";
connectAttr "pCubeShape2.wm" "polyBevel4.mp";
connectAttr "polyBevel4.out" "polySoftEdge2.ip";
connectAttr "pCubeShape2.wm" "polySoftEdge2.mp";
connectAttr "polySoftEdge2.out" "polySplit3.ip";
connectAttr "polyTweak7.out" "polyMergeVert1.ip";
connectAttr "pCubeShape2.wm" "polyMergeVert1.mp";
connectAttr "polySplit3.out" "polyTweak7.ip";
connectAttr "polyTweak8.out" "polyMergeVert2.ip";
connectAttr "pCubeShape2.wm" "polyMergeVert2.mp";
connectAttr "polyMergeVert1.out" "polyTweak8.ip";
connectAttr "polyTweak9.out" "polyMergeVert3.ip";
connectAttr "pCubeShape2.wm" "polyMergeVert3.mp";
connectAttr "polyMergeVert2.out" "polyTweak9.ip";
connectAttr "polyTweak10.out" "polyMergeVert4.ip";
connectAttr "pCubeShape2.wm" "polyMergeVert4.mp";
connectAttr "polyMergeVert3.out" "polyTweak10.ip";
connectAttr "polyTweak11.out" "polyMergeVert5.ip";
connectAttr "pCubeShape2.wm" "polyMergeVert5.mp";
connectAttr "polyMergeVert4.out" "polyTweak11.ip";
connectAttr "polyTweak12.out" "polyMergeVert6.ip";
connectAttr "pCubeShape2.wm" "polyMergeVert6.mp";
connectAttr "polyMergeVert5.out" "polyTweak12.ip";
connectAttr "polyTweak13.out" "polyMergeVert7.ip";
connectAttr "pCubeShape2.wm" "polyMergeVert7.mp";
connectAttr "polyMergeVert6.out" "polyTweak13.ip";
connectAttr "polyMergeVert7.out" "polySoftEdge3.ip";
connectAttr "pCubeShape2.wm" "polySoftEdge3.mp";
connectAttr "polySoftEdge3.out" "polySoftEdge4.ip";
connectAttr "pCubeShape2.wm" "polySoftEdge4.mp";
connectAttr "polySoftEdge4.out" "polySoftEdge5.ip";
connectAttr "pCubeShape2.wm" "polySoftEdge5.mp";
connectAttr "polySoftEdge5.out" "polySoftEdge6.ip";
connectAttr "pCubeShape2.wm" "polySoftEdge6.mp";
connectAttr "polyTweak14.out" "polyMergeVert8.ip";
connectAttr "pCubeShape2.wm" "polyMergeVert8.mp";
connectAttr "polySoftEdge6.out" "polyTweak14.ip";
connectAttr "polyTweak15.out" "polyMergeVert9.ip";
connectAttr "pCubeShape2.wm" "polyMergeVert9.mp";
connectAttr "polyMergeVert8.out" "polyTweak15.ip";
connectAttr "polyMergeVert9.out" "polySoftEdge7.ip";
connectAttr "pCubeShape2.wm" "polySoftEdge7.mp";
connectAttr "polySoftEdge7.out" "polySoftEdge8.ip";
connectAttr "pCubeShape2.wm" "polySoftEdge8.mp";
connectAttr "polySoftEdge8.out" "polySoftEdge9.ip";
connectAttr "pCubeShape2.wm" "polySoftEdge9.mp";
connectAttr "defaultRenderLayer.msg" ":defaultRenderingList1.r" -na;
connectAttr "pCubeShape1.iog" ":initialShadingGroup.dsm" -na;
connectAttr "pCylinderShape1.iog" ":initialShadingGroup.dsm" -na;
connectAttr "pCylinderShape2.iog" ":initialShadingGroup.dsm" -na;
connectAttr "pCylinderShape3.iog" ":initialShadingGroup.dsm" -na;
connectAttr "pCylinderShape4.iog" ":initialShadingGroup.dsm" -na;
connectAttr "pCubeShape2.iog" ":initialShadingGroup.dsm" -na;
connectAttr "pCubeShape3.iog" ":initialShadingGroup.dsm" -na;
connectAttr "pCylinderShape5.iog" ":initialShadingGroup.dsm" -na;
connectAttr "pCylinderShape6.iog" ":initialShadingGroup.dsm" -na;
connectAttr "|pCube6|pCubeShape6.iog" ":initialShadingGroup.dsm" -na;
connectAttr "|pCube7|pCubeShape6.iog" ":initialShadingGroup.dsm" -na;
connectAttr "|pCube8|pCubeShape6.iog" ":initialShadingGroup.dsm" -na;
connectAttr "|pCube9|pCubeShape6.iog" ":initialShadingGroup.dsm" -na;
connectAttr "pCylinderShape7.iog" ":initialShadingGroup.dsm" -na;
connectAttr "pCylinderShape8.iog" ":initialShadingGroup.dsm" -na;
connectAttr "pCylinderShape9.iog" ":initialShadingGroup.dsm" -na;
connectAttr "pCylinderShape10.iog" ":initialShadingGroup.dsm" -na;
connectAttr "pCylinderShape11.iog" ":initialShadingGroup.dsm" -na;
connectAttr "pCylinderShape12.iog" ":initialShadingGroup.dsm" -na;
connectAttr "pCylinderShape13.iog" ":initialShadingGroup.dsm" -na;
connectAttr "pCylinderShape14.iog" ":initialShadingGroup.dsm" -na;
// End of Computer.ma.01
